trades,win_rate,total_r,pf,max_dd_r,decline_bars,drop_atr_cap,spike_atr,use_down_d1,rr
42,28.57142857142857,-12.574454172838227,0.5861097486812774,18.36514053687624,18,2.5,1.5,True,1.5
42,26.190476190476193,-9.574454172838234,0.6949864093368716,18.365140536876247,18,2.5,1.5,True,2.0
114,39.473684210526315,-3.8701060410431056,0.9450318380279736,11.063888549507718,18,2.5,1.5,False,1.5
112,35.714285714285715,5.653798354098075,1.0769819922666917,11.744888296683573,18,2.5,1.5,False,2.0
25,36.0,-2.7854056531046223,0.8279278623683575,6.674259388823312,18,2.5,1.8,True,1.5
25,32.0,-1.2854056531046285,0.9252521313132328,7.174259388823315,18,2.5,1.8,True,2.0
64,45.3125,7.257967861632488,1.2037233503796918,7.138119156178422,18,2.5,1.8,False,1.5
63,42.857142857142854,16.77366331772488,1.457850086647388,7.138119156178419,18,2.5,1.8,False,2.0
9,55.55555555555556,3.4173389557943556,1.8467560779535985,2.024237756537853,18,2.5,2.2,True,1.5
9,55.55555555555556,5.917338955794358,2.466211807182521,2.024237756537853,18,2.5,2.2,True,2.0
29,48.275862068965516,5.398288366537275,1.3528270767207662,5.106651582369185,18,2.5,2.2,False,1.5
29,48.275862068965516,12.398288366537265,1.8103405271609108,5.106651582369185,18,2.5,2.2,False,2.0
2,0.0,-2.0115631603604642,0.0,1.0074740799574178,18,2.5,2.5,True,1.5
2,0.0,-2.0115631603604642,0.0,1.0074740799574178,18,2.5,2.5,True,2.0
15,33.33333333333333,-2.8177799610241934,0.7241077886551991,7.233233512008627,18,2.5,2.5,False,1.5
15,33.33333333333333,-0.3177799610241978,0.9688857833540119,6.233233512008622,18,2.5,2.5,False,2.0
5,20.0,-2.550779413475525,0.36894279074228065,3.0186689939989897,18,2.5,3.0,False,1.5
5,20.0,-2.050779413475525,0.4926416895815735,3.0186689939989897,18,2.5,3.0,False,2.0
41,29.268292682926827,-11.554908163381528,0.6064617100742911,17.345594527419546,18,3.0,1.5,True,1.5
41,26.82926829268293,-8.554908163381539,0.718317133589974,17.345594527419554,18,3.0,1.5,True,2.0
109,38.53211009174312,-6.205876142236915,0.9091610019628428,12.482280245404443,18,3.0,1.5,False,1.5
107,34.57943925233645,1.8180282529042737,1.0254789529341235,13.709747836384949,18,3.0,1.5,False,2.0
25,36.0,-2.7854056531046223,0.8279278623683575,6.674259388823312,18,3.0,1.8,True,1.5
25,32.0,-1.2854056531046285,0.9252521313132328,7.174259388823315,18,3.0,1.8,True,2.0
61,42.62295081967213,2.833188730110997,1.0795245599539447,8.171355780311035,18,3.0,1.8,False,1.5
60,40.0,10.848884186203396,1.2961286673395822,8.171355780311034,18,3.0,1.8,False,2.0
9,55.55555555555556,3.4173389557943556,1.8467560779535985,2.024237756537853,18,3.0,2.2,True,1.5
9,55.55555555555556,5.917338955794358,2.466211807182521,2.024237756537853,18,3.0,2.2,True,2.0
29,48.275862068965516,5.398288366537275,1.3528270767207662,5.106651582369185,18,3.0,2.2,False,1.5
29,48.275862068965516,12.398288366537265,1.8103405271609108,5.106651582369185,18,3.0,2.2,False,2.0
2,0.0,-2.0115631603604642,0.0,1.0074740799574178,18,3.0,2.5,True,1.5
2,0.0,-2.0115631603604642,0.0,1.0074740799574178,18,3.0,2.5,True,2.0
15,33.33333333333333,-2.8177799610241934,0.7241077886551991,7.233233512008627,18,3.0,2.5,False,1.5
15,33.33333333333333,-0.3177799610241978,0.9688857833540119,6.233233512008622,18,3.0,2.5,False,2.0
5,20.0,-2.550779413475525,0.36894279074228065,3.0186689939989897,18,3.0,3.0,False,1.5
5,20.0,-2.050779413475525,0.4926416895815735,3.0186689939989897,18,3.0,3.0,False,2.0
38,31.57894736842105,-8.513970541732155,0.6765288389646328,14.30465690577017,18,3.5,1.5,True,1.5
38,28.947368421052634,-5.513970541732167,0.7982430730743533,14.304656905770178,18,3.5,1.5,True,2.0
100,39.0,-4.578820795415784,0.9264196127150002,10.674748356987736,18,3.5,1.5,False,1.5
98,34.69387755102041,1.962624767765609,1.030072092496882,10.080340477921645,18,3.5,1.5,False,2.0
25,36.0,-2.7854056531046223,0.8279278623683575,6.674259388823312,18,3.5,1.8,True,1.5
25,32.0,-1.2854056531046285,0.9252521313132328,7.174259388823315,18,3.5,1.8,True,2.0
58,41.37931034482759,0.8736337557609806,1.0252450666943795,8.171355780311035,18,3.5,1.8,False,1.5
57,38.59649122807017,7.906870379893576,1.2220182719571144,8.16971711333986,18,3.5,1.8,False,2.0
9,55.55555555555556,3.4173389557943556,1.8467560779535985,2.024237756537853,18,3.5,2.2,True,1.5
9,55.55555555555556,5.917338955794358,2.466211807182521,2.024237756537853,18,3.5,2.2,True,2.0
28,46.42857142857143,3.9062820048485545,1.2553109369186444,5.106651582369185,18,3.5,2.2,False,1.5
28,46.42857142857143,10.406282004848544,1.6801448551844924,5.106651582369185,18,3.5,2.2,False,2.0
2,0.0,-2.0115631603604642,0.0,1.0074740799574178,18,3.5,2.5,True,1.5
2,0.0,-2.0115631603604642,0.0,1.0074740799574178,18,3.5,2.5,True,2.0
14,28.57142857142857,-4.309786322712915,0.5780236585383843,8.725239873697346,18,3.5,2.5,False,1.5
14,28.57142857142857,-2.3097863227129216,0.7738460542974341,8.225239873697346,18,3.5,2.5,False,2.0
5,20.0,-2.550779413475525,0.36894279074228065,3.0186689939989897,18,3.5,3.0,False,1.5
5,20.0,-2.050779413475525,0.4926416895815735,3.0186689939989897,18,3.5,3.0,False,2.0
34,32.35294117647059,-6.960617729070421,0.7010607633587081,11.731554937465475,18,4.0,1.5,True,1.5
34,29.411764705882355,-4.460617729070432,0.8163864648376472,12.231554937465479,18,4.0,1.5,True,2.0
85,40.0,-1.6971925682918994,0.9673701860678495,9.91359848133899,18,4.0,1.5,False,1.5
84,35.714285714285715,4.311016370756898,1.0783104102651333,7.267795185653235,18,4.0,1.5,False,2.0
22,36.36363636363637,-2.2373640881090116,0.841954807107603,5.074732153600274,18,4.0,1.8,True,1.5
22,31.818181818181817,-1.2373640881090173,0.9184098473549972,5.143312572493708,18,4.0,1.8,True,2.0
48,41.66666666666667,1.1691593108156004,1.0410769100308543,7.139621559015885,18,4.0,1.8,False,1.5
48,39.58333333333333,8.169159310815587,1.2771855158831569,7.139621559015885,18,4.0,1.8,False,2.0
8,50.0,1.9344337044603612,1.4793184164165991,2.024237756537853,18,4.0,2.2,True,1.5
8,50.0,3.934433704460364,1.9748829997997377,2.024237756537853,18,4.0,2.2,True,2.0
22,50.0,5.1006340445084914,1.4564196299055021,4.074917361074036,18,4.0,2.2,False,1.5
22,50.0,10.600634044508492,1.9485756917941102,4.074917361074036,18,4.0,2.2,False,2.0
2,0.0,-2.0115631603604642,0.0,1.0074740799574178,18,4.0,2.5,True,1.5
2,0.0,-2.0115631603604642,0.0,1.0074740799574178,18,4.0,2.5,True,2.0
11,36.36363636363637,-1.216740906444303,0.829116406697165,5.632194457428735,18,4.0,2.5,False,1.5
11,36.36363636363637,0.7832590935556896,1.11000380416654,5.132194457428735,18,4.0,2.5,False,2.0
4,25.0,-1.5444848113616065,0.49123930567762336,2.0123743918850714,18,4.0,3.0,False,1.5
4,25.0,-1.0444848113616065,0.6559417004761378,2.0123743918850714,18,4.0,3.0,False,2.0
38,31.57894736842105,-8.511723984987485,0.6765865879291384,15.33435073567705,24,2.5,1.5,True,1.5
38,28.947368421052634,-5.511723984987494,0.7983086954978483,15.334350735677058,24,2.5,1.5,True,2.0
91,42.857142857142854,4.769082538086097,1.0901263907996839,8.982452548882584,24,2.5,1.5,False,1.5
89,37.07865168539326,8.292986933227267,1.1455158769212868,11.627041216117535,24,2.5,1.5,False,2.0
23,39.130434782608695,-0.7475327223767001,0.9471691779570552,6.052357975090311,24,2.5,1.8,True,1.5
23,34.78260869565217,0.7524672776232928,1.0496393680521086,6.168326844746943,24,2.5,1.8,True,2.0
54,50.0,12.54784239741043,1.4576479947337273,6.1063849348832715,24,2.5,1.8,False,1.5
53,45.28301886792453,18.06353785350282,1.6130468381182197,8.177574216713424,24,2.5,1.8,False,2.0
9,55.55555555555556,3.4173389557943556,1.8467560779535985,2.024237756537853,24,2.5,2.2,True,1.5
9,55.55555555555556,5.917338955794358,2.466211807182521,2.024237756537853,24,2.5,2.2,True,2.0
25,56.00000000000001,9.520509426817899,1.8517279844259893,4.074917361074036,24,2.5,2.2,False,1.5
25,56.00000000000001,16.520509426817892,2.4779650505001594,4.074917361074036,24,2.5,2.2,False,2.0
2,0.0,-2.0115631603604642,0.0,1.0074740799574178,24,2.5,2.5,True,1.5
2,0.0,-2.0115631603604642,0.0,1.0074740799574178,24,2.5,2.5,True,2.0
12,41.66666666666667,0.2710687643447305,1.0380474747403496,4.1443847866397014,24,2.5,2.5,False,1.5
12,41.66666666666667,2.7710687643447267,1.3889499001113061,3.144384786639698,24,2.5,2.5,False,2.0
3,33.33333333333333,-0.5369588708700017,0.7352603596054621,1.0048484513934666,24,2.5,3.0,False,1.5
3,33.33333333333333,-0.036958870870001714,0.9817779746004397,1.0048484513934666,24,2.5,3.0,False,2.0
38,31.57894736842105,-8.511723984987485,0.6765865879291384,15.33435073567705,24,3.0,1.5,True,1.5
38,28.947368421052634,-5.511723984987494,0.7983086954978483,15.334350735677058,24,3.0,1.5,True,2.0
91,42.857142857142854,4.769082538086097,1.0901263907996839,8.982452548882584,24,3.0,1.5,False,1.5
89,37.07865168539326,8.292986933227267,1.1455158769212868,11.627041216117535,24,3.0,1.5,False,2.0
23,39.130434782608695,-0.7475327223767001,0.9471691779570552,6.052357975090311,24,3.0,1.8,True,1.5
23,34.78260869565217,0.7524672776232928,1.0496393680521086,6.168326844746943,24,3.0,1.8,True,2.0
54,50.0,12.54784239741043,1.4576479947337273,6.1063849348832715,24,3.0,1.8,False,1.5
53,45.28301886792453,18.06353785350282,1.6130468381182197,8.177574216713424,24,3.0,1.8,False,2.0
9,55.55555555555556,3.4173389557943556,1.8467560779535985,2.024237756537853,24,3.0,2.2,True,1.5
9,55.55555555555556,5.917338955794358,2.466211807182521,2.024237756537853,24,3.0,2.2,True,2.0
25,56.00000000000001,9.520509426817899,1.8517279844259893,4.074917361074036,24,3.0,2.2,False,1.5
25,56.00000000000001,16.520509426817892,2.4779650505001594,4.074917361074036,24,3.0,2.2,False,2.0
2,0.0,-2.0115631603604642,0.0,1.0074740799574178,24,3.0,2.5,True,1.5
2,0.0,-2.0115631603604642,0.0,1.0074740799574178,24,3.0,2.5,True,2.0
12,41.66666666666667,0.2710687643447305,1.0380474747403496,4.1443847866397014,24,3.0,2.5,False,1.5
12,41.66666666666667,2.7710687643447267,1.3889499001113061,3.144384786639698,24,3.0,2.5,False,2.0
3,33.33333333333333,-0.5369588708700017,0.7352603596054621,1.0048484513934666,24,3.0,3.0,False,1.5
3,33.33333333333333,-0.036958870870001714,0.9817779746004397,1.0048484513934666,24,3.0,3.0,False,2.0
37,32.432432432432435,-7.5032032760429175,0.7035464774147192,14.325830026732485,24,3.5,1.5,True,1.5
37,29.72972972972973,-4.50320327604293,0.8288991718738004,14.325830026732492,24,3.5,1.5,True,2.0
87,41.37931034482759,1.3187186615610802,1.025405423681006,10.50632407124057,24,3.5,1.5,False,1.5
86,36.04651162790697,5.326927600609855,1.095154744086767,11.031994817354,24,3.5,1.5,False,2.0
23,39.130434782608695,-0.7475327223767001,0.9471691779570552,6.052357975090311,24,3.5,1.8,True,1.5
23,34.78260869565217,0.7524672776232928,1.0496393680521086,6.168326844746943,24,3.5,1.8,True,2.0
49,46.93877551020408,7.626684597854636,1.2889154113186037,6.106384934883272,24,3.5,1.8,False,1.5
49,42.857142857142854,13.126684597854618,1.4614806330943109,8.177574216713424,24,3.5,1.8,False,2.0
9,55.55555555555556,3.4173389557943556,1.8467560779535985,2.024237756537853,24,3.5,2.2,True,1.5
9,55.55555555555556,5.917338955794358,2.466211807182521,2.024237756537853,24,3.5,2.2,True,2.0
24,54.166666666666664,8.028503065129179,1.7182494577819978,4.074917361074036,24,3.5,2.2,False,1.5
24,54.166666666666664,14.528503065129165,2.299755304850869,4.074917361074036,24,3.5,2.2,False,2.0
2,0.0,-2.0115631603604642,0.0,1.0074740799574178,24,3.5,2.5,True,1.5
2,0.0,-2.0115631603604642,0.0,1.0074740799574178,24,3.5,2.5,True,2.0
11,36.36363636363637,-1.2209375973439893,0.8286280143461621,5.636391148328422,24,3.5,2.5,False,1.5
11,36.36363636363637,0.7790624026560033,1.1093499546429266,5.136391148328422,24,3.5,2.5,False,2.0
3,33.33333333333333,-0.5369588708700017,0.7352603596054621,1.0048484513934666,24,3.5,3.0,False,1.5
3,33.33333333333333,-0.036958870870001714,0.9817779746004397,1.0048484513934666,24,3.5,3.0,False,2.0
36,33.33333333333333,-6.490441348986257,0.7328719745756284,13.313068099675824,24,4.0,1.5,True,1.5
36,30.555555555555557,-3.4904413489862693,0.8620719179634846,13.313068099675831,24,4.0,1.5,True,2.0
84,41.66666666666667,1.8956808734392048,1.0380029325321043,8.481839512792616,24,4.0,1.5,False,1.5
83,36.144578313253014,5.403889812487988,1.1001513205106734,9.007510258906047,24,4.0,1.5,False,2.0
22,40.909090909090914,0.26522920467996003,1.020189795555176,5.068277050565255,24,4.0,1.8,True,1.5
22,36.36363636363637,1.7652292046799531,1.124787181788453,5.155564917690283,24,4.0,1.8,True,2.0
46,47.82608695652174,8.203646809732758,1.336585360044428,6.106384934883272,24,4.0,1.8,False,1.5
46,43.47826086956522,13.203646809732753,1.4997551920674295,8.177574216713426,24,4.0,1.8,False,2.0
9,55.55555555555556,3.4173389557943556,1.8467560779535985,2.024237756537853,24,4.0,2.2,True,1.5
9,55.55555555555556,5.917338955794358,2.466211807182521,2.024237756537853,24,4.0,2.2,True,2.0
22,54.54545454545454,7.592703349950641,1.746861019902624,4.074917361074036,24,4.0,2.2,False,1.5
22,54.54545454545454,13.59270334995064,2.3370547773664763,4.074917361074036,24,4.0,2.2,False,2.0
2,0.0,-2.0115631603604642,0.0,1.0074740799574178,24,4.0,2.5,True,1.5
2,0.0,-2.0115631603604642,0.0,1.0074740799574178,24,4.0,2.5,True,2.0
10,40.0,-0.20921496595269828,0.9657740866994045,4.62466851693713,24,4.0,2.5,False,1.5
10,40.0,1.7907850340472944,1.2929582644157684,4.12466851693713,24,4.0,2.5,False,2.0
3,33.33333333333333,-0.5369588708700017,0.7352603596054621,1.0048484513934666,24,4.0,3.0,False,1.5
3,33.33333333333333,-0.036958870870001714,0.9817779746004397,1.0048484513934666,24,4.0,3.0,False,2.0
36,30.555555555555557,-8.986108527376913,0.6449565033403372,14.325830026732486,36,2.5,1.5,True,1.5
36,27.77777777777778,-6.486108527376926,0.7535579736640746,14.325830026732492,36,2.5,1.5,True,2.0
73,39.726027397260275,-1.7471191125145447,0.9609326377995897,7.338835237671217,36,2.5,1.5,False,1.5
73,35.61643835616438,3.7528808874854604,1.0785726608556798,7.426407835993719,36,2.5,1.5,False,2.0
22,36.36363636363637,-2.2304379737106954,0.842366938410015,6.052357975090311,36,2.5,1.8,True,1.5
22,31.818181818181817,-1.2304379737107016,0.9188294757012758,6.168326844746944,36,2.5,1.8,True,2.0
41,46.34146341463415,5.875781946522226,1.263296575999547,6.100771765828492,36,2.5,1.8,False,1.5
41,43.90243902439025,12.37578194652223,1.5305725561265537,6.100771765828492,36,2.5,1.8,False,2.0
8,50.0,1.9344337044603612,1.4793184164165991,2.024237756537853,36,2.5,2.2,True,1.5
8,50.0,3.934433704460364,1.9748829997997377,2.024237756537853,36,2.5,2.2,True,2.0
19,47.368421052631575,3.18562283986922,1.3133553089981487,4.074917361074036,36,2.5,2.2,False,1.5
19,47.368421052631575,7.685622839869229,1.7559999538204338,4.074917361074036,36,2.5,2.2,False,2.0
2,0.0,-2.0115631603604642,0.0,1.0074740799574178,36,2.5,2.5,True,1.5
2,0.0,-2.0115631603604642,0.0,1.0074740799574178,36,2.5,2.5,True,2.0
9,22.22222222222222,-4.145097393071943,0.4181901085488898,4.596678528684832,36,2.5,2.5,False,1.5
9,22.22222222222222,-3.1450973930719424,0.5585510786972726,4.096678528684832,36,2.5,2.5,False,2.0
3,33.33333333333333,-0.5369588708700017,0.7352603596054621,1.0048484513934666,36,2.5,3.0,False,1.5
3,33.33333333333333,-0.036958870870001714,0.9817779746004397,1.0048484513934666,36,2.5,3.0,False,2.0
36,30.555555555555557,-8.986108527376913,0.6449565033403372,14.325830026732486,36,3.0,1.5,True,1.5
36,27.77777777777778,-6.486108527376926,0.7535579736640746,14.325830026732492,36,3.0,1.5,True,2.0
73,39.726027397260275,-1.7471191125145447,0.9609326377995897,7.338835237671217,36,3.0,1.5,False,1.5
73,35.61643835616438,3.7528808874854604,1.0785726608556798,7.426407835993719,36,3.0,1.5,False,2.0
22,36.36363636363637,-2.2304379737106954,0.842366938410015,6.052357975090311,36,3.0,1.8,True,1.5
22,31.818181818181817,-1.2304379737107016,0.9188294757012758,6.168326844746944,36,3.0,1.8,True,2.0
41,46.34146341463415,5.875781946522226,1.263296575999547,6.100771765828492,36,3.0,1.8,False,1.5
41,43.90243902439025,12.37578194652223,1.5305725561265537,6.100771765828492,36,3.0,1.8,False,2.0
8,50.0,1.9344337044603612,1.4793184164165991,2.024237756537853,36,3.0,2.2,True,1.5
8,50.0,3.934433704460364,1.9748829997997377,2.024237756537853,36,3.0,2.2,True,2.0
19,47.368421052631575,3.18562283986922,1.3133553089981487,4.074917361074036,36,3.0,2.2,False,1.5
19,47.368421052631575,7.685622839869229,1.7559999538204338,4.074917361074036,36,3.0,2.2,False,2.0
2,0.0,-2.0115631603604642,0.0,1.0074740799574178,36,3.0,2.5,True,1.5
2,0.0,-2.0115631603604642,0.0,1.0074740799574178,36,3.0,2.5,True,2.0
9,22.22222222222222,-4.145097393071943,0.4181901085488898,4.596678528684832,36,3.0,2.5,False,1.5
9,22.22222222222222,-3.1450973930719424,0.5585510786972726,4.096678528684832,36,3.0,2.5,False,2.0
3,33.33333333333333,-0.5369588708700017,0.7352603596054621,1.0048484513934666,36,3.0,3.0,False,1.5
3,33.33333333333333,-0.036958870870001714,0.9817779746004397,1.0048484513934666,36,3.0,3.0,False,2.0
36,30.555555555555557,-8.986108527376913,0.6449565033403372,14.325830026732486,36,3.5,1.5,True,1.5
36,27.77777777777778,-6.486108527376926,0.7535579736640746,14.325830026732492,36,3.5,1.5,True,2.0
73,39.726027397260275,-1.7471191125145447,0.9609326377995897,7.338835237671217,36,3.5,1.5,False,1.5
73,35.61643835616438,3.7528808874854604,1.0785726608556798,7.426407835993719,36,3.5,1.5,False,2.0
22,36.36363636363637,-2.2304379737106954,0.842366938410015,6.052357975090311,36,3.5,1.8,True,1.5
22,31.818181818181817,-1.2304379737107016,0.9188294757012758,6.168326844746944,36,3.5,1.8,True,2.0
41,46.34146341463415,5.875781946522226,1.263296575999547,6.100771765828492,36,3.5,1.8,False,1.5
41,43.90243902439025,12.37578194652223,1.5305725561265537,6.100771765828492,36,3.5,1.8,False,2.0
8,50.0,1.9344337044603612,1.4793184164165991,2.024237756537853,36,3.5,2.2,True,1.5
8,50.0,3.934433704460364,1.9748829997997377,2.024237756537853,36,3.5,2.2,True,2.0
19,47.368421052631575,3.18562283986922,1.3133553089981487,4.074917361074036,36,3.5,2.2,False,1.5
19,47.368421052631575,7.685622839869229,1.7559999538204338,4.074917361074036,36,3.5,2.2,False,2.0
2,0.0,-2.0115631603604642,0.0,1.0074740799574178,36,3.5,2.5,True,1.5
2,0.0,-2.0115631603604642,0.0,1.0074740799574178,36,3.5,2.5,True,2.0
9,22.22222222222222,-4.145097393071943,0.4181901085488898,4.596678528684832,36,3.5,2.5,False,1.5
9,22.22222222222222,-3.1450973930719424,0.5585510786972726,4.096678528684832,36,3.5,2.5,False,2.0
3,33.33333333333333,-0.5369588708700017,0.7352603596054621,1.0048484513934666,36,3.5,3.0,False,1.5
3,33.33333333333333,-0.036958870870001714,0.9817779746004397,1.0048484513934666,36,3.5,3.0,False,2.0
36,30.555555555555557,-8.986108527376913,0.6449565033403372,14.325830026732486,36,4.0,1.5,True,1.5
36,27.77777777777778,-6.486108527376926,0.7535579736640746,14.325830026732492,36,4.0,1.5,True,2.0
73,39.726027397260275,-1.7471191125145447,0.9609326377995897,7.338835237671217,36,4.0,1.5,False,1.5
73,35.61643835616438,3.7528808874854604,1.0785726608556798,7.426407835993719,36,4.0,1.5,False,2.0
22,36.36363636363637,-2.2304379737106954,0.842366938410015,6.052357975090311,36,4.0,1.8,True,1.5
22,31.818181818181817,-1.2304379737107016,0.9188294757012758,6.168326844746944,36,4.0,1.8,True,2.0
41,46.34146341463415,5.875781946522226,1.263296575999547,6.100771765828492,36,4.0,1.8,False,1.5
41,43.90243902439025,12.37578194652223,1.5305725561265537,6.100771765828492,36,4.0,1.8,False,2.0
8,50.0,1.9344337044603612,1.4793184164165991,2.024237756537853,36,4.0,2.2,True,1.5
8,50.0,3.934433704460364,1.9748829997997377,2.024237756537853,36,4.0,2.2,True,2.0
19,47.368421052631575,3.18562283986922,1.3133553089981487,4.074917361074036,36,4.0,2.2,False,1.5
19,47.368421052631575,7.685622839869229,1.7559999538204338,4.074917361074036,36,4.0,2.2,False,2.0
2,0.0,-2.0115631603604642,0.0,1.0074740799574178,36,4.0,2.5,True,1.5
2,0.0,-2.0115631603604642,0.0,1.0074740799574178,36,4.0,2.5,True,2.0
9,22.22222222222222,-4.145097393071943,0.4181901085488898,4.596678528684832,36,4.0,2.5,False,1.5
9,22.22222222222222,-3.1450973930719424,0.5585510786972726,4.096678528684832,36,4.0,2.5,False,2.0
3,33.33333333333333,-0.5369588708700017,0.7352603596054621,1.0048484513934666,36,4.0,3.0,False,1.5
3,33.33333333333333,-0.036958870870001714,0.9817779746004397,1.0048484513934666,36,4.0,3.0,False,2.0
