scope,filter_id,filter_desc,rr,max_hold_bars,trades,win_rate,total_r_after_cost,avg_r_after_cost,median_r_after_cost,pf_after_cost,max_dd_r,max_losing_streak,avg_mfe_r,avg_mae_r,avg_bars_held,target_hit_pct,stop_hit_pct,oos_trades,oos_total_r
ALL_H4,BASELINE,B抜け即。除外なし,2.0,120,559,44.72271914132379,60.13657642880962,0.1075788487098562,-0.30891058078616174,1.2199092361326835,34.84200532989804,11,1.060649101686127,0.7908167046855741,69.42397137745975,22.182468694096602,44.72271914132379,47,13.921387666508066
ALL_H4,NO_D1_RESIST_1ATR,D1過去60日高値が1ATR未満にある場所を除外,2.0,120,536,44.58955223880597,51.8386283649489,0.09671385888983004,-0.32265709058757236,1.1958364059895799,34.84200532989806,11,1.0550304764722191,0.7951540456105592,69.40111940298507,21.828358208955223,45.149253731343286,45,11.93328879651292
ALL_H4,BASELINE,B抜け即。除外なし,1.5,120,559,47.40608228980322,49.1440397908514,0.08791420356145152,-0.1103478072666956,1.1873203492541768,35.212314213711,11,0.9327488977576334,0.7683614824557595,61.70304114490161,32.021466905187836,42.93381037567084,47,20.487814808740666
ALL_H4,BASELINE,B抜け即。除外なし,2.0,48,559,48.658318425760285,48.81883790223619,0.08733244705230088,-0.0180412498680646,1.232553761898215,24.655627545299478,8,0.8520621339165629,0.6619196020268765,38.30769230769231,12.164579606440071,28.80143112701252,47,11.115537540670513
ALL_H4,A_ROOM_GE_0_5R,Aが上に残る場合、Aまで0.5R以上,2.0,120,409,45.72127139364303,47.151626502791586,0.11528515037357356,-0.17985944453805583,1.2415425551468895,25.353167964027577,12,1.0497967136504467,0.7823911072056696,70.93398533007336,21.76039119804401,43.27628361858191,38,17.692917043851295
ALL_H4,BREAK_EXT_LE_0_8ATR,Bから0.8ATR以上伸びた飛び乗りを除外,2.0,120,404,44.306930693069305,47.13515033548655,0.11667116419674889,-0.5107789249264255,1.2272917486613164,19.50622155228239,13,1.0909018125079826,0.8145635384641781,63.81683168316832,24.504950495049506,48.01980198019802,34,7.786634606842993
ALL_H4,NO_D1_RESIST_1ATR,D1過去60日高値が1ATR未満にある場所を除外,1.5,120,536,47.38805970149254,43.39901611703742,0.08096831365118921,-0.15704417374615837,1.1711346300087937,39.01826178794118,11,0.9275318801071706,0.7717352597402862,61.632462686567166,31.902985074626866,43.28358208955223,45,18.999715938745524
ALL_H4,RANGE_LE_2ATR,エントリー足の高安が2.0ATR以内,2.0,120,445,43.59550561797752,42.384139008176646,0.09524525619814976,-0.39063946730711524,1.188267039716573,30.39224033363119,9,1.0497648129959378,0.8056129826520324,66.98202247191011,22.92134831460674,46.741573033707866,37,10.184455835485991
ALL_H4,CLOSE_LOC_GE_60,エントリー足の終値位置が上位60%以上,2.0,120,506,44.07114624505929,41.70588203754051,0.08242269177379548,-0.3465468127026867,1.1658815970077356,35.90782755823527,11,1.054374269121629,0.7959551780335812,69.78458498023716,21.34387351778656,45.45454545454545,44,16.10244276011091
ALL_H4,NO_D1_RESIST_1ATR,D1過去60日高値が1ATR未満にある場所を除外,2.0,48,536,48.32089552238806,40.52700872798995,0.07561009091042901,-0.03229308047347818,1.2001199256404318,24.655627545299474,11,0.8435168294303321,0.665198638408419,38.27985074626866,11.753731343283583,29.291044776119403,45,9.03091179477012
ALL_H4,BREAK_EXT_LE_1_2ATR,Bから1.2ATR以上伸びた飛び乗りを除外,2.0,120,470,43.19148936170213,39.30799921790256,0.08363404088915438,-0.5380576676191906,1.162264615788558,28.068914632084823,11,1.0655536492222044,0.8176768606604798,65.61489361702128,23.19148936170213,47.87234042553192,41,9.267768850388887
ALL_H4,CLOSE_LOC_GE_60,エントリー足の終値位置が上位60%以上,2.0,48,506,48.22134387351779,38.37080427508376,0.07583162900214183,-0.03313564532434725,1.2015283863763058,25.908253715936727,10,0.8440297513213084,0.6647006812257283,38.42292490118577,11.6600790513834,28.458498023715418,44,13.12823475072059
ALL_H4,CLOSE_LOC_GE_60,エントリー足の終値位置が上位60%以上,1.5,120,506,47.03557312252965,37.7074119071395,0.07452057689158004,-0.15704417374615837,1.1569104910982013,35.87364640175284,10,0.9294727339037979,0.7716540502017664,61.76877470355731,31.620553359683797,43.47826086956522,44,22.668869902343513
ALL_H4,A_ROOM_GE_0_5R,Aが上に残る場合、Aまで0.5R以上,1.5,120,409,47.67726161369193,37.443964812629474,0.09155003621669798,-0.049405491674765344,1.198583962486036,29.785367879933016,12,0.9293208362809474,0.7626720646544368,63.044009779951104,32.02933985330073,41.80929095354523,38,19.759344186083894
ALL_H4,BREAK_EXT_LE_0_8ATR,Bから0.8ATR以上伸びた飛び乗りを除外,1.5,120,404,47.277227722772274,37.18964594348752,0.09205357906803842,-0.168541591916655,1.1873474965860167,21.25630102224578,13,0.9499005489961985,0.7889067804552581,55.65346534653465,34.4059405940594,46.03960396039604,34,15.313258416670847
ALL_H4,A_ROOM_GE_1R,Aが上に残る場合、Aまで1R以上,2.0,120,347,44.09221902017291,37.13836010548892,0.10702697436740323,-0.31365344160478675,1.2203531257360511,27.434228227794495,11,1.0522265651479452,0.7886976005499051,70.85302593659942,22.19020172910663,43.804034582132566,35,12.921700266049964
ALL_H4,BASELINE,B抜け即。除外なし,1.0,120,559,53.84615384615385,36.275091380757445,0.06489282894589883,0.31365219653432896,1.1554379786820101,31.04178569230412,10,0.7627597728403085,0.7055261925631663,49.32021466905188,45.97495527728086,38.10375670840787,47,18.024717381829504
ALL_H4,BREAK_EXT_LE_1_2ATR,Bから1.2ATR以上伸びた飛び乗りを除外,2.0,48,470,47.87234042553192,33.84365028346025,0.07200776656055372,-0.04150368446767945,1.181929263757323,21.664732666711522,8,0.8701171220344064,0.6899180128410956,37.295744680851065,12.978723404255318,31.48936170212766,41,9.030343070199804
ALL_H4,BREAK_EXT_LE_0_8ATR,Bから0.8ATR以上伸びた飛び乗りを除外,2.0,48,404,48.01980198019802,33.62545789484167,0.08323133142287541,-0.04412589940099762,1.2044465205194947,20.251700861417998,10,0.8992881135715172,0.7004704394451167,36.745049504950494,14.108910891089108,33.16831683168317,34,7.122208909347698
ALL_H4,BASELINE,B抜け即。除外なし,1.5,48,559,49.37388193202147,33.435266133675945,0.059812640668472174,-0.008256428255820401,1.1608841064202224,26.225979708034902,8,0.7839855586705333,0.6544304321193344,36.25402504472272,19.141323792486585,28.622540250447226,47,14.120703990613167
ALL_H4,BASELINE,B抜け即。除外なし,1.0,48,559,53.13059033989267,32.078559875481126,0.05738561695077125,0.09458094124212499,1.1660165065192996,25.5021126255146,8,0.677594102760967,0.6216259337011288,31.608228980322004,33.98926654740608,27.01252236135957,47,16.53054354227028
ALL_H4,RANGE_LE_2ATR,エントリー足の高安が2.0ATR以内,2.0,48,445,48.08988764044943,31.38646617647994,0.07053138466624706,-0.039253815317889885,1.1802418051948775,27.439998521108713,7,0.8493066230651231,0.6771120964440008,37.61797752808989,12.359550561797752,31.011235955056183,37,8.386162936983554
ALL_H4,A_ROOM_GE_1R,Aが上に残る場合、Aまで1R以上,1.5,120,347,46.39769452449568,30.217810474684757,0.08708302730456702,-0.1594803829538485,1.186662666361514,30.72214830607025,11,0.9294669748238142,0.7659932118818175,62.757925072046106,32.564841498559076,42.07492795389049,35,15.283407209749143
ALL_H4,NO_D1_RESIST_1ATR,D1過去60日高値が1ATR未満にある場所を除外,1.0,120,536,53.54477611940298,29.94003915696195,0.055858282009257375,0.30416603133851144,1.132089698786383,34.29060992353961,10,0.760254763519789,0.7104770751288815,49.41044776119403,45.52238805970149,38.61940298507462,45,16.036209499648326
XAUUSD_H4,BASELINE,B抜け即。除外なし,2.0,48,71,63.38028169014085,28.930351960385096,0.40746974592091684,0.24148899441103086,2.580158437915517,5.551207246948005,7,1.0228422076001962,0.5677522176467508,39.16901408450704,21.12676056338028,19.718309859154928,7,4.254395980458023
ALL_H4,RANGE_LE_2ATR,エントリー足の高安が2.0ATR以内,1.5,120,445,45.84269662921348,28.409216163146972,0.06384093519808308,-0.2675516182597464,1.1311922306469866,34.83131965318443,9,0.9207587054472662,0.7820814052216586,59.70786516853933,31.685393258426963,44.9438202247191,37,16.942790127987728
XAUUSD_H4,CLOSE_LOC_GE_60,エントリー足の終値位置が上位60%以上,2.0,48,67,64.17910447761194,28.15017440233442,0.42015185675126004,0.3670447673994189,2.668661996433607,4.538394475881883,6,1.0292862143662773,0.5488892466957143,39.02985074626866,20.8955223880597,19.402985074626866,7,4.254395980458023
ALL_H4,CLOSE_LOC_GE_60,エントリー足の終値位置が上位60%以上,1.0,120,506,53.55731225296443,28.130369572081207,0.0555936157551012,0.28542216494081174,1.1315735861485154,32.836979403327504,10,0.7650949900970188,0.7101221191433991,49.58102766798419,45.65217391304348,38.537549407114625,44,20.205772475432347
ALL_H4,NO_D1_RESIST_1ATR,D1過去60日高値が1ATR未満にある場所を除外,1.5,48,536,49.06716417910448,27.71720154990653,0.05171119692146741,-0.00987650828399736,1.138301994624726,26.225979708034895,11,0.7766985632460168,0.6573881048667845,36.257462686567166,18.65671641791045,29.1044776119403,45,12.536078244712774
ALL_H4,CLOSE_LOC_GE_60,エントリー足の終値位置が上位60%以上,1.5,48,506,49.01185770750988,27.71560940275266,0.054773931625993394,-0.011874477225521263,1.147191620569389,26.909414859782828,10,0.7775142497562509,0.6564270725729298,36.23913043478261,18.774703557312254,28.26086956521739,44,16.133401200663243
ALL_H4,A_ROOM_GE_0_5R,Aが上に残る場合、Aまで0.5R以上,1.0,120,409,54.034229828850854,27.35147277498029,0.06687401656474398,0.28924448517774864,1.1635360314698384,23.587867176971884,10,0.7603763011172793,0.7014283062803873,51.271393643031786,44.987775061124694,36.91931540342298,38,16.24121414414471
ALL_H4,BREAK_EXT_LE_1_2ATR,Bから1.2ATR以上伸びた飛び乗りを除外,1.5,120,470,45.95744680851064,27.08268942786706,0.057622743463546934,-0.31394558179450105,1.1165495209075138,32.77455262733742,9,0.9340165719659977,0.7935880127410633,58.01063829787234,32.12765957446809,45.95744680851064,41,16.294392660216744
XAUUSD_H4,A_ROOM_GE_0_5R,Aが上に残る場合、Aまで0.5R以上,2.0,120,58,60.3448275862069,27.074892193619963,0.4668084860968959,0.38821076674027366,2.368840357960003,4.055229800933794,4,1.236029031937835,0.6430395611479734,73.46551724137932,31.03448275862069,29.310344827586203,6,2.9772994754738744
XAUUSD_H4,BASELINE,B抜け即。除外なし,2.0,120,71,56.33802816901409,26.864668582833108,0.37837561384271984,0.2950885389243468,1.977175175308693,7.1034374721468865,7,1.231461410559487,0.6999959900411468,72.19718309859155,29.577464788732392,33.80281690140845,7,1.975646905500651
ALL_H4,A_ROOM_GE_0_5R,Aが上に残る場合、Aまで0.5R以上,2.0,48,409,48.899755501222494,26.51217351040486,0.06482194012323926,-0.013046683686689814,1.1745136532438303,15.69628646067609,7,0.8213769699103536,0.6550584618574272,38.50855745721272,10.513447432762836,27.628361858190708,38,10.483774276473852
ALL_H4,CLOSE_LOC_GE_60,エントリー足の終値位置が上位60%以上,1.0,48,506,52.96442687747036,26.460571903806844,0.052293620363254634,0.09279307631792666,1.1513411544267786,26.258214144380606,10,0.6753663106566734,0.6239417141900955,31.68774703557312,33.201581027667984,26.679841897233203,44,18.543240752320354
XAUUSD_H4,A_ROOM_GE_0_5R,Aが上に残る場合、Aまで0.5R以上,2.0,48,58,67.24137931034483,26.454025127029947,0.45610388150051634,0.30426688090522486,2.9813112165203974,2.5029995757349135,4,1.0279174022635988,0.5217410328302328,39.44827586206897,22.413793103448278,17.24137931034483,6,3.662506797218851
ALL_H4,NO_D1_RESIST_1ATR,D1過去60日高値が1ATR未満にある場所を除外,1.0,48,536,52.61194029850746,26.1188111066825,0.048729125199034516,0.07810585736199536,1.1396623675274165,25.5021126255146,8,0.6733303138688586,0.6261020368210766,31.62313432835821,33.582089552238806,27.425373134328357,45,15.445917796369885
XAUUSD_H4,CLOSE_LOC_GE_60,エントリー足の終値位置が上位60%以上,2.0,120,67,56.71641791044776,25.32073731833975,0.37792145251253356,0.2950885389243468,1.9944538894200456,6.090624701080763,6,1.2402411056866365,0.6849483069081657,72.83582089552239,29.850746268656714,32.83582089552239,7,1.975646905500651
XAUUSD_H4,BASELINE,B抜け即。除外なし,1.5,48,71,64.7887323943662,24.38955559523656,0.3435148675385431,0.3670447673994189,2.3502656059432057,5.551207246948006,7,0.923386299763479,0.5621317956803381,36.66197183098591,25.352112676056336,19.718309859154928,7,4.160854227245624
XAUUSD_H4,CLOSE_LOC_GE_60,エントリー足の終値位置が上位60%以上,1.5,48,67,65.67164179104478,24.10937803718588,0.3598414632415803,0.38992072539296574,2.4502598307478882,4.538394475881883,6,0.9322401669279596,0.5429332771492172,36.417910447761194,25.37313432835821,19.402985074626866,7,4.160854227245624
XAUUSD_H4,BASELINE,B抜け即。除外なし,1.5,120,71,59.154929577464785,23.83863848475022,0.3357554716162003,0.4648618784393316,1.9355134376816412,7.1034374721468865,7,1.06644589028355,0.6725587049153134,62.943661971830984,40.845070422535215,30.985915492957744,7,3.4756469055006476
XAUUSD_H4,NO_D1_RESIST_1ATR,D1過去60日高値が1ATR未満にある場所を除外,2.0,48,68,61.76470588235294,22.969490391648502,0.3377866234065956,0.2316448666224043,2.2545797613068395,5.551207246948005,7,0.9764551162083022,0.5780646666773589,39.5735294117647,17.647058823529413,20.588235294117645,6,2.2607754459513565
XAUUSD_H4,CLOSE_LOC_GE_60,エントリー足の終値位置が上位60%以上,1.5,120,67,59.70149253731343,22.904292404655727,0.34185511051724965,0.4648618784393316,1.9766598895805747,6.090624701080763,6,1.0756107067146847,0.6558729749091483,63.44776119402985,40.298507462686565,29.850746268656714,7,3.4756469055006476
ALL_H4,BREAK_EXT_LE_0_8ATR,Bから0.8ATR以上伸びた飛び乗りを除外,1.0,120,404,53.46534653465347,22.67050467319706,0.05611511057722044,0.46873040050238013,1.129387333937798,23.09596301473248,11,0.7710753674244806,0.7270291176614364,44.04950495049505,47.277227722772274,40.5940594059406,34,12.63286296642273
XAUUSD_H4,A_ROOM_GE_0_5R,Aが上に残る場合、Aまで0.5R以上,1.5,120,58,62.06896551724138,22.446499041505263,0.38700860416388383,0.49490709054497145,2.19582040117679,4.055229800933794,4,1.093922473806987,0.628544200297926,65.27586206896552,41.37931034482759,27.586206896551722,6,1.9772994754738706
XAUUSD_H4,A_ROOM_GE_0_5R,Aが上に残る場合、Aまで0.5R以上,1.5,48,58,68.96551724137932,22.006770515093812,0.379427077846445,0.3784827463961923,2.679131042246764,2.5029995757349135,4,0.9404806151916402,0.5183524239773418,36.8448275862069,25.862068965517242,17.24137931034483,6,2.6625067972188474
ALL_H4,BODY_LE_1ATR,エントリー足の実体が1.0ATR以内,2.0,120,337,42.433234421364986,21.895501618238917,0.06497181489091666,-0.5473259047685883,1.1254278225196572,21.20995023735636,13,1.0280569998773028,0.8166830240682049,65.2433234421365,22.255192878338278,48.07121661721068,30,1.9811079103068474
XAUUSD_H4,A_ROOM_GE_1R,Aが上に残る場合、Aまで1R以上,2.0,120,46,58.69565217391305,21.652072059905226,0.4706972186935919,0.38821076674027366,2.3160681085035235,4.055229800933794,4,1.255602969378488,0.6475848525590711,72.73913043478261,32.608695652173914,30.434782608695656,6,2.9772994754738744
ALL_H4,BREAK_EXT_LE_0_8ATR,Bから0.8ATR以上伸びた飛び乗りを除外,1.5,48,404,49.00990099009901,21.512520459536724,0.05324881301865526,-0.014371760316208656,1.1324925438202316,22.015109253672012,10,0.8180117336398015,0.6913456731777602,34.31435643564357,22.524752475247524,32.92079207920792,34,10.627375359290353
ALL_H4,BREAK_EXT_LE_1_2ATR,Bから1.2ATR以上伸びた飛び乗りを除外,1.5,48,470,48.723404255319146,21.3465996137202,0.045418297050468515,-0.023007136961862327,1.1160623653338346,23.235084829446944,8,0.7967696636118908,0.6820745967304315,35.06170212765957,20.851063829787233,31.27659574468085,41,12.535509520142458
XAUUSD_H4,A_ROOM_GE_1R,Aが上に残る場合、Aまで1R以上,2.0,48,46,67.3913043478261,21.310281927890944,0.4632669984324118,0.30426688090522486,3.020022842711297,3.1339723970507434,4,1.0601673898114756,0.508977489527919,39.630434782608695,23.91304347826087,17.391304347826086,6,3.662506797218851
XAUUSD_H4,NO_D1_RESIST_1ATR,D1過去60日高値が1ATR未満にある場所を除外,2.0,120,68,54.41176470588235,20.90380701409651,0.3074089266778899,0.2602610190855794,1.7603548586738114,7.1034374721468865,7,1.194278107533444,0.7161427231479783,74.05882352941177,26.47058823529412,35.294117647058826,6,-0.01797362900601452
ALL_H4,RANGE_LE_2ATR,エントリー足の高安が2.0ATR以内,1.0,120,445,52.58426966292134,20.560184754894372,0.04620266237054915,0.2766950827962672,1.1077236561263029,27.160094012673774,9,0.747900266187178,0.716406214953406,47.87865168539326,45.61797752808989,39.550561797752806,37,13.12344581062241
ALL_H4,BODY_LE_1ATR,エントリー足の実体が1.0ATR以内,2.0,48,337,46.29080118694362,20.407629964844922,0.06055676547431728,-0.09033656063253875,1.1511457114124521,19.149412847069886,8,0.8470461365562542,0.684895593416345,37.10682492581602,13.056379821958458,31.454005934718097,30,5.0135856044809515
ALL_H4,BREAK_EXT_LE_1_2ATR,Bから1.2ATR以上伸びた飛び乗りを除外,1.0,120,470,52.97872340425533,20.305907957390545,0.04320405948380967,0.28542216494081174,1.099227651129909,31.1216918339131,8,0.7635848627394907,0.7279526753459074,46.229787234042554,45.95744680851064,40.42553191489361,41,14.371265641236727
ALL_H4,A_ROOM_GE_0_5R,Aが上に残る場合、Aまで0.5R以上,1.0,48,409,53.30073349633252,20.016538920754744,0.04894019296028055,0.09993870665364847,1.142785779507041,15.485571767219042,7,0.6658734461513856,0.6144483397149344,32.02200488997555,32.76283618581907,25.91687041564792,38,13.838241409528012
XAUUSD_H4,NO_D1_RESIST_1ATR,D1過去60日高値が1ATR未満にある場所を除外,1.5,48,68,63.23529411764706,19.928694026499965,0.2930690298014701,0.24126189600930292,2.103301370550771,5.551207246948006,7,0.88764986421049,0.5721962849183102,37.470588235294116,22.058823529411764,20.588235294117645,6,2.6672336927389586
XAUUSD_H4,BREAK_EXT_LE_1_2ATR,Bから1.2ATR以上伸びた飛び乗りを除外,2.0,48,54,62.96296296296296,19.65133840738848,0.36391367421089776,0.21268968926729814,2.300720230792466,4.358880709272887,5,1.0353223419987216,0.5822136935747936,38.148148148148145,22.22222222222222,22.22222222222222,6,2.2607754459513565
ALL_H4,RANGE_LE_2ATR,エントリー足の高安が2.0ATR以内,1.0,48,445,52.58426966292134,19.557242216590424,0.04394885891368635,0.09975444859325602,1.122301491488235,24.70236350245197,7,0.6661879282847201,0.6370745087769222,31.0,34.157303370786515,28.764044943820227,37,14.801168938583318
XAUUSD_H4,NO_D1_RESIST_1ATR,D1過去60日高値が1ATR未満にある場所を除外,1.5,120,68,57.35294117647059,19.37777691601362,0.2849673075884356,0.3033240969827813,1.7604532745829675,7.1034374721468865,7,1.0370209072535053,0.6874949695607112,64.91176470588235,38.23529411764706,32.35294117647059,6,1.9820263709939827
ALL_H4,D1_CLOSE_GT_EMA20,D1終値がEMA20より上,2.0,120,238,44.537815126050425,19.166306916759247,0.0805307013309212,-0.33765689573288127,1.1673258455127316,24.74680525691276,12,0.9904377024897849,0.7781685216027273,73.75210084033614,21.008403361344538,42.016806722689076,26,7.212175950545205
ALL_H4,A_ROOM_GE_1R,Aが上に残る場合、Aまで1R以上,1.0,120,347,52.73775216138329,19.000881861945096,0.05475758461655647,0.2766950827962672,1.1313001908558642,27.30624501342478,9,0.7608301707174864,0.704525440010768,50.68587896253602,44.95677233429395,37.46397694524496,35,13.265277167809955
ALL_H4,RANGE_LE_2ATR,エントリー足の高安が2.0ATR以内,1.5,48,445,48.764044943820224,18.796166756493285,0.042238576980883784,-0.0180412498680646,1.10910359397882,28.10664889379381,7,0.7789117070494553,0.669573168974675,35.58876404494382,19.550561797752806,30.786516853932582,37,11.891329386926209
ALL_H4,BREAK_EXT_LE_1_2ATR,Bから1.2ATR以上伸びた飛び乗りを除外,1.0,48,470,52.76595744680851,18.31458102373037,0.038967193667511425,0.09042109162172743,1.1073454059068943,22.70921222532694,8,0.6825761606059095,0.650213957290435,30.34468085106383,34.25531914893617,29.574468085106382,41,14.985492617865775
XAUUSD_H4,BASELINE,B抜け即。除外なし,1.0,48,71,66.19718309859155,18.29825547412551,0.2577219080862748,0.4004036191874499,2.0738451478095326,4.528362217347215,6,0.7762925413661803,0.530082111752668,32.098591549295776,42.25352112676056,18.30985915492958,7,2.660854227245627
ALL_H4,A_ROOM_GE_1R,Aが上に残る場合、Aまで1R以上,2.0,48,347,48.99135446685879,17.868792213517345,0.051495078425122034,-0.009050745803642008,1.1366450932767633,22.217265644068746,11,0.820269867966601,0.6547468085084885,38.62536023054755,10.37463976945245,27.6657060518732,35,7.064356421854789
XAUUSD_H4,A_ROOM_GE_1R,Aが上に残る場合、Aまで1R以上,1.5,120,46,60.86956521739131,17.86628678583095,0.38839753882241196,0.5290580429001617,2.156884580094094,4.055229800933794,4,1.1077588525537465,0.6293080932264026,64.08695652173913,43.47826086956522,28.26086956521739,6,1.9772994754738706
XAUUSD_H4,A_ROOM_GE_1R,Aが上に残る場合、Aまで1R以上,1.5,48,46,69.56521739130434,17.863027315954813,0.38832668078162635,0.3784827463961923,2.733635657243606,3.1339723970507434,4,0.9620793599824774,0.5047048957568824,36.41304347826087,28.26086956521739,17.391304347826086,6,2.6625067972188474
XAUUSD_H4,D1_CLOSE_GT_EMA20,D1終値がEMA20より上,2.0,48,32,65.625,17.83097425123399,0.5572179453510622,0.5334539540593867,3.5161106288734274,1.307483869592096,3,1.1387176644461636,0.5789344217084179,40.0,28.125,15.625,5,3.763388030369053
ALL_H4,A_ROOM_GE_0_5R,Aが上に残る場合、Aまで0.5R以上,1.5,48,409,49.63325183374083,17.79025301921296,0.04349695114721996,-0.006143089167356492,1.117942935455166,21.640961410380616,7,0.7663532479191877,0.6477121703690332,36.479217603911984,17.6039119804401,27.628361858190708,38,11.556876281355716
XAUUSD_H4,CLOSE_LOC_GE_60,エントリー足の終値位置が上位60%以上,1.0,48,67,67.16417910447761,17.77229430417658,0.265258123942934,0.4004036191874499,2.1391522745508316,3.515549446281092,5,0.7810807546889902,0.5143889652840207,32.19402985074627,41.7910447761194,17.91044776119403,7,2.660854227245627
XAUUSD_H4,A_ROOM_GE_0_5R,Aが上に残る場合、Aまで0.5R以上,1.0,48,58,70.6896551724138,17.42961417727752,0.30051058926340557,0.43771117203352583,2.442466499008239,1.9339693083288179,3,0.788492019871094,0.4791191902038144,31.896551724137932,43.103448275862064,15.517241379310345,6,1.6625067972188503
ALL_H4,BREAK_EXT_LE_0_8ATR,Bから0.8ATR以上伸びた飛び乗りを除外,1.0,48,404,53.21782178217822,17.250144485187107,0.04269837743858195,0.10513303034976598,1.114810475955465,21.232472185762745,10,0.6959018091161125,0.6581024617238496,29.366336633663366,36.13861386138614,30.94059405940594,34,12.61215735939993
XAUUSD_H4,BREAK_EXT_LE_1_2ATR,Bから1.2ATR以上伸びた飛び乗りを除外,1.5,48,54,64.81481481481481,16.610542042239942,0.30760263041185076,0.24126189600930292,2.1176282355297373,4.358880709272887,5,0.9303207581305294,0.5748238795078435,35.129629629629626,27.77777777777778,22.22222222222222,6,2.6672336927389586
XAUUSD_H4,D1_CLOSE_GT_EMA20,D1終値がEMA20より上,2.0,120,32,62.5,16.001233309846576,0.5000385409327055,0.45240693120110376,2.3754857556292643,2.989486747559152,3,1.338248504042854,0.7103804222758754,71.59375,34.375,31.25,5,1.249395146825189
XAUUSD_H4,BREAK_EXT_LE_0_8ATR,Bから0.8ATR以上伸びた飛び乗りを除外,2.0,48,46,60.86956521739131,15.918880935312778,0.3460626290285386,0.20261485211609676,2.1526419593631805,4.074294386438332,5,1.0746452571116458,0.615575596397239,37.06521739130435,23.91304347826087,23.91304347826087,4,1.9753436403283324
ALL_H4,COMBO_STRUCTURE,損切り3ATR以内 + Bから1.2ATR以内 + Aまで0.5R以上,1.0,120,51,66.66666666666666,15.486730755335538,0.30366138735952036,0.9746803535358036,1.8820909988908574,4.219773163412032,3,0.9703002803192093,0.6876033311320204,15.72549019607843,66.66666666666666,33.33333333333333,4,3.9615634985789843
XAUUSD_H4,BREAK_EXT_LE_1_2ATR,Bから1.2ATR以上伸びた飛び乗りを除外,2.0,120,54,53.70370370370371,15.388777632354326,0.28497736356211717,0.19509318225430466,1.6692011109524154,5.080515435279262,5,1.1770396118996589,0.7154284883856449,68.35185185185185,27.77777777777778,37.03703703703704,6,-0.01797362900601452
XAUUSD_H4,NO_D1_RESIST_1ATR,D1過去60日高値が1ATR未満にある場所を除外,1.0,48,68,64.70588235294117,15.337393905388916,0.2255499103733664,0.3784827463961923,1.9000850408190342,4.528362217347215,6,0.7645766892517665,0.5387326443467723,32.911764705882355,39.705882352941174,19.11764705882353,6,1.6672336927389615
XAUUSD_H4,RANGE_LE_2ATR,エントリー足の高安が2.0ATR以内,2.0,48,47,59.57446808510638,15.24486898576655,0.32435891459077765,0.22225493563723364,2.025739917584694,5.7455964835203766,7,1.0144168730856544,0.6052434886365153,36.87234042553192,23.404255319148938,25.53191489361702,6,4.0700513995310015
XAUUSD_H4,A_ROOM_GE_0_5R,Aが上に残る場合、Aまで0.5R以上,1.0,120,58,63.793103448275865,15.108439051048759,0.2604903284663579,0.9762564308176563,1.8512780055741178,3.032384771333003,3,0.8658278327980221,0.5893109665243987,51.43103448275862,53.44827586206896,25.862068965517242,6,1.2043696778272
ALL_H4,A_ROOM_GE_1R,Aが上に残る場合、Aまで1R以上,1.0,48,347,53.602305475504316,14.73167129997131,0.042454384149773226,0.09993870665364847,1.121679631596168,20.039527849229266,11,0.6656368754345516,0.6122899874094158,31.89048991354467,33.14121037463977,26.22478386167147,35,10.862304433193259
XAUUSD_H4,D1_CLOSE_GT_EMA20,D1終値がEMA20より上,1.5,48,32,65.625,14.553091072590906,0.4547840960184658,0.5642750540156813,3.0535718696455905,1.307483869592096,3,0.9801499003608469,0.5726059640163047,36.5625,34.375,15.625,5,3.6698462771566556
XAUUSD_H4,A_ROOM_GE_1R,Aが上に残る場合、Aまで1R以上,1.0,48,46,71.73913043478261,14.517448716627495,0.3155967112310325,0.5642750540156813,2.5642200369314057,3.1339723970507434,4,0.8024387900030263,0.45523690534678274,31.02173913043478,43.47826086956522,15.217391304347828,6,1.6625067972188503
ALL_H4,COMBO_D1,損切り3ATR以内 + Bから1.2ATR以内 + A余白 + D1抵抗近接なし,1.0,120,50,66.0,14.509773599692917,0.2901954719938583,0.9726244416612582,1.8264456127271267,4.219773163412032,3,0.9619627013193239,0.7009867122449428,15.78,66.0,34.0,4,3.9615634985789843
ALL_H4,BODY_LE_1ATR,エントリー足の実体が1.0ATR以内,1.5,120,337,45.40059347181009,14.472119362957876,0.042943974370794884,-0.3142377219842154,1.086659741057896,24.74040056292681,13,0.8996282026689125,0.7890473186840404,58.32640949554896,30.56379821958457,45.99406528189911,30,10.739442202808576
XAUUSD_H4,CLOSE_LOC_GE_60,エントリー足の終値位置が上位60%以上,1.0,120,67,61.19402985074627,14.374861503825688,0.21455017169889087,0.9688484922260188,1.6409105279539904,5.067779671479972,5,0.8519307593513342,0.6273286630439516,50.82089552238806,52.23880597014925,28.35820895522388,7,2.2027171078539767
XAUUSD_H4,BASELINE,B抜け即。除外なし,1.0,120,71,60.56338028169014,14.309207583920173,0.20153813498479117,0.9688484922260188,1.5850275480036502,6.080592442546095,6,0.8431509964700822,0.6405090209876433,49.7887323943662,52.112676056338024,29.577464788732392,7,2.2027171078539767
XAUUSD_H4,BREAK_EXT_LE_1_2ATR,Bから1.2ATR以上伸びた飛び乗りを除外,1.5,120,54,57.407407407407405,14.12329782886523,0.2615425523863931,0.3033240969827813,1.6730043248901432,5.080515435279262,5,1.040255401853489,0.6793535394239011,60.333333333333336,37.03703703703704,33.33333333333333,6,1.9820263709939827
ALL_H4,COMBO_STRUCTURE,損切り3ATR以内 + Bから1.2ATR以内 + Aまで0.5R以上,1.0,48,51,64.70588235294117,14.117125182098995,0.27680637611958814,0.9746803535358036,1.7949996083515645,4.2197731634120315,3,0.9519973176725939,0.6813364340900985,14.666666666666666,62.745098039215684,33.33333333333333,4,3.9615634985789843
XAUUSD_H4,RANGE_LE_2ATR,エントリー足の高安が2.0ATR以内,2.0,120,47,51.06382978723404,13.960230828439038,0.29702618783912843,0.10094187933086067,1.6732487529140596,6.107250862456005,7,1.146993346517208,0.7384394316362248,63.40425531914894,29.78723404255319,40.42553191489361,6,2.711753454905099
ALL_H4,COMBO_D1,損切り3ATR以内 + Bから1.2ATR以内 + A余白 + D1抵抗近接なし,1.5,48,50,56.00000000000001,13.95668834462312,0.2791337668924624,0.5464621601771097,1.6389283417991591,4.554676719391311,3,1.1541955687554963,0.7627884950229249,21.9,44.0,40.0,4,4.718377361364277
XAUUSD_H4,D1_CLOSE_GT_EMA20,D1終値がEMA20より上,1.5,120,32,65.625,13.726731529593739,0.42896036029980433,0.6381501097216573,2.291138007723877,2.989486747559152,3,1.134548630755749,0.6757767874436438,61.875,46.875,28.125,5,2.7493951468251865
ALL_H4,COMBO_RISK_CHASE,損切り3ATR以内 + Bから1.2ATR以内,2.0,48,74,47.2972972972973,13.376761269831206,0.1807670441869082,-0.5532732905624612,1.352056861100338,11.23791768031137,7,1.2375571553263316,0.8464970522285573,26.216216216216218,27.027027027027028,45.94594594594595,4,3.9448703512341288
ALL_H4,RISK_LE_3ATR,損切り幅が3.0ATR以内,2.0,48,74,47.2972972972973,13.376761269831206,0.1807670441869082,-0.5532732905624612,1.352056861100338,11.23791768031137,7,1.2375571553263316,0.8464970522285573,26.216216216216218,27.027027027027028,45.94594594594595,4,3.9448703512341288
ALL_H4,COMBO_STRUCTURE,損切り3ATR以内 + Bから1.2ATR以内 + Aまで0.5R以上,1.5,48,51,54.90196078431373,13.203187334137214,0.2588860261595532,0.44000047968839023,1.5842789584725236,4.554676719391311,3,1.1594867886090212,0.7637585297008515,22.41176470588235,43.13725490196079,39.21568627450981,4,4.718377361364277
ALL_H4,COMBO_D1,損切り3ATR以内 + Bから1.2ATR以内 + A余白 + D1抵抗近接なし,1.0,48,50,64.0,13.140168026456372,0.26280336052912745,0.9726244416612582,1.739982701857245,4.2197731634120315,3,0.9432936794197765,0.6945944772621825,14.7,62.0,34.0,4,3.9615634985789843
ALL_H4,COMBO_D1,損切り3ATR以内 + Bから1.2ATR以内 + A余白 + D1抵抗近接なし,2.0,48,50,54.0,13.13512459071855,0.262702491814371,0.29535496119149207,1.5832154459278243,7.004694423259028,6,1.3074370813600038,0.7801348540722879,27.84,24.0,40.0,4,3.9448703512341288
XAUUSD_H4,BREAK_EXT_LE_0_8ATR,Bから0.8ATR以上伸びた飛び乗りを除外,1.5,48,46,63.04347826086957,13.062425995594918,0.283965782512933,0.24126189600930292,1.962947331872036,4.074294386438332,5,0.9625836273585431,0.6069005972751672,33.82608695652174,28.26086956521739,23.91304347826087,4,2.381801887115934
ALL_H4,COMBO_D1,損切り3ATR以内 + Bから1.2ATR以内 + A余白 + D1抵抗近接なし,2.0,120,50,48.0,12.859416208750142,0.2571883241750028,-1.006943373964768,1.4750901631437912,8.379006314505176,6,1.4244255877821306,0.8750588813492827,40.22,38.0,52.0,4,6.043566749550694
XAUUSD_H4,BODY_LE_1ATR,エントリー足の実体が1.0ATR以内,2.0,48,35,57.14285714285714,12.46416983557508,0.356119138159288,0.22225493563723364,2.1546082452305053,5.033858144768869,6,1.015295640135411,0.6246201590163926,36.714285714285715,25.71428571428571,22.857142857142858,4,1.9753436403283324
ALL_H4,COMBO_STRUCTURE,損切り3ATR以内 + Bから1.2ATR以内 + Aまで0.5R以上,2.0,48,51,52.94117647058824,12.381623580232647,0.24277693294573818,0.24293203236447902,1.5319615908343291,7.004694423259028,6,1.309723565672264,0.780764764062972,28.235294117647058,23.52941176470588,39.21568627450981,4,3.9448703512341288
ALL_H4,COMBO_RISK_CHASE,損切り3ATR以内 + Bから1.2ATR以内,2.0,120,74,43.24324324324324,12.249063858145917,0.16552788997494483,-1.0112531887079776,1.2822792699020644,11.67921418294717,7,1.3166034434493903,0.9188297512893367,34.87837837837838,36.486486486486484,56.75675675675676,4,6.043566749550694
ALL_H4,RISK_LE_3ATR,損切り幅が3.0ATR以内,2.0,120,74,43.24324324324324,12.249063858145917,0.16552788997494483,-1.0112531887079776,1.2822792699020644,11.67921418294717,7,1.3166034434493903,0.9188297512893367,34.87837837837838,36.486486486486484,56.75675675675676,4,6.043566749550694
XAUUSD_H4,BREAK_EXT_LE_1_2ATR,Bから1.2ATR以上伸びた飛び乗りを除外,1.0,48,54,66.66666666666666,12.241514937692088,0.226694721068372,0.3784827463961923,1.8845364478771411,3.3360356796720962,4,0.779984736956765,0.5450270910203797,31.203703703703702,40.74074074074074,20.37037037037037,6,1.6672336927389615
ALL_H4,COMBO_D1,損切り3ATR以内 + Bから1.2ATR以内 + A余白 + D1抵抗近接なし,1.5,120,50,52.0,12.180111093502823,0.24360222187005648,0.7998285483204963,1.486974126738509,5.639408573062967,5,1.1999690179141178,0.8254553473482906,27.24,50.0,48.0,4,5.9615634985789745
ALL_H4,A_ROOM_GE_1R,Aが上に残る場合、Aまで1R以上,1.5,48,347,49.85590778097983,12.110052729704762,0.03489928740548923,-0.0051999784421573,1.093380258269389,26.3357760876957,11,0.7635551393310795,0.6460879231518514,36.414985590778095,17.86743515850144,27.6657060518732,35,8.491175973689817
XAUUSD_H4,D1_CLOSE_GT_EMA20,D1終値がEMA20より上,1.0,48,32,68.75,12.049271578659173,0.37653973683309916,0.794396832738564,2.9870576945026546,1.1674834110555672,2,0.8006069011647505,0.5014957278017864,30.65625,46.875,12.5,5,2.1698462771566573
ALL_H4,COMBO_STRUCTURE,損切り3ATR以内 + Bから1.2ATR以内 + Aまで0.5R以上,2.0,120,51,47.05882352941176,11.836373364392767,0.23208575224299544,-1.0080577252073057,1.4213678033545938,8.379006314505176,6,1.4244181798116038,0.8779616932731613,40.76470588235294,37.254901960784316,52.94117647058824,4,6.043566749550694
XAUUSD_H4,A_ROOM_GE_1R,Aが上に残る場合、Aまで1R以上,1.0,120,46,63.04347826086957,11.693685840682612,0.25421056175396983,0.9762564308176563,1.8109013134158227,3.032384771333003,3,0.8744981912024066,0.5798401028163029,50.32608695652174,54.347826086956516,26.08695652173913,6,1.2043696778272
XAUUSD_H4,NO_D1_RESIST_1ATR,D1過去60日高値が1ATR未満にある場所を除外,1.0,120,68,58.82352941176471,11.348346015183578,0.1668874413997585,0.7793695316200622,1.4639736340550722,6.080592442546095,6,0.8343847820808405,0.654031328989173,51.38235294117647,50.0,30.88235294117647,6,1.2090965733473111
ALL_H4,D1_CLOSE_GT_EMA20,D1終値がEMA20より上,1.0,120,238,52.52100840336135,11.288047092455024,0.04742876929602951,0.22589668070653818,1.1150638929123162,18.63144056620311,8,0.7174156654471626,0.6937238658940822,54.95378151260504,42.857142857142854,35.714285714285715,26,8.587624104901224
ALL_H4,COMBO_STRUCTURE,損切り3ATR以内 + Bから1.2ATR以内 + Aまで0.5R以上,1.5,120,51,50.98039215686274,11.157068249145446,0.2187660441008911,0.13828473959840035,1.4285433210024117,5.639408573062967,5,1.2043627191566892,0.8293307775859142,28.03921568627451,49.01960784313725,49.01960784313725,4,5.9615634985789745
XAUUSD_H4,BREAK_EXT_LE_0_8ATR,Bから0.8ATR以上伸びた飛び乗りを除外,1.5,120,46,56.52173913043478,11.122872743746587,0.24180158138579538,0.2921665120510477,1.6101263838374458,4.074294386438332,5,1.0530545401497158,0.7097279447596881,58.58695652173913,36.95652173913043,34.78260869565217,4,1.947357450745642
XAUUSD_H4,RANGE_LE_2ATR,エントリー足の高安が2.0ATR以内,1.5,48,47,59.57446808510638,10.966985807123432,0.2333401235558177,0.22225493563723364,1.7379056604851273,5.7455964835203766,7,0.9109339261072114,0.6009347514844382,34.361702127659576,27.659574468085108,25.53191489361702,6,3.9765096463186027
XAUUSD_H4,BREAK_EXT_LE_0_8ATR,Bから0.8ATR以上伸びた飛び乗りを除外,2.0,120,46,52.17391304347826,10.888352547235684,0.236703316244254,0.08362831869508631,1.53794252164782,4.074294386438332,5,1.1752931218834997,0.7520767978886918,67.26086956521739,26.08695652173913,39.130434782608695,4,-0.05264254925435464
ALL_H4,BODY_LE_1ATR,エントリー足の実体が1.0ATR以内,1.5,48,337,47.18100890207715,10.579625402958342,0.03139354718978737,-0.07078574170584233,1.07944903823085,19.508642977975107,8,0.7709829792267521,0.6749406298440899,34.997032640949556,21.068249258160236,31.15727002967359,30,8.389056564431709
ALL_H4,COMBO_RISK_CHASE,損切り3ATR以内 + Bから1.2ATR以内,1.5,48,74,48.64864864864865,10.198325023735809,0.13781520302345687,-0.31454984895470717,1.2732815190329396,9.78789997644365,5,1.0626428560937804,0.8347765393573663,21.783783783783782,40.54054054054054,45.94594594594595,4,4.718377361364277
ALL_H4,RISK_LE_3ATR,損切り幅が3.0ATR以内,1.5,48,74,48.64864864864865,10.198325023735809,0.13781520302345687,-0.31454984895470717,1.2732815190329396,9.78789997644365,5,1.0626428560937804,0.8347765393573663,21.783783783783782,40.54054054054054,45.94594594594595,4,4.718377361364277
XAUUSD_H4,BODY_LE_1ATR,エントリー足の実体が1.0ATR以内,2.0,120,35,48.57142857142857,10.196553183164294,0.29133009094755125,-0.04452371097732633,1.6511372494412957,5.681154966413369,6,1.1194771165814805,0.7670916199650978,63.77142857142857,31.428571428571427,40.0,4,-0.05264254925435464
XAUUSD_H4,D1_CLOSE_GT_EMA20,D1終値がEMA20より上,1.0,120,32,68.75,10.14221859961008,0.316944331237815,0.9774515617419508,2.055529668721153,2.022187839422352,2,0.8897217572250435,0.6046665512291255,47.28125,59.375,25.0,5,1.2493951468251885
XAUUSD_H4,RANGE_LE_2ATR,エントリー足の高安が2.0ATR以内,1.5,120,47,53.191489361702125,10.092387970918121,0.2147316589557047,0.28924448517774864,1.5114221258226876,6.107250862456005,7,1.0089334185570822,0.7148795100483224,56.765957446808514,36.17021276595745,38.297872340425535,6,4.211753454905095
ALL_H4,COMBO_RISK_CHASE,損切り3ATR以内 + Bから1.2ATR以内,1.0,120,74,58.108108108108105,9.899421249088691,0.13377596282552284,0.9611376945333137,1.3108244407650733,9.673904383242974,4,0.883914949618597,0.7710930936021843,15.527027027027026,58.108108108108105,41.891891891891895,4,3.9615634985789843
ALL_H4,RISK_LE_3ATR,損切り幅が3.0ATR以内,1.0,120,74,58.108108108108105,9.899421249088691,0.13377596282552284,0.9611376945333137,1.3108244407650733,9.673904383242974,4,0.883914949618597,0.7710930936021843,15.527027027027026,58.108108108108105,41.891891891891895,4,3.9615634985789843
XAUUSD_H4,BREAK_EXT_LE_0_8ATR,Bから0.8ATR以上伸びた飛び乗りを除外,1.0,48,46,65.21739130434783,9.893240924655544,0.21507045488381618,0.3784827463961923,1.7887961619795858,3.0514493568375416,3,0.8032606861481405,0.5719217586159707,29.717391304347824,41.30434782608695,21.73913043478261,4,1.3818018871159372
XAUUSD_H4,BODY_LE_1ATR,エントリー足の実体が1.0ATR以内,1.5,48,35,57.14285714285714,9.186286656931966,0.26246533305519903,0.22225493563723364,1.850964200349028,5.033858144768869,6,0.902385260267292,0.6188341405550318,34.142857142857146,31.428571428571427,22.857142857142858,4,2.381801887115934
ALL_H4,COMBO_RISK_CHASE,損切り3ATR以内 + Bから1.2ATR以内,1.0,48,74,56.75675675675676,8.529815675852147,0.11526777940340739,0.9448813039475914,1.2661452639906825,9.673904383242974,4,0.8713007456324162,0.76677401591113,14.797297297297296,55.4054054054054,41.891891891891895,4,3.9615634985789843
ALL_H4,RISK_LE_3ATR,損切り幅が3.0ATR以内,1.0,48,74,56.75675675675676,8.529815675852147,0.11526777940340739,0.9448813039475914,1.2661452639906825,9.673904383242974,4,0.8713007456324162,0.76677401591113,14.797297297297296,55.4054054054054,41.891891891891895,4,3.9615634985789843
XAUUSD_H4,BREAK_EXT_LE_1_2ATR,Bから1.2ATR以上伸びた飛び乗りを除外,1.0,120,54,59.25925925925925,8.335028137139425,0.15435237290998935,0.7452185792648719,1.417532112365582,4.057670405678471,4,0.839259985222257,0.6495567509364375,48.74074074074074,50.0,31.48148148148148,6,1.2090965733473111
ALL_H4,D1_CLOSE_GT_EMA20,D1終値がEMA20より上,1.5,120,238,46.21848739495798,8.061690350853624,0.03387264853299842,-0.18995421723327846,1.0725173106215118,28.446106293090637,12,0.8728634833547767,0.7597299785788642,67.71848739495799,27.73109243697479,40.7563025210084,26,8.8079899630805
XAUUSD_H4,COMBO_RISK_CHASE,損切り3ATR以内 + Bから1.2ATR以内,2.0,48,7,71.42857142857143,7.8549826501342315,1.1221403785906046,1.9688484922260188,4.866644356347056,1.0080577252073057,1,1.6772369397730316,0.561017561589764,20.428571428571427,71.42857142857143,28.57142857142857,0,0.0
XAUUSD_H4,COMBO_RISK_CHASE,損切り3ATR以内 + Bから1.2ATR以内,2.0,120,7,71.42857142857143,7.8549826501342315,1.1221403785906046,1.9688484922260188,4.866644356347056,1.0080577252073057,1,1.6772369397730316,0.561017561589764,20.428571428571427,71.42857142857143,28.57142857142857,0,0.0
XAUUSD_H4,RISK_LE_3ATR,損切り幅が3.0ATR以内,2.0,48,7,71.42857142857143,7.8549826501342315,1.1221403785906046,1.9688484922260188,4.866644356347056,1.0080577252073057,1,1.6772369397730316,0.561017561589764,20.428571428571427,71.42857142857143,28.57142857142857,0,0.0
XAUUSD_H4,RISK_LE_3ATR,損切り幅が3.0ATR以内,2.0,120,7,71.42857142857143,7.8549826501342315,1.1221403785906046,1.9688484922260188,4.866644356347056,1.0080577252073057,1,1.6772369397730316,0.561017561589764,20.428571428571427,71.42857142857143,28.57142857142857,0,0.0
XAUUSD_H4,RANGE_LE_2ATR,エントリー足の高安が2.0ATR以内,1.0,48,47,61.702127659574465,7.583117516864162,0.16134292589072685,0.24148899441103086,1.5479341295862958,4.3627711068488395,5,0.7303340373402524,0.5667001434350118,30.148936170212767,38.297872340425535,23.404255319148938,6,2.4765096463186054
ALL_H4,COMBO_RISK_CHASE,損切り3ATR以内 + Bから1.2ATR以内,1.5,120,74,45.94594594594595,7.56975874289863,0.1022940370661977,-1.0105787124716223,1.1831189603359284,10.439616441504937,5,1.0935708622820381,0.8853138499373151,25.68918918918919,44.5945945945946,54.054054054054056,4,5.9615634985789745
ALL_H4,RISK_LE_3ATR,損切り幅が3.0ATR以内,1.5,120,74,45.94594594594595,7.56975874289863,0.1022940370661977,-1.0105787124716223,1.1831189603359284,10.439616441504937,5,1.0935708622820381,0.8853138499373151,25.68918918918919,44.5945945945946,54.054054054054056,4,5.9615634985789745
ALL_H4,BODY_LE_1ATR,エントリー足の実体が1.0ATR以内,1.0,48,337,50.445103857566764,7.392707900149672,0.021936818694806147,0.04044951605748719,1.059261806148777,20.0376773378567,8,0.6560846409330258,0.6448596286221827,30.55786350148368,33.82789317507419,29.376854599406528,30,9.646147996342458
XAUUSD_H4,BODY_LE_1ATR,エントリー足の実体が1.0ATR以内,1.5,120,35,51.42857142857142,7.086967998765402,0.2024847999647258,0.10094187933086067,1.483489576623312,5.790740150812236,6,0.9743029352654178,0.7354540109756288,56.65714285714286,37.142857142857146,37.142857142857146,4,1.947357450745642
XAUUSD_H4,COMBO_D1,損切り3ATR以内 + Bから1.2ATR以内 + A余白 + D1抵抗近接なし,2.0,48,5,80.0,6.912912820670363,1.3825825641340725,1.9762978386972958,7.8576557153497655,1.0080577252073057,1,1.805726531334089,0.3291164490438941,18.0,80.0,20.0,0,0.0
XAUUSD_H4,COMBO_D1,損切り3ATR以内 + Bから1.2ATR以内 + A余白 + D1抵抗近接なし,2.0,120,5,80.0,6.912912820670363,1.3825825641340725,1.9762978386972958,7.8576557153497655,1.0080577252073057,1,1.805726531334089,0.3291164490438941,18.0,80.0,20.0,0,0.0
XAUUSD_H4,COMBO_STRUCTURE,損切り3ATR以内 + Bから1.2ATR以内 + Aまで0.5R以上,2.0,48,5,80.0,6.912912820670363,1.3825825641340725,1.9762978386972958,7.8576557153497655,1.0080577252073057,1,1.805726531334089,0.3291164490438941,18.0,80.0,20.0,0,0.0
XAUUSD_H4,COMBO_STRUCTURE,損切り3ATR以内 + Bから1.2ATR以内 + Aまで0.5R以上,2.0,120,5,80.0,6.912912820670363,1.3825825641340725,1.9762978386972958,7.8576557153497655,1.0080577252073057,1,1.805726531334089,0.3291164490438941,18.0,80.0,20.0,0,0.0
XAUUSD_H4,BREAK_EXT_LE_0_8ATR,Bから0.8ATR以上伸びた飛び乗りを除外,1.0,120,46,58.69565217391305,6.607532849667456,0.14364201847103167,0.715173367159232,1.3839893178239369,3.0514493568375416,3,0.8430013511997911,0.6747491061004917,45.78260869565217,50.0,32.608695652173914,4,0.9473574507456451
ALL_H4,D1_CLOSE_GT_EMA20,D1終値がEMA20より上,2.0,48,238,44.537815126050425,6.186474809237245,0.02599359163545061,-0.1296341512461202,1.0674486815073119,19.385911218446598,14,0.7677741118871462,0.646630047855413,39.180672268907564,9.663865546218489,28.15126050420168,26,3.75327575001244
ALL_H4,BODY_LE_1ATR,エントリー足の実体が1.0ATR以内,1.0,120,337,51.038575667655785,6.0736354724149315,0.018022657188174872,0.13532353868045258,1.0409063042955535,21.46334232535452,11,0.7336032255798628,0.728461062818731,47.611275964391695,43.62017804154303,40.652818991097924,30,6.167784284790653
XAUUSD_H4,RISK_LE_2_5ATR,損切り幅が2.5ATR以内,2.0,48,3,100.0,5.95212205365165,1.98404068455055,1.9874800884110366,inf,0.0,0,2.132436440217298,0.09547918287652558,23.333333333333332,100.0,0.0,0,0.0
XAUUSD_H4,RISK_LE_2_5ATR,損切り幅が2.5ATR以内,2.0,120,3,100.0,5.95212205365165,1.98404068455055,1.9874800884110366,inf,0.0,0,2.132436440217298,0.09547918287652558,23.333333333333332,100.0,0.0,0,0.0
ALL_H4,RISK_LE_2_5ATR,損切り幅が2.5ATR以内,2.0,120,28,42.857142857142854,5.690506562195717,0.2032323772212756,-1.012082750578021,1.3447939844630254,7.331200217824757,7,1.30877675161746,0.9621621268828621,29.785714285714285,39.285714285714285,57.14285714285714,1,1.986118169579186
XAUUSD_H4,COMBO_RISK_CHASE,損切り3ATR以内 + Bから1.2ATR以内,1.5,48,7,71.42857142857143,5.354982650134207,0.7649975214477438,1.4688484922260086,3.6360100798088952,1.0080577252073057,1,1.2973433803145424,0.561017561589764,14.857142857142858,71.42857142857143,28.57142857142857,0,0.0
XAUUSD_H4,COMBO_RISK_CHASE,損切り3ATR以内 + Bから1.2ATR以内,1.5,120,7,71.42857142857143,5.354982650134207,0.7649975214477438,1.4688484922260086,3.6360100798088952,1.0080577252073057,1,1.2973433803145424,0.561017561589764,14.857142857142858,71.42857142857143,28.57142857142857,0,0.0
XAUUSD_H4,RISK_LE_3ATR,損切り幅が3.0ATR以内,1.5,48,7,71.42857142857143,5.354982650134207,0.7649975214477438,1.4688484922260086,3.6360100798088952,1.0080577252073057,1,1.2973433803145424,0.561017561589764,14.857142857142858,71.42857142857143,28.57142857142857,0,0.0
XAUUSD_H4,RISK_LE_3ATR,損切り幅が3.0ATR以内,1.5,120,7,71.42857142857143,5.354982650134207,0.7649975214477438,1.4688484922260086,3.6360100798088952,1.0080577252073057,1,1.2973433803145424,0.561017561589764,14.857142857142858,71.42857142857143,28.57142857142857,0,0.0
ALL_H4,D1_CLOSE_GT_EMA20,D1終値がEMA20より上,1.0,48,238,49.57983193277311,5.0704706398126715,0.021304498486607863,-0.004740424613556648,1.060288303934973,14.828346422087268,7,0.6172463042388534,0.6026467671835306,33.30252100840336,30.252100840336134,26.05042016806723,26,5.456294288639792
XAUUSD_H4,COMBO_D1,損切り3ATR以内 + Bから1.2ATR以内 + A余白 + D1抵抗近接なし,1.5,48,5,80.0,4.912912820670349,0.9825825641340697,1.4762978386972958,5.873642349856517,1.0080577252073057,1,1.5062709441927873,0.3291164490438941,11.4,80.0,20.0,0,0.0
XAUUSD_H4,COMBO_D1,損切り3ATR以内 + Bから1.2ATR以内 + A余白 + D1抵抗近接なし,1.5,120,5,80.0,4.912912820670349,0.9825825641340697,1.4762978386972958,5.873642349856517,1.0080577252073057,1,1.5062709441927873,0.3291164490438941,11.4,80.0,20.0,0,0.0
XAUUSD_H4,COMBO_STRUCTURE,損切り3ATR以内 + Bから1.2ATR以内 + Aまで0.5R以上,1.5,48,5,80.0,4.912912820670349,0.9825825641340697,1.4762978386972958,5.873642349856517,1.0080577252073057,1,1.5062709441927873,0.3291164490438941,11.4,80.0,20.0,0,0.0
XAUUSD_H4,COMBO_STRUCTURE,損切り3ATR以内 + Bから1.2ATR以内 + Aまで0.5R以上,1.5,120,5,80.0,4.912912820670349,0.9825825641340697,1.4762978386972958,5.873642349856517,1.0080577252073057,1,1.5062709441927873,0.3291164490438941,11.4,80.0,20.0,0,0.0
XAUUSD_H4,BODY_LE_1ATR,エントリー足の実体が1.0ATR以内,1.0,48,35,57.14285714285714,4.716759963289361,0.13476457037969602,0.22225493563723364,1.4369332266993904,4.3627711068488395,6,0.6921173644737527,0.6084610358722772,29.6,37.142857142857146,22.857142857142858,4,1.3818018871159372
XAUUSD_H4,RISK_LE_2_5ATR,損切り幅が2.5ATR以内,1.5,48,3,100.0,4.452122053651646,1.4840406845505487,1.4874800884110326,inf,0.0,0,1.6333437949817957,0.09547918287652558,12.333333333333334,100.0,0.0,0,0.0
XAUUSD_H4,RISK_LE_2_5ATR,損切り幅が2.5ATR以内,1.5,120,3,100.0,4.452122053651646,1.4840406845505487,1.4874800884110326,inf,0.0,0,1.6333437949817957,0.09547918287652558,12.333333333333334,100.0,0.0,0,0.0
ALL_H4,RISK_LE_2_5ATR,損切り幅が2.5ATR以内,2.0,48,28,42.857142857142854,4.419843827498294,0.15785156526779623,-0.8826023295751912,1.2823804568010533,7.331200217824756,7,1.2328769138273983,0.9387409955523938,23.857142857142858,28.57142857142857,50.0,1,0.24293203236447902
XAUUSD_H4,RANGE_LE_2ATR,エントリー足の高安が2.0ATR以内,1.0,120,47,55.319148936170215,4.197260298802439,0.08930341061281785,0.2950885389243468,1.2243189924620788,5.324197670657763,5,0.7836838810970455,0.6806449019988957,46.42553191489362,46.808510638297875,36.17021276595745,6,2.9388236572584243
ALL_H4,RISK_LE_2_5ATR,損切り幅が2.5ATR以内,1.0,48,28,57.14285714285714,3.26133855462781,0.11647637695099322,0.9637735038963631,1.2651307944933678,6.1620206982317125,5,0.9000368393348509,0.8394713177053085,13.857142857142858,57.14285714285714,42.857142857142854,1,0.9861181695791862
ALL_H4,RISK_LE_2_5ATR,損切り幅が2.5ATR以内,1.0,120,28,57.14285714285714,3.26133855462781,0.11647637695099322,0.9637735038963631,1.2651307944933678,6.1620206982317125,5,0.9000368393348509,0.8394713177053085,13.857142857142858,57.14285714285714,42.857142857142854,1,0.9861181695791862
XAUUSD_H4,RISK_LE_2_5ATR,損切り幅が2.5ATR以内,1.0,48,3,100.0,2.9521220536516504,0.9840406845505502,0.9874800884110367,inf,0.0,0,1.1812880124170653,0.09547918287652558,5.333333333333333,100.0,0.0,0,0.0
XAUUSD_H4,RISK_LE_2_5ATR,損切り幅が2.5ATR以内,1.0,120,3,100.0,2.9521220536516504,0.9840406845505502,0.9874800884110367,inf,0.0,0,1.1812880124170653,0.09547918287652558,5.333333333333333,100.0,0.0,0,0.0
XAUUSD_H4,COMBO_D1,損切り3ATR以内 + Bから1.2ATR以内 + A余白 + D1抵抗近接なし,1.0,48,5,80.0,2.912912820670363,0.5825825641340726,0.9762978386972958,3.8896289843632976,1.0080577252073057,1,0.9662800664417294,0.3291164490438941,7.0,80.0,20.0,0,0.0
XAUUSD_H4,COMBO_D1,損切り3ATR以内 + Bから1.2ATR以内 + A余白 + D1抵抗近接なし,1.0,120,5,80.0,2.912912820670363,0.5825825641340726,0.9762978386972958,3.8896289843632976,1.0080577252073057,1,0.9662800664417294,0.3291164490438941,7.0,80.0,20.0,0,0.0
XAUUSD_H4,COMBO_STRUCTURE,損切り3ATR以内 + Bから1.2ATR以内 + Aまで0.5R以上,1.0,48,5,80.0,2.912912820670363,0.5825825641340726,0.9762978386972958,3.8896289843632976,1.0080577252073057,1,0.9662800664417294,0.3291164490438941,7.0,80.0,20.0,0,0.0
XAUUSD_H4,COMBO_STRUCTURE,損切り3ATR以内 + Bから1.2ATR以内 + Aまで0.5R以上,1.0,120,5,80.0,2.912912820670363,0.5825825641340726,0.9762978386972958,3.8896289843632976,1.0080577252073057,1,0.9662800664417294,0.3291164490438941,7.0,80.0,20.0,0,0.0
XAUUSD_H4,COMBO_RISK_CHASE,損切り3ATR以内 + Bから1.2ATR以内,1.0,48,7,71.42857142857143,2.854982650134232,0.40785466430489026,0.9688484922260188,2.405375803270761,1.0080577252073057,1,0.8413374189972307,0.561017561589764,11.0,71.42857142857143,28.57142857142857,0,0.0
XAUUSD_H4,COMBO_RISK_CHASE,損切り3ATR以内 + Bから1.2ATR以内,1.0,120,7,71.42857142857143,2.854982650134232,0.40785466430489026,0.9688484922260188,2.405375803270761,1.0080577252073057,1,0.8413374189972307,0.561017561589764,11.0,71.42857142857143,28.57142857142857,0,0.0
XAUUSD_H4,RISK_LE_3ATR,損切り幅が3.0ATR以内,1.0,48,7,71.42857142857143,2.854982650134232,0.40785466430489026,0.9688484922260188,2.405375803270761,1.0080577252073057,1,0.8413374189972307,0.561017561589764,11.0,71.42857142857143,28.57142857142857,0,0.0
XAUUSD_H4,RISK_LE_3ATR,損切り幅が3.0ATR以内,1.0,120,7,71.42857142857143,2.854982650134232,0.40785466430489026,0.9688484922260188,2.405375803270761,1.0080577252073057,1,0.8413374189972307,0.561017561589764,11.0,71.42857142857143,28.57142857142857,0,0.0
ALL_H4,RISK_LE_2_5ATR,損切り幅が2.5ATR以内,1.5,120,28,42.857142857142854,1.2613385546277947,0.045047805522421235,-1.012082750578021,1.076425875491679,7.831200217824757,7,1.065350853845529,0.9603987943612492,24.0,42.857142857142854,57.14285714285714,1,1.4861181695791763
XAUUSD_H4,BODY_LE_1ATR,エントリー足の実体が1.0ATR以内,1.0,120,35,51.42857142857142,0.8040626914121344,0.02297321975463241,0.10094187933086067,1.054855042426772,6.29074015081224,6,0.7284023073394584,0.7250809062928742,47.08571428571429,42.857142857142854,37.142857142857146,4,0.9473574507456451
ALL_H4,RISK_LE_2_5ATR,損切り幅が2.5ATR以内,1.5,48,28,42.857142857142854,0.16614397103938638,0.005933713251406657,-0.8826023295751912,1.0106148118051035,7.831200217824757,7,1.022884632796751,0.9387409955523938,21.0,35.714285714285715,50.0,1,0.24293203236447902
ALL_H4,D1_CLOSE_GT_EMA20,D1終値がEMA20より上,1.5,48,238,44.957983193277315,-0.7744967741954429,-0.003254188126871609,-0.12487803841795661,0.9914609759907081,21.122421696952884,14,0.7091860743609087,0.6393093127740482,37.575630252100844,15.546218487394958,27.73109243697479,26,3.6597339968000417
