symbol,timeframe,signal_time,direction,entry_mode,grade,risk_weight,score,reasons,trigger_level,a_level,b_level,trendline,trendline_slope_atr,retrace,stop,target_half,signal_body_ratio,pivots,entry_time,entry,target,planned_rr,exit_time,exit,exit_reason,bars_held,risk,r_clean,r_after_cost,weighted_r_after_cost,sample
SILVER,H1,2015-01-20 12:00:00,long,A_early,half,0.5,5.5,"斜め抜け,A抜け,押し過不足,右肩維持,実体ブレイク,EMA100上向き,調整高値切下げ",17.791,17.791,18.008,17.708214285714288,-0.04158050567267777,0.2505112474437634,17.58604237677414,18.096,0.9062500000000188,6209-6223-6225-6237-6245-6253,2015-01-20 13:00:00,17.855,18.096,0.8960519397422635,2015-01-21 02:00:00,18.096,TP_half,12,0.2689576232258588,0.8960519397422635,0.7659199152983657,0.38295995764918284,IS_2015_2024
XAUUSD,H1,2015-03-10 14:00:00,short,A_early,half,0.5,5.5,"斜め抜け,A抜け,戻し過不足,右肩維持,実体ブレイク,EMA100下向き,調整安値切上げ",1165.798,1165.798,1155.192,1167.209,0.023146851599392063,0.1576249094858796,1169.882160168791,1151.9025,0.5684491978609636,7093-7099-7114-7124-7128-7135,2015-03-10 15:00:00,1164.207,1151.9025,2.1681326401439307,2015-03-11 14:00:00,1151.9025,TP_half,22,5.675160168790853,2.1681326401439307,2.106460371945251,1.0532301859726254,IS_2015_2024
GBPJPY,H1,2015-03-20 10:00:00,long,B_confirmed,half,0.5,5.0,"B抜け,半値以上の押し,調整高値切下げ",178.41,179.88,178.41,178.31599999999997,-0.21160122455930747,0.8514588859416443,177.62572816023004,179.575,0.13793103448273497,13434-13439-13451-13454-13461-13469,2015-03-20 11:00:00,178.48,179.575,1.2817933929495735,2015-03-20 13:00:00,179.575,TP_half,2,0.8542718397699502,1.2817933929495735,1.258381641480196,0.629190820740098,IS_2015_2024
AUDJPY,H1,2015-03-31 01:00:00,short,A_early,half,0.5,5.5,"斜め抜け,A抜け,戻し過不足,右肩維持,実体ブレイク,EMA100下向き,調整安値切上げ",91.941,91.941,91.635,91.95999999999998,0.005717294612806509,0.20792079207920594,92.22298158019561,91.58200000000001,0.4560669456066911,7661-7675-7678-7680-7682-7688,2015-03-31 02:00:00,91.906,91.58200000000001,1.0221414121289483,2015-03-31 06:00:00,91.58200000000001,TP_half,4,0.31698158019560196,1.0221414121289483,0.9827069440684535,0.49135347203422675,IS_2015_2024
CHFJPY,H1,2015-05-05 10:00:00,long,B_confirmed,half,0.5,5.5,"斜め抜け,B抜け,押し過不足,右肩維持,実体ブレイク,EMA100上向き,調整高値切下げ",128.746,128.985,128.746,128.8420384615385,-0.025128246346423577,0.2284929835265387,128.35881641540888,130.05200000000002,0.6981566820276475,8231-8260-8281-8286-8288-8293,2015-05-05 11:00:00,128.968,130.05200000000002,1.7794307453764155,2015-05-06 13:00:00,130.05200000000002,TP_half,26,0.6091835845911078,1.7794307453764155,1.7465999198159958,0.8732999599079979,IS_2015_2024
GBPJPY,H1,2015-06-29 16:00:00,short,B_confirmed,half,0.5,6.0,"B抜け,浅い戻し,右肩維持,実体ブレイク,EMA100下向き,調整安値切上げ",192.65,192.23,192.65,193.51857142857142,0.23955898008275447,0.48818897637795605,193.3677987609585,191.365,0.6790123456790245,15134-15140-15144-15147-15149-15153,2015-06-29 17:00:00,192.55,191.365,1.4490117331691124,2015-07-03 13:00:00,191.365,TP_half,92,0.8177987609584818,1.4490117331691124,1.4245558389384323,0.7122779194692161,IS_2015_2024
EURJPY,H1,2015-07-01 08:00:00,long,B_confirmed,normal,1.0,7.0,"B抜け,半値以上の押し,右肩維持,実体ブレイク,調整高値切下げ",136.54,137.46,136.54,136.8615,-0.10202761767872122,0.5821727019498611,135.93825201309866,137.79500000000002,0.5483870967742202,9046-9058-9073-9078-9081-9086,2015-07-01 09:00:00,136.61,137.79500000000002,1.7640544119323478,2015-07-03 16:00:00,135.93825201309866,SL,55,0.6717479869013516,-1.0,-1.018608168902223,-1.018608168902223,IS_2015_2024
XAUUSD,H1,2015-07-23 01:00:00,long,B_confirmed,normal,1.0,8.0,"斜め抜け,B抜け,半値以上の押し,実体ブレイク,調整高値切下げ",1096.299,1109.879,1096.299,1097.7601785714285,-0.109777966044764,0.6612342819324966,1086.4812760378304,1111.254,0.6846536548028889,9313-9318-9332-9346-9372-9373,2015-07-23 02:00:00,1098.13,1111.254,1.1266470080861384,2015-07-24 01:00:00,1086.4812760378304,SL,22,11.648723962169697,-1.0,-1.0300462094506484,-1.0300462094506484,IS_2015_2024
AUDJPY,H1,2015-10-06 08:00:00,long,A_early,half,0.5,5.5,"斜め抜け,A抜け,押し過不足,右肩維持,実体ブレイク,EMA100上向き,調整高値切下げ",85.509,85.509,85.942,85.49344444444444,-0.004857044963413032,0.1800000000000005,85.06824744388898,86.239,0.6198630136986178,10903-10923-10927-10932-10938-10942,2015-10-06 09:00:00,85.601,86.239,1.197554085253515,2015-10-06 19:00:00,86.239,TP_half,10,0.5327525561110207,1.197554085253515,1.1740910349938671,0.5870455174969336,IS_2015_2024
AUDJPY,H1,2015-10-12 07:00:00,long,B_confirmed,half,0.5,5.5,"A抜け,B抜け,押し過不足,右肩維持,実体ブレイク,EMA100上向き,調整高値切下げ",88.311,88.295,88.311,88.183,-0.0332556117551503,0.22380387504942797,87.72190184194152,89.0285,0.4758842443729889,10992-11020-11024-11025-11034-11036,2015-10-12 08:00:00,88.415,89.0285,0.8851560098190523,2015-10-13 02:00:00,87.72190184194152,SL,18,0.6930981580584898,-1.0,-1.0180349635252295,-0.5090174817626147,IS_2015_2024
GBPJPY,H1,2015-11-10 10:00:00,short,B_confirmed,normal,1.0,7.0,"B抜け,半値以上の戻し,右肩維持,実体ブレイク,調整安値切上げ",186.03,185.87,186.03,186.9776923076923,0.29091533989233276,0.6053412462908031,186.35230678352076,184.625,0.5161290322580497,17350-17373-17395-17399-17409-17412,2015-11-10 11:00:00,185.99,184.625,3.7675253737605776,2015-11-10 13:00:00,186.35230678352076,SL,2,0.36230678352075074,-1.0,-1.0552018369781264,-1.0552018369781264,IS_2015_2024
GBPJPY,H1,2016-02-12 06:00:00,short,B_confirmed,half,0.5,6.0,"B抜け,浅い戻し,右肩維持,実体ブレイク,EMA100下向き,調整安値切上げ",162.03,161.25,162.03,163.87,0.24423053556219582,0.416993464052287,163.28325099026793,159.305,0.6734693877551056,18910-18931-18937-18938-18944-18946,2016-02-12 07:00:00,161.81,159.305,1.7003212735288447,2016-02-12 08:00:00,163.28325099026793,SL,1,1.4732509902679283,-1.0,-1.0135754193495194,-0.5067877096747597,IS_2015_2024
EURJPY,H1,2016-07-14 02:00:00,long,A_early,normal,1.0,7.5,"斜め抜け,A抜け,B抜け,押し過不足,右肩維持,実体ブレイク,EMA100上向き,調整高値切下げ",116.21,116.21,115.98,116.04333333333332,-0.031937905940965454,0.3089171974522289,115.3704205408354,117.00999999999999,0.8372093023255668,15389-15406-15415-15424-15428-15431,2016-07-14 03:00:00,116.25,117.00999999999999,0.8640492818259026,2016-07-14 06:00:00,117.00999999999999,TP_half,3,0.8795794591646029,0.8640492818259026,0.8498379449537787,0.8498379449537787,IS_2015_2024
EURJPY,H1,2016-07-14 02:00:00,long,B_confirmed,normal,1.0,7.5,"斜め抜け,A抜け,B抜け,押し過不足,右肩維持,実体ブレイク,EMA100上向き,調整高値切下げ",115.98,116.21,115.98,116.04333333333332,-0.031937905940965454,0.3089171974522289,115.3704205408354,117.00999999999999,0.8372093023255668,15389-15406-15415-15424-15428-15431,2016-07-14 03:00:00,116.25,117.00999999999999,0.8640492818259026,2016-07-14 06:00:00,117.00999999999999,TP_half,3,0.8795794591646029,0.8640492818259026,0.8498379449537787,0.8498379449537787,IS_2015_2024
GBPJPY,H1,2016-07-18 14:00:00,long,B_confirmed,normal,1.0,9.5,"A抜け,B抜け,半値以上の押し,右肩維持,実体ブレイク,EMA100上向き,調整高値切下げ",140.34,140.31,140.34,138.4315,-0.22337034288497332,0.5716374269005864,139.16061845531175,142.70999999999998,1.0,21536-21566-21578-21586-21589-21592,2016-07-18 15:00:00,140.59,142.70999999999998,1.483158928333823,2016-07-19 16:00:00,139.16061845531175,SL,25,1.4293815446882547,-1.0,-1.0139920653616272,-1.0139920653616272,IS_2015_2024
EURJPY,H1,2016-09-09 18:00:00,long,A_early,half,0.5,5.5,"斜め抜け,A抜け,押し過不足,右肩維持,実体ブレイク,EMA100上向き,調整高値切下げ",115.27,115.27,115.93,115.09545454545453,-0.06542408502741369,0.32558139534883695,114.9655348629198,115.655,0.761904761904836,16389-16404-16411-16415-16416-16421,2016-09-09 19:00:00,115.28,115.655,1.1925010304221904,2016-09-11 22:00:00,114.9655348629198,SL,2,0.3144651370802052,-1.0,-1.0397500343473702,-0.5198750171736851,IS_2015_2024
EURJPY,H1,2017-01-17 07:00:00,short,B_confirmed,half,0.5,5.5,"A抜け,B抜け,戻し過不足,右肩維持,実体ブレイク,EMA100下向き,調整安値切上げ",120.81,120.82,120.81,120.93249999999998,0.04351518347338857,0.1901840490797478,121.10447072677326,120.255,0.5999999999999659,18535-18550-18552-18558-18562-18567,2017-01-17 08:00:00,120.7,120.255,1.1002032299100677,2017-01-17 13:00:00,121.10447072677326,SL,5,0.4044707267732548,-1.0,-1.0309045851098046,-0.5154522925549023,IS_2015_2024
USDJPY,H1,2017-06-19 12:00:00,long,B_confirmed,half,0.5,5.5,"A抜け,B抜け,押し過不足,右肩維持,実体ブレイク,EMA100上向き,調整高値切下げ",111.209,111.136,111.209,110.87661538461538,-0.13511234993271676,0.2604435275915387,110.88000383588007,111.88150000000002,0.48705882352943347,21494-21522-21525-21535-21540-21542,2017-06-19 13:00:00,111.263,111.88150000000002,1.6148986803072423,2017-06-23 13:00:00,111.257,time_exit,96,0.3829961641199304,-0.015665953244694646,-0.041775875319160986,-0.020887937659580493,IS_2015_2024
XAUUSD,H1,2017-07-18 01:00:00,long,A_early,half,0.5,6.5,"斜め抜け,A抜け,B抜け,押し過不足,右肩維持,実体ブレイク,EMA100上向き",1237.3259130434783,1235.972,1235.591,1237.3259130434783,0.07082212684345579,0.0021550533237546174,1232.4366581800568,1241.8674999999998,0.8301698301698291,21091-21104-21119-21127-21128-21132,2017-07-18 02:00:00,1237.572,1241.8674999999998,0.8364584385246595,2017-07-18 12:00:00,1241.8674999999998,TP_half,10,5.135341819943051,0.8364584385246595,0.768303286974491,0.3841516434872455,IS_2015_2024
XAUUSD,H1,2017-07-18 01:00:00,long,B_confirmed,half,0.5,6.5,"斜め抜け,A抜け,B抜け,押し過不足,右肩維持,実体ブレイク,EMA100上向き",1235.591,1235.972,1235.591,1237.3259130434783,0.07082212684345579,0.0021550533237546174,1232.4366581800568,1241.8674999999998,0.8301698301698291,21091-21104-21119-21127-21128-21132,2017-07-18 02:00:00,1237.572,1241.8674999999998,0.8364584385246595,2017-07-18 12:00:00,1241.8674999999998,TP_half,10,5.135341819943051,0.8364584385246595,0.768303286974491,0.3841516434872455,IS_2015_2024
XAUUSD,H1,2017-08-01 13:00:00,long,A_early,half,0.5,5.5,"斜め抜け,A抜け,押し過不足,右肩維持,実体ブレイク,EMA100上向き,調整高値切下げ",1270.278,1270.278,1270.699,1269.659090909091,-0.01644276707074641,0.29910131903174025,1266.5314974621317,1273.9009999999998,0.5263157894736862,21324-21341-21350-21363-21366-21370,2017-08-01 14:00:00,1270.539,1273.9009999999998,0.8389264805776547,2017-08-01 14:00:00,1273.9009999999998,TP_half,0,4.007502537868277,0.8389264805776547,0.7515902913443689,0.37579514567218447,IS_2015_2024
XAUUSD,H1,2017-09-24 22:00:00,short,B_confirmed,half,0.5,5.5,"斜め抜け,B抜け,戻し過不足,右肩維持,実体ブレイク,EMA100下向き,調整安値切上げ",1294.051,1293.411,1294.051,1295.465347826087,0.09572159476723213,0.37044629050238875,1298.9389265913721,1284.5585,0.8035398230088625,22199-22225-22240-22248-22250-22253,2017-09-24 23:00:00,1293.371,1284.5585,1.5827256080666883,2017-09-25 14:00:00,1298.9389265913721,SL,15,5.567926591372043,-1.0,-1.0628600241501909,-0.5314300120750954,IS_2015_2024
SILVER,H1,2017-09-27 17:00:00,short,A_early,half,0.5,5.5,"斜め抜け,A抜け,戻し過不足,右肩維持,実体ブレイク,EMA100下向き,調整安値切上げ",16.775,16.775,16.713,16.777399999999997,0.0038619822334031444,0.24416135881103698,16.89980983394279,16.6505,0.8589743589743222,22111-22124-22136-22139-22141-22143,2017-09-27 18:00:00,16.763,16.6505,0.8223093088984128,2017-09-29 17:00:00,16.6505,TP_half,45,0.13680983394278812,0.8223093088984128,0.5664797461300183,0.28323987306500914,IS_2015_2024
XAUUSD,H1,2017-10-10 01:00:00,long,B_confirmed,half,0.5,5.5,"A抜け,B抜け,押し過不足,右肩維持,実体ブレイク,EMA100上向き,調整高値切下げ",1285.159,1284.122,1285.159,1280.7186000000002,-0.11316016313512064,0.24237424547284125,1278.9452929964984,1291.833,0.5338318438810945,22479-22495-22496-22500-22503-22508,2017-10-10 02:00:00,1285.972,1291.833,0.8341033711921467,2017-10-10 10:00:00,1291.833,TP_half,8,7.026707003501542,0.8341033711921467,0.7842934104486968,0.3921467052243484,IS_2015_2024
XAUUSD,H1,2018-04-13 13:00:00,long,B_confirmed,normal,1.0,9.0,"A抜け,B抜け,半値以上の押し,右肩維持,実体ブレイク,調整高値切下げ",1341.878,1340.998,1341.878,1334.7818285714286,-0.21848282893791793,0.8485185944963781,1335.585743709981,1353.2795,0.7702702702702694,25425-25458-25485-25493-25495-25497,2018-04-13 14:00:00,1343.678,1353.2795,1.1865046849594154,2018-04-18 12:00:00,1353.2795,TP_half,67,8.092256290019122,1.1865046849594154,1.1432534596575399,1.1432534596575399,IS_2015_2024
GBPJPY,H1,2018-07-04 08:00:00,long,B_confirmed,normal,1.0,7.5,"B抜け,半値以上の押し,右肩維持,実体ブレイク,EMA100上向き,調整高値切下げ",145.88,145.95,145.88,145.54999999999998,-0.16341015327462755,0.6410256410256479,145.55920286143137,146.185,0.6315789473684525,33588-33607-33615-33619-33623-33624,2018-07-04 09:00:00,145.87,146.185,1.0135228446784377,2018-07-04 17:00:00,146.185,TP_half,8,0.3107971385686312,1.0135228446784377,0.9491721878735156,0.9491721878735156,IS_2015_2024
EURJPY,H1,2018-08-03 07:00:00,short,A_early,half,0.5,6.5,"斜め抜け,A抜け,B抜け,戻し過不足,右肩維持,実体ブレイク,EMA100下向き",129.28,129.28,129.3,129.28,0.0,0.21782178217821865,129.52526190927685,128.995,0.45000000000004264,28022-28038-28039-28048-28050-28052,2018-08-03 08:00:00,129.24,128.995,0.8588598478538443,2018-08-03 13:00:00,128.995,TP_half,5,0.2852619092768407,0.8588598478538443,0.8150404678613419,0.40752023393067094,IS_2015_2024
EURJPY,H1,2018-08-03 07:00:00,short,B_confirmed,half,0.5,6.5,"斜め抜け,A抜け,B抜け,戻し過不足,右肩維持,実体ブレイク,EMA100下向き",129.3,129.28,129.3,129.28,0.0,0.21782178217821865,129.52526190927685,128.995,0.45000000000004264,28022-28038-28039-28048-28050-28052,2018-08-03 08:00:00,129.24,128.995,0.8588598478538443,2018-08-03 13:00:00,128.995,TP_half,5,0.2852619092768407,0.8588598478538443,0.8150404678613419,0.40752023393067094,IS_2015_2024
EURJPY,H1,2018-09-17 08:00:00,long,B_confirmed,half,0.5,5.5,"B抜け,半値以上の押し,実体ブレイク,EMA100上向き",130.39,131.08,130.39,131.30000000000004,0.07018961653839717,0.569620253164556,130.07150575685355,130.89,0.5000000000000507,28740-28758-28762-28766-28780-28781,2018-09-17 09:00:00,130.44,130.89,1.2211859706615658,2018-09-17 13:00:00,130.89,TP_half,4,0.3684942431464435,1.2211859706615658,1.187264138143219,0.5936320690716095,IS_2015_2024
AUDJPY,H1,2018-10-12 14:00:00,short,B_confirmed,normal,1.0,9.5,"斜め抜け,B抜け,半値以上の戻し,右肩維持,実体ブレイク,EMA100下向き,調整安値切上げ",79.869,79.449,79.869,79.83566666666665,0.10409799827129448,0.753603294440634,80.17814448626179,79.41250000000001,0.7042682926829472,29718-29726-29743-29747-29758-29763,2018-10-12 15:00:00,79.791,79.41250000000001,0.9776711626574595,2018-10-16 13:00:00,80.17814448626179,SL,46,0.3871444862617892,-1.0,-1.0322876870097952,-1.0322876870097952,IS_2015_2024
USDJPY,H1,2018-11-08 15:00:00,long,A_early,normal,1.0,7.5,"斜め抜け,A抜け,B抜け,押し過不足,右肩維持,実体ブレイク,EMA100上向き,調整高値切下げ",113.735,113.735,113.753,113.70030769230769,-0.029362996472681743,0.28103044496486546,113.55551822679759,114.00399999999999,0.7668711656441873,30183-30185-30193-30211-30213-30216,2018-11-08 16:00:00,113.798,114.00399999999999,0.8495483898826017,2018-11-08 21:00:00,114.00399999999999,TP_half,5,0.24248177320241382,0.8495483898826017,0.8083081767815398,0.8083081767815398,IS_2015_2024
USDJPY,H1,2018-11-08 15:00:00,long,B_confirmed,normal,1.0,7.5,"斜め抜け,A抜け,B抜け,押し過不足,右肩維持,実体ブレイク,EMA100上向き,調整高値切下げ",113.753,113.735,113.753,113.70030769230769,-0.029362996472681743,0.28103044496486546,113.55551822679759,114.00399999999999,0.7668711656441873,30183-30185-30193-30211-30213-30216,2018-11-08 16:00:00,113.798,114.00399999999999,0.8495483898826017,2018-11-08 21:00:00,114.00399999999999,TP_half,5,0.24248177320241382,0.8495483898826017,0.8083081767815398,0.8083081767815398,IS_2015_2024
EURJPY,H1,2019-04-15 12:00:00,long,A_early,half,0.5,5.5,"斜め抜け,A抜け,押し過不足,右肩維持,実体ブレイク,EMA100上向き,調整高値切下げ",126.7,126.7,126.73,126.66153846153847,-0.03144619530393591,0.17763157894736628,126.45553819271947,127.24000000000001,0.611111111111133,32269-32294-32299-32307-32311-32313,2019-04-15 13:00:00,126.72,127.24000000000001,1.9662574545156317,2019-04-16 01:00:00,126.45553819271947,SL,12,0.2644618072805258,-1.0,-1.0472658041950433,-0.5236329020975217,IS_2015_2024
AUDJPY,H1,2019-04-22 01:00:00,short,A_early,half,0.5,5.5,"斜め抜け,A抜け,戻し過不足,右肩維持,実体ブレイク,EMA100下向き,調整安値切上げ",79.957,79.957,79.904,79.97743478260868,0.026950880876162615,0.2810077519380014,80.07016446360518,79.797,0.6315789473684408,32911-32921-32935-32944-32949-32950,2019-04-22 02:00:00,79.943,79.797,1.1481194970734723,2019-04-22 12:00:00,79.797,TP_half,10,0.1271644636051832,1.1481194970734723,1.0498215949268608,0.5249107974634304,IS_2015_2024
EURJPY,H1,2019-05-07 07:00:00,short,B_confirmed,normal,1.0,9.5,"斜め抜け,B抜け,半値以上の戻し,右肩維持,実体ブレイク,EMA100下向き,調整安値切上げ",123.89,123.78,123.89,123.995,0.12482595142965577,0.6475409836065631,124.1744479649524,123.53,0.8666666666666919,32655-32663-32680-32683-32686-32687,2019-05-07 08:00:00,123.85,123.53,0.9862906677405988,2019-05-07 13:00:00,123.53,TP_half,5,0.32444796495241235,0.9862906677405988,0.9477636885320159,0.9477636885320159,IS_2015_2024
USDJPY,H1,2019-05-07 08:00:00,short,B_confirmed,normal,1.0,8.0,"A抜け,B抜け,浅い戻し,右肩維持,実体ブレイク,EMA100下向き,調整安値切上げ",110.588,110.587,110.588,110.75585000000001,0.12354965092546505,0.4031007751938012,110.8768483097848,110.14250000000001,0.6946564885496797,33186-33199-33213-33219-33222-33225,2019-05-07 09:00:00,110.562,110.14250000000001,1.33238765133186,2019-05-08 00:00:00,110.14250000000001,TP_half,15,0.31484830978480716,1.33238765133186,1.300626324720878,1.300626324720878,IS_2015_2024
XAUUSD,H1,2019-05-15 08:00:00,long,B_confirmed,half,0.5,5.0,"B抜け,浅い押し,実体ブレイク,EMA100上向き,調整高値切下げ",1298.085,1299.458,1298.085,1293.461916666667,-0.17592296865411072,0.4495541999061451,1293.3062255480365,1304.32,0.8389513108614037,31840-31856-31863-31868-31871-31880,2019-05-15 09:00:00,1298.768,1304.32,1.0165194569695164,2019-05-16 12:00:00,1293.3062255480365,SL,26,5.4617744519634925,-1.0,-1.0640817381014904,-0.5320408690507452,IS_2015_2024
XAUUSD,H1,2019-08-27 14:00:00,long,B_confirmed,normal,1.0,8.0,"A抜け,B抜け,浅い押し,右肩維持,実体ブレイク,EMA100上向き,調整高値切下げ",1534.968,1537.098,1534.968,1511.2948749999998,-0.2931786094651454,0.4688743442742736,1525.4126815464836,1556.9645,0.6512288501914195,33518-33533-33543-33549-33552-33565,2019-08-27 15:00:00,1538.108,1556.9645,1.4853113034574692,2019-08-29 16:00:00,1525.4126815464836,SL,47,12.695318453516393,-1.0,-1.027569217840549,-1.027569217840549,IS_2015_2024
USDJPY,H1,2020-04-12 22:00:00,short,B_confirmed,half,0.5,5.5,"斜め抜け,B抜け,戻し過不足,右肩維持,実体ブレイク,EMA100下向き,調整安値切上げ",108.344,108.327,108.344,108.45557142857143,0.08368154295766153,0.3161592505854871,108.49748582822085,108.05,0.46743295019157816,38969-38985-38991-38999-39003-39008,2020-04-12 23:00:00,108.326,108.05,1.6094624428354658,2020-04-13 01:00:00,108.05,TP_half,2,0.17148582822085245,1.6094624428354658,1.5511485862110446,0.7755742931055223,IS_2015_2024
SILVER,H1,2020-06-26 13:00:00,short,B_confirmed,half,0.5,6.0,"B抜け,半値以上の戻し,実体ブレイク,調整安値切上げ",17.679,17.438,17.679,17.518347826086952,0.03984382746483709,0.7278582930756831,17.829804741411508,17.502499999999998,0.7839195979899692,38260-38262-38281-38285-38294-38301,2020-06-26 14:00:00,17.659,17.502499999999998,0.9162509114600986,2020-06-26 14:00:00,17.502499999999998,TP_half,0,0.1708047414115086,0.9162509114600986,0.7113385670441028,0.3556692835220514,IS_2015_2024
USDJPY,H1,2020-09-01 01:00:00,short,B_confirmed,half,0.5,6.5,"B抜け,半値以上の戻し,実体ブレイク,EMA100下向き,調整安値切上げ",105.785,105.292,105.785,105.48575000000001,0.05647921308352808,0.5134516313680627,106.12344372514022,105.2225,0.7737226277371839,41395-41404-41414-41416-41429-41433,2020-09-01 02:00:00,105.712,105.2225,1.1897131250043715,2020-09-01 14:00:00,106.12344372514022,SL,12,0.41144372514021654,-1.0,-1.024304660367789,-0.5121523301838945,IS_2015_2024
EURJPY,H1,2020-10-06 06:00:00,short,B_confirmed,half,0.5,5.0,"A抜け,B抜け,戻し過不足,右肩維持,実体ブレイク,調整安値切上げ",124.48,124.43,124.48,124.94277777777779,0.3084645349875409,1.4188034188034138,124.69557470306663,124.08500000000001,0.466666666666673,41340-41357-41391-41393-41398-41399,2020-10-06 07:00:00,124.41,124.08500000000001,1.1380559850364642,2020-10-06 11:00:00,124.69557470306663,SL,4,0.28557470306662935,-1.0,-1.0437713840398257,-0.5218856920199129,IS_2015_2024
AUDJPY,H1,2020-11-11 02:00:00,long,B_confirmed,half,0.5,5.5,"斜め抜け,B抜け,押し過不足,右肩維持,実体ブレイク,EMA100上向き,調整高値切下げ",76.74,76.825,76.74,76.66271428571429,-0.06101700396150748,0.3755841121495324,76.36175399811745,77.251,0.4943820224719364,42593-42598-42612-42619-42624-42626,2020-11-11 03:00:00,76.759,77.251,1.2385272543170096,2020-11-12 06:00:00,76.36175399811745,SL,27,0.3972460018825501,-1.0,-1.0314666477214398,-0.5157333238607199,IS_2015_2024
XAUUSD,H1,2021-03-02 07:00:00,short,A_early,half,0.5,5.5,"斜め抜け,A抜け,戻し過不足,右肩維持,実体ブレイク,EMA100下向き,調整安値切上げ",1719.525,1719.525,1707.066,1720.426851851852,0.012664115035314049,0.21340644795310693,1729.800263518354,1701.9335,0.5234354194407214,42401-42408-42422-42435-42438-42441,2021-03-02 08:00:00,1717.775,1701.9335,1.3173515886634277,2021-03-02 10:00:00,1729.800263518354,SL,2,12.025263518353995,-1.0,-1.0291053912844352,-0.5145526956422176,IS_2015_2024
CHFJPY,H1,2021-06-22 12:00:00,long,A_early,normal,1.0,7.0,"斜め抜け,A抜け,B抜け,押し過不足,右肩維持,実体ブレイク,調整高値切下げ",120.174,120.174,120.211,120.09975000000003,-0.05313775396372342,0.19895678092399116,119.90894863111592,120.61099999999999,0.8043478260868844,46375-46394-46396-46398-46400-46402,2021-06-22 13:00:00,120.257,120.61099999999999,1.0170912447061236,2021-06-23 06:00:00,120.61099999999999,TP_half,17,0.34805136888408583,1.0170912447061236,0.959628462519305,0.959628462519305,IS_2015_2024
CHFJPY,H1,2021-06-22 12:00:00,long,B_confirmed,normal,1.0,7.0,"斜め抜け,A抜け,B抜け,押し過不足,右肩維持,実体ブレイク,調整高値切下げ",120.211,120.174,120.211,120.09975000000003,-0.05313775396372342,0.19895678092399116,119.90894863111592,120.61099999999999,0.8043478260868844,46375-46394-46396-46398-46400-46402,2021-06-22 13:00:00,120.257,120.61099999999999,1.0170912447061236,2021-06-23 06:00:00,120.61099999999999,TP_half,17,0.34805136888408583,1.0170912447061236,0.959628462519305,0.959628462519305,IS_2015_2024
XAUUSD,H1,2022-06-06 13:00:00,short,B_confirmed,half,0.5,5.5,"斜め抜け,B抜け,戻し過不足,右肩維持,実体ブレイク,EMA100下向き,調整安値切上げ",1850.808,1847.273,1850.808,1853.9282777777776,0.09762178094792656,0.9825540823447314,1857.2356221830344,1842.188,0.5822784810126421,49806-49830-49867-49884-49894-49898,2022-06-06 14:00:00,1850.243,1842.188,1.151928388114971,2022-06-06 15:00:00,1842.188,TP_half,1,6.9926221830344275,1.151928388114971,1.1018756338206932,0.5509378169103466,IS_2015_2024
XAUUSD,H1,2022-06-20 02:00:00,long,B_confirmed,half,0.5,6.5,"B抜け,半値以上の押し,実体ブレイク,EMA100上向き,調整高値切下げ",1841.758,1852.953,1841.758,1849.0833333333335,-0.056509109588445745,0.5551288056206101,1832.6604825447275,1855.0639999999999,0.6355247981545662,50085-50094-50100-50109-50116-50117,2022-06-20 03:00:00,1842.198,1855.0639999999999,1.3489883568063228,2022-06-21 06:00:00,1832.6604825447275,SL,24,9.537517455272564,-1.0,-1.0366971805442566,-0.5183485902721283,IS_2015_2024
SILVER,H1,2022-06-23 15:00:00,short,A_early,half,0.5,5.5,"斜め抜け,A抜け,戻し過不足,右肩維持,実体ブレイク,EMA100下向き,調整安値切上げ",21.255,21.255,21.081,21.277388888888886,0.013916074607863385,0.24539007092198395,21.42175155201092,21.0445,0.9220183486238557,49990-50006-50012-50024-50029-50034,2022-06-23 16:00:00,21.213,21.0445,0.807179627537271,2022-06-23 17:00:00,21.0445,TP_half,1,0.20875155201092,0.807179627537271,0.6395162034197379,0.31975810170986896,IS_2015_2024
SILVER,H1,2022-06-29 10:00:00,long,B_confirmed,half,0.5,6.0,"B抜け,半値以上の押し,実体ブレイク,調整高値切下げ",20.908,21.354,20.908,21.130285714285716,-0.07829998443191266,0.8083511777301938,20.751835974628015,21.24,0.8919999999999959,50058-50076-50092-50097-50112-50115,2022-06-29 11:00:00,20.929,21.24,1.755435390153321,2022-06-29 13:00:00,20.751835974628015,SL,2,0.17716402537198306,-1.0,-1.1975570374770628,-0.5987785187385314,IS_2015_2024
SILVER,H1,2022-08-09 07:00:00,short,B_confirmed,half,0.5,5.0,"A抜け,B抜け,戻し過不足,右肩維持,実体ブレイク,調整安値切上げ",20.578,20.575,20.578,21.01985714285714,0.40170419749613645,1.5390625000000016,20.737457078020345,20.335,0.6904761904761915,50737-50746-50770-50774-50778-50781,2022-08-09 08:00:00,20.544,20.335,1.0803429997946143,2022-08-10 08:00:00,20.335,TP_half,23,0.1934570780203444,1.0803429997946143,0.8994243156184818,0.4497121578092409,IS_2015_2024
EURJPY,H1,2022-08-11 09:00:00,short,B_confirmed,half,0.5,5.5,"斜め抜け,B抜け,戻し過不足,右肩維持,実体ブレイク,EMA100下向き,調整安値切上げ",136.66,136.61,136.66,136.65400000000002,0.01711811249787821,0.27624309392265156,137.11673412446024,136.165,0.9777777777777988,52840-52842-52846-52852-52854-52859,2022-08-11 10:00:00,136.65,136.165,1.0391355047392485,2022-08-11 12:00:00,137.11673412446024,SL,2,0.4667341244602312,-1.0,-1.0267818429056257,-0.5133909214528128,IS_2015_2024
XAUUSD,H1,2022-09-08 13:00:00,short,B_confirmed,half,0.5,6.0,"B抜け,半値以上の戻し,実体ブレイク,調整安値切上げ",1713.408,1696.929,1713.408,1711.523777777778,0.13046022430468004,0.7949530383614333,1720.2907954385141,1701.644,0.6028328611898185,51402-51429-51434-51438-51445-51450,2022-09-08 14:00:00,1711.408,1701.644,1.0992035184852875,2022-09-09 03:00:00,1720.2907954385141,SL,12,8.882795438514222,-1.0,-1.0394020105970918,-0.5197010052985459,IS_2015_2024
XAUUSD,H1,2022-09-26 15:00:00,short,B_confirmed,half,0.5,6.0,"B抜け,浅い戻し,右肩維持,実体ブレイク,EMA100下向き,調整安値切上げ",1636.125,1634.508,1636.125,1650.488,0.23893496971208553,0.39694525484811893,1650.9856024463272,1620.513,0.8847236089679608,51690-51724-51725-51729-51731-51734,2022-09-26 16:00:00,1634.228,1620.513,0.8184345012317754,2022-09-28 06:00:00,1620.513,TP_half,36,16.757602446327155,0.8184345012317754,0.7975484585463049,0.3987742292731524,IS_2015_2024
GBPJPY,H1,2022-10-07 10:00:00,short,A_early,half,0.5,5.5,"斜め抜け,A抜け,戻し過不足,右肩維持,実体ブレイク,EMA100下向き,調整安値切上げ",161.48,161.48,161.23,162.04999999999998,0.09545492241079737,0.31722054380664977,162.24952341649933,160.495,0.6136363636363685,59900-59913-59915-59921-59923-59927,2022-10-07 11:00:00,161.41,160.495,1.0899040836947511,2022-10-10 06:00:00,160.495,TP_half,18,0.8395234164993326,1.0899040836947511,1.0660810436140131,0.5330405218070066,IS_2015_2024
CHFJPY,H1,2022-10-07 16:00:00,short,A_early,half,0.5,5.5,"斜め抜け,A抜け,戻し過不足,右肩維持,実体ブレイク,EMA100下向き,調整安値切上げ",146.294,146.294,145.48,146.4396,0.03351290483987602,0.2546816479400662,146.66530743794655,145.81,0.612179487179472,54467-54474-54481-54484-54492-54496,2022-10-07 17:00:00,146.248,145.81,1.049585893209208,2022-10-10 07:00:00,145.81,TP_half,14,0.4173074379465618,1.049585893209208,1.0016595967156792,0.5008297983578396,IS_2015_2024
USDJPY,H1,2022-11-28 01:00:00,short,B_confirmed,normal,1.0,7.0,"斜め抜け,B抜け,浅い戻し,実体ブレイク,EMA100下向き,調整安値切上げ",138.996,138.369,138.996,138.76429411764704,0.06662395266752727,0.4338668913226578,139.65050679270172,137.81349999999998,0.779951100244486,55313-55338-55352-55355-55362-55369,2022-11-28 02:00:00,138.696,137.81349999999998,0.9245612569210897,2022-11-28 07:00:00,137.81349999999998,TP_half,5,0.9545067927017215,0.9245612569210897,0.9140846421117954,0.9140846421117954,IS_2015_2024
EURJPY,H1,2022-12-02 15:00:00,short,A_early,half,0.5,5.5,"斜め抜け,A抜け,戻し過不足,右肩維持,実体ブレイク,EMA100下向き,調整安値切上げ",141.92,141.92,140.74,141.9436842105263,0.0045321394693974395,0.14625850340136157,142.3896777925341,140.84999999999997,0.6363636363636364,54713-54729-54736-54748-54752-54755,2022-12-02 16:00:00,141.7,140.84999999999997,1.2324595763433948,2022-12-05 03:00:00,142.3896777925341,SL,10,0.6896777925340984,-1.0,-1.0181244055344447,-0.5090622027672224,IS_2015_2024
AUDJPY,H1,2023-01-23 04:00:00,long,B_confirmed,normal,1.0,9.5,"A抜け,B抜け,半値以上の押し,右肩維持,実体ブレイク,EMA100上向き,調整高値切下げ",90.414,90.431,90.414,90.06626315789474,-0.1344130444383156,0.7247303236116631,90.063234965419,91.3535,0.7792207792208271,56216-56223-56249-56280-56288-56290,2023-01-23 05:00:00,90.481,91.3535,2.0884945550196456,2023-01-23 15:00:00,91.3535,TP_half,10,0.4177650345809951,2.0884945550196456,2.058573429589592,2.058573429589592,IS_2015_2024
CHFJPY,H1,2023-02-16 10:00:00,long,A_early,normal,1.0,7.5,"斜め抜け,A抜け,B抜け,押し過不足,右肩維持,実体ブレイク,EMA100上向き,調整高値切下げ",145.198,145.198,145.228,145.10600000000002,-0.049087749309371174,0.27527723418134414,144.82635122870354,145.6345,0.6599999999998266,56711-56726-56732-56735-56736-56739,2023-02-16 11:00:00,145.244,145.6345,0.9349961662471117,2023-02-16 13:00:00,144.82635122870354,SL,2,0.41764877129645583,-1.0,-1.0478871275926378,-1.0478871275926378,IS_2015_2024
CHFJPY,H1,2023-02-16 10:00:00,long,B_confirmed,normal,1.0,7.5,"斜め抜け,A抜け,B抜け,押し過不足,右肩維持,実体ブレイク,EMA100上向き,調整高値切下げ",145.228,145.198,145.228,145.10600000000002,-0.049087749309371174,0.27527723418134414,144.82635122870354,145.6345,0.6599999999998266,56711-56726-56732-56735-56736-56739,2023-02-16 11:00:00,145.244,145.6345,0.9349961662471117,2023-02-16 13:00:00,144.82635122870354,SL,2,0.41764877129645583,-1.0,-1.0478871275926378,-1.0478871275926378,IS_2015_2024
GBPJPY,H1,2023-03-16 09:00:00,short,B_confirmed,half,0.5,6.0,"B抜け,浅い戻し,右肩維持,実体ブレイク,EMA100下向き,調整安値切上げ",160.08,160.0,160.08,161.02499999999998,0.18093206687392588,0.40973630831642577,161.31330219321643,158.73499999999999,0.7599999999999909,62609-62617-62619-62625-62626-62629,2023-03-16 10:00:00,160.05,158.73499999999999,1.0409227555063314,2023-03-16 12:00:00,158.73499999999999,TP_half,2,1.2633021932164183,1.0409227555063314,1.0250912307077709,0.5125456153538854,IS_2015_2024
GBPJPY,H1,2023-08-09 12:00:00,long,A_early,half,0.5,5.5,"斜め抜け,A抜け,押し過不足,右肩維持,実体ブレイク,EMA100上向き,調整高値切下げ",182.87,182.87,182.96,182.8066666666667,-0.013014853726409908,0.2179487179487164,182.35877647642604,183.57999999999998,0.8974358974359142,65053-65081-65089-65096-65101-65109,2023-08-09 13:00:00,182.95,183.57999999999998,1.0655868294814241,2023-08-10 06:00:00,183.57999999999998,TP_half,17,0.5912235235739445,1.0655868294814241,1.031758676164584,0.515879338082292,IS_2015_2024
EURJPY,H1,2023-09-12 05:00:00,short,B_confirmed,normal,1.0,7.5,"B抜け,半値以上の戻し,右肩維持,実体ブレイク,EMA100下向き,調整安値切上げ",157.38,156.89,157.38,158.0679999999999,0.29781320907158565,0.6384180790960492,157.7516368368571,156.82500000000002,1.0,59546-59562-59566-59567-59579-59581,2023-09-12 06:00:00,157.27,156.82500000000002,0.9239326520451145,2023-09-12 12:00:00,157.7516368368571,SL,6,0.481636836857092,-1.0,-1.0259531643832664,-1.0259531643832664,IS_2015_2024
XAUUSD,H1,2023-09-28 12:00:00,short,A_early,normal,1.0,7.5,"斜め抜け,A抜け,B抜け,戻し過不足,右肩維持,実体ブレイク,EMA100下向き,調整安値切上げ",1873.475,1873.475,1873.565,1875.3633333333332,0.05281361230192321,0.18164435946462798,1878.7950849276708,1862.455,0.4686299615876927,57663-57680-57685-57686-57692-57693,2023-09-28 13:00:00,1872.325,1862.455,1.5254822943341673,2023-09-28 15:00:00,1862.455,TP_half,2,6.470084927670769,1.5254822943341673,1.4713871775137861,1.4713871775137861,IS_2015_2024
XAUUSD,H1,2023-09-28 12:00:00,short,B_confirmed,normal,1.0,7.5,"斜め抜け,A抜け,B抜け,戻し過不足,右肩維持,実体ブレイク,EMA100下向き,調整安値切上げ",1873.565,1873.475,1873.565,1875.3633333333332,0.05281361230192321,0.18164435946462798,1878.7950849276708,1862.455,0.4686299615876927,57663-57680-57685-57686-57692-57693,2023-09-28 13:00:00,1872.325,1862.455,1.5254822943341673,2023-09-28 15:00:00,1862.455,TP_half,2,6.470084927670769,1.5254822943341673,1.4713871775137861,1.4713871775137861,IS_2015_2024
CHFJPY,H1,2023-10-05 11:00:00,long,B_confirmed,half,0.5,5.0,"斜め抜け,B抜け,押し過不足,右肩維持,実体ブレイク,調整高値切下げ",162.58,162.754,162.58,162.546,-0.05369221198571749,0.2370062370062365,162.099575844916,163.591,0.7386759581881985,60660-60683-60685-60689-60695-60699,2023-10-05 12:00:00,162.744,163.591,1.3143517252074284,2023-10-06 11:00:00,163.591,TP_half,23,0.6444241550840104,1.3143517252074284,1.2833162653442354,0.6416581326721177,IS_2015_2024
GBPJPY,H1,2024-02-06 07:00:00,long,B_confirmed,half,0.5,5.0,"B抜け,半値以上の押し,実体ブレイク",186.48,187.68,186.48,189.90857142857146,0.3217927096618362,0.5384615384615374,186.12448467884627,187.2,0.6666666666666666,68085-68104-68106-68111-68133-68145,2024-02-06 08:00:00,186.55,187.2,1.527559567626313,2024-02-07 12:00:00,187.2,TP_half,28,0.425515321153739,1.527559567626313,1.4805577347763137,0.7402788673881568,IS_2015_2024
SILVER,H1,2024-02-20 09:00:00,long,B_confirmed,half,0.5,5.5,"B抜け,半値以上の押し,EMA100上向き,調整高値切下げ",23.016,23.167,23.016,22.755333333333336,-0.3180119271859832,0.8156424581005569,22.894373676699242,23.266000000000002,0.31250000000002315,59798-59804-59809-59819-59829-59830,2024-02-20 10:00:00,23.022,23.266000000000002,1.9118313032101397,2024-02-21 15:00:00,22.894373676699242,SL,28,0.12762632330075618,-1.0,-1.2742380967719436,-0.6371190483859718,IS_2015_2024
SILVER,H1,2024-04-25 03:00:00,short,B_confirmed,half,0.5,5.5,"斜め抜け,B抜け,戻し過不足,右肩維持,実体ブレイク,EMA100下向き,調整安値切上げ",27.121,27.016,27.121,27.287999999999997,0.11335957087501608,0.3463162834350068,27.414228758942006,26.3205,0.5386996904024746,60815-60851-60869-60874-60880-60885,2024-04-25 04:00:00,27.085,26.3205,2.3220936179960874,2024-04-25 07:00:00,27.414228758942006,SL,3,0.3292287589420049,-1.0,-1.1063090603399126,-0.5531545301699563,IS_2015_2024
USDJPY,H1,2024-05-01 18:00:00,short,B_confirmed,half,0.5,6.0,"B抜け,半値以上の戻し,実体ブレイク,調整安値切上げ",157.383,155.086,157.383,158.2137777777779,0.29719483427033455,0.6095070422535235,158.02709733706118,155.145,0.6909814323607711,64218-64224-64231-64233-64272-64279,2024-05-01 19:00:00,157.116,155.145,2.1633253877765255,2024-05-01 20:00:00,155.145,TP_half,1,0.9110973370611646,2.1633253877765255,2.1523496120902013,1.0761748060451006,IS_2015_2024
XAUUSD,H1,2024-05-03 06:00:00,short,B_confirmed,half,0.5,6.0,"B抜け,浅い戻し,右肩維持,実体ブレイク,EMA100下向き,調整安値切上げ",2299.725,2285.358,2299.725,2287.2795000000006,0.020454152479269867,0.42753957276779,2310.509272560271,2276.8,0.93912499999999,61117-61151-61171-61183-61188-61195,2024-05-03 07:00:00,2298.385,2276.8,1.7803129954972172,2024-05-03 12:00:00,2310.509272560271,SL,5,12.124272560270583,-1.0,-1.028867711300619,-0.5144338556503095,IS_2015_2024
GBPJPY,H1,2024-06-06 12:00:00,short,B_confirmed,normal,1.0,7.0,"B抜け,半値以上の戻し,右肩維持,実体ブレイク,調整安値切上げ",199.28,199.02,199.28,199.63000000000002,0.15373576078555296,0.8517350157728628,199.95104380227906,198.30499999999998,0.6999999999999886,70166-70176-70209-70215-70222-70223,2024-06-06 13:00:00,199.25,198.30499999999998,1.3479899500257648,2024-06-10 16:00:00,199.95104380227906,SL,50,0.7010438022790595,-1.0,-1.0285288878312064,-1.0285288878312064,IS_2015_2024
CHFJPY,H1,2024-06-21 08:00:00,short,B_confirmed,normal,1.0,9.0,"A抜け,B抜け,半値以上の戻し,右肩維持,実体ブレイク,調整安値切上げ",178.139,178.089,178.139,178.63533333333334,0.25075843212490445,0.5278365045806831,178.43061315776765,177.68149999999997,0.7163636363637055,65088-65094-65102-65103-65106-65108,2024-06-21 09:00:00,178.049,177.68149999999997,0.9630171091317462,2024-06-21 13:00:00,177.68149999999997,TP_half,4,0.3816131577676458,0.9630171091317462,0.910608014757282,0.910608014757282,IS_2015_2024
EURJPY,H1,2024-09-10 08:00:00,short,B_confirmed,half,0.5,6.0,"B抜け,浅い戻し,右肩維持,実体ブレイク,EMA100下向き,調整安値切上げ",157.9,157.46,157.9,157.54750000000004,0.015226813774242563,0.4377880184331844,158.39746441855618,157.255,0.518518518518503,65705-65714-65726-65730-65741-65745,2024-09-10 09:00:00,157.88,157.255,1.2078125134552342,2024-09-10 12:00:00,157.255,TP_half,3,0.5174644185561874,1.2078125134552342,1.1836562631861514,0.5918281315930757,IS_2015_2024
AUDJPY,H1,2024-11-12 02:00:00,short,B_confirmed,normal,1.0,9.5,"A抜け,B抜け,半値以上の戻し,右肩維持,実体ブレイク,EMA100下向き,調整安値切上げ",100.908,100.925,100.908,101.98492857142855,0.3147756961424678,0.5433768656716403,101.34444474047352,100.237,0.8242074927954067,67481-67499-67511-67513-67518-67524,2024-11-12 03:00:00,100.818,100.237,1.1036296031325339,2024-11-15 14:00:00,100.237,TP_half,83,0.5264447404735222,1.1036296031325339,1.0798854206210984,1.0798854206210984,IS_2015_2024
USDJPY,H1,2025-04-04 10:00:00,short,A_early,normal,1.0,7.5,"斜め抜け,A抜け,B抜け,戻し過不足,右肩維持,実体ブレイク,EMA100下向き,調整安値切上げ",145.539,145.539,145.298,146.07299999999998,0.08554938028288601,0.23052254291643176,146.50903348300795,143.7545,0.912425149700607,68891-68909-68914-68917-68919-68924,2025-04-04 11:00:00,145.109,143.7545,0.9674768614032603,2025-04-04 16:00:00,146.50903348300795,SL,5,1.4000334830079453,-1.0,-1.007142686315263,-1.007142686315263,OOS_2025_2026
USDJPY,H1,2025-04-04 10:00:00,short,B_confirmed,normal,1.0,7.5,"斜め抜け,A抜け,B抜け,戻し過不足,右肩維持,実体ブレイク,EMA100下向き,調整安値切上げ",145.298,145.539,145.298,146.07299999999998,0.08554938028288601,0.23052254291643176,146.50903348300795,143.7545,0.912425149700607,68891-68909-68914-68917-68919-68924,2025-04-04 11:00:00,145.109,143.7545,0.9674768614032603,2025-04-04 16:00:00,146.50903348300795,SL,5,1.4000334830079453,-1.0,-1.007142686315263,-1.007142686315263,OOS_2025_2026
GBPJPY,H1,2025-04-15 13:00:00,long,A_early,half,0.5,5.5,"斜め抜け,A抜け,押し過不足,右肩維持,実体ブレイク,EMA100上向き,調整高値切下げ",189.118,189.118,189.551,189.02463636363635,-0.017753877887683463,0.2501904036557538,188.4590957803444,189.853,0.7789757412398383,74372-74384-74387-74395-74401-74402,2025-04-15 14:00:00,189.208,189.853,0.8612583332707454,2025-04-16 17:00:00,188.4590957803444,SL,27,0.7489042196556,-1.0,-1.0267056847525566,-0.5133528423762783,OOS_2025_2026
USDJPY,H1,2025-09-11 14:00:00,short,B_confirmed,normal,1.0,9.5,"A抜け,B抜け,半値以上の戻し,右肩維持,実体ブレイク,EMA100下向き,調整安値切上げ",147.245,147.269,147.245,149.13566666666668,0.2566585954552866,0.8133757961783572,147.62755974845786,146.80100000000002,0.450777202072561,71595-71616-71632-71634-71637-71648,2025-09-11 15:00:00,147.185,146.80100000000002,0.8676794519566573,2025-09-12 08:00:00,147.62755974845786,SL,17,0.4425597484578532,-1.0,-1.0225958190613516,-1.0225958190613516,OOS_2025_2026
GBPJPY,H1,2026-05-10 21:00:00,short,B_confirmed,normal,1.0,7.0,"斜め抜け,B抜け,半値以上の戻し,調整安値切上げ",213.108,212.308,213.108,213.22175609756096,0.13983709877194989,0.7604256542996825,213.4454536050391,211.6525,0.24125874125874924,80962-80963-80993-81004-81017-81020,2026-05-10 22:00:00,212.63,211.6525,1.1987193311299753,2026-05-11 00:00:00,213.4454536050391,SL,2,0.8154536050390959,-1.0,-1.0245262267238648,-1.0245262267238648,OOS_2025_2026
