lookback_bars,lookback_label,trigger_mode,filter,filter_notes,all_trades,all_win_rate,all_total_r,all_avg_r,all_pf,all_max_dd_r,all_max_losing_streak,train_trades,train_win_rate,train_total_r,train_avg_r,train_pf,train_max_dd_r,train_max_losing_streak,test_trades,test_win_rate,test_total_r,test_avg_r,test_pf,test_max_dd_r,test_max_losing_streak,oos_trades,oos_win_rate,oos_total_r,oos_avg_r,oos_pf,oos_max_dd_r,oos_max_losing_streak,avg_mfe_r,hit_1r_rate,hit_1_5r_rate,hit_2r_rate,giveback_1r_to_loss_rate,giveback_1_5r_to_loss_rate,score
120,1m,stagnation,ADX30_RISK_LE2_BBW3_8,ADX>=30 + risk<=2ATR + BB幅3-8ATR,27,51.85185185185185,13.229214913603439,0.4899709227260533,1.9511180340619954,7.044900242403306,6,16,37.5,0.7383137559639579,0.04614460974774737,1.069408594488773,6.493797325481093,6,10,70.0,10.506527683355946,1.0506527683355946,4.211129191291021,3.271910613827356,3,1,100.0,1.9843734742835317,1.9843734742835317,inf,0.0,0,1.4520843548785227,62.96296296296296,51.85185185185185,51.85185185185185,11.11111111111111,0.0,27.986824797995958
120,1m,stagnation,ADX30_RISK_LE1_5_BBW3_8,ADX>=30 + risk<=1.5ATR + BB幅3-8ATR,18,61.111111111111114,13.60967396314572,0.75609299795254,2.779085717270389,3.406763132639054,3,11,54.54545454545454,5.897620562874115,0.5361473238976469,2.0766201895898977,3.406763132639054,3,6,66.66666666666666,5.727679925988072,0.954613320998012,3.6371615679848857,1.0396514474657728,2,1,100.0,1.9843734742835317,1.9843734742835317,inf,0.0,0,1.6063950191628384,72.22222222222221,61.111111111111114,61.111111111111114,11.11111111111111,0.0,25.43465680025219
120,1m,stagnation,NO_XAU_ADX30_RISK_LE1_5_BBW3_8,XAUUSD除外 + ADX>=30 + risk<=1.5ATR + BB幅3-8ATR,16,62.5,12.74729152896511,0.7967057205603194,2.9390066522235974,3.235476808941915,3,9,55.55555555555556,5.035238128693507,0.5594709031881675,2.1437941330168924,2.3310846344658787,2,6,66.66666666666666,5.727679925988072,0.954613320998012,3.6371615679848857,1.0396514474657728,2,1,100.0,1.9843734742835317,1.9843734742835317,inf,0.0,0,1.6811951692950176,75.0,62.5,62.5,12.5,0.0,24.93746777238019
120,1m,either,ADX30_RISK_LE2_BBW3_8,ADX>=30 + risk<=2ATR + BB幅3-8ATR,52,40.38461538461539,8.760955304634068,0.1684799097045013,1.2734165808120583,13.906667072188718,9,31,29.03225806451613,-5.541176436694891,-0.17874762699015778,0.7556428042421136,12.691349990364952,9,18,61.111111111111114,14.343826467734445,0.7968792482074691,2.954224980051843,3.1956980161515607,3,3,33.33333333333333,-0.04169472640548566,-0.013898242135161887,0.9794208672781567,2.0260682006890174,2,1.3010529043449774,55.769230769230774,46.15384615384615,40.38461538461539,15.384615384615385,5.769230769230769,23.44421651749829
60,0.5m,stagnation,ADX30_RISK_LE2_BBW3_8,ADX>=30 + risk<=2ATR + BB幅3-8ATR,39,43.58974358974359,9.928285008866157,0.2545714104837476,1.4290864938021741,10.978529723378674,7,24,33.33333333333333,-1.3793951907310218,-0.05747479961379257,0.9185052991149616,9.788060733212495,7,12,66.66666666666666,11.356961608949346,0.9464134674124455,3.7180554556252474,3.172539353361681,3,3,33.33333333333333,-0.049281409352167405,-0.016427136450722468,0.975767073484925,2.033654883635699,2,1.445613513699353,61.53846153846154,48.717948717948715,43.58974358974359,17.94871794871795,5.128205128205128,22.25937864449787
90,0.75m,stagnation,ADX30_RISK_LE1_5_BBW3_8,ADX>=30 + risk<=1.5ATR + BB幅3-8ATR,15,60.0,10.759684744355607,0.7173123162903737,2.5943241373134494,2.3310846344658787,2,10,60.0,6.964002951575836,0.6964002951575836,2.510405993152536,2.3310846344658787,2,4,50.0,1.8113083184962389,0.4528270796240597,1.8471734609680235,1.0058013002276882,1,1,100.0,1.9843734742835317,1.9843734742835317,inf,0.0,0,1.7521796399586707,80.0,66.66666666666666,60.0,20.0,6.666666666666667,17.814056970409567
60,0.5m,stagnation,ADX30_RISK_LE1_5_BBW3_8,ADX>=30 + risk<=1.5ATR + BB幅3-8ATR,23,47.82608695652174,8.391791458279114,0.36486049818604843,1.6522901771442027,4.7423087786636895,3,15,40.0,1.8712355017401932,0.12474903344934621,1.192747318745449,3.6100493369666413,3,6,66.66666666666666,5.555010788969204,0.9258351314948673,3.598153869084394,1.0058013002276882,1,2,50.0,0.9655451675697153,0.48277258378485766,1.9477015520741041,1.0188283067138164,1,1.548045090343782,69.56521739130434,52.17391304347826,47.82608695652174,21.73913043478261,4.3478260869565215,16.983959380264633
120,1m,either,ADX30_RISK_LE1_5_BBW3_8,ADX>=30 + risk<=1.5ATR + BB幅3-8ATR,19,52.63157894736842,9.88408210780617,0.5202148477792722,2.0522439182639283,4.265385424468185,4,14,50.0,6.128114853455898,0.43772248953256415,1.8486017103929628,2.093474535305365,2,4,50.0,1.7715937800667423,0.44289844501668557,1.8156843767884123,1.0396514474657728,2,1,100.0,1.9843734742835317,1.9843734742835317,inf,0.0,0,1.3691243299140117,57.89473684210527,52.63157894736842,52.63157894736842,5.263157894736842,0.0,15.076751597150233
60,0.5m,stagnation,NO_XAU_ADX30_RISK_LE1_5_BBW3_8,XAUUSD除外 + ADX>=30 + risk<=1.5ATR + BB幅3-8ATR,22,45.45454545454545,6.453730525925328,0.29335138754206036,1.5016455722149291,4.742308778663688,3,14,35.714285714285715,-0.06682543061359114,-0.004773245043827938,0.9931166213109996,3.6100493369666395,3,6,66.66666666666666,5.555010788969204,0.9258351314948673,3.598153869084394,1.0058013002276882,1,2,50.0,0.9655451675697153,0.48277258378485766,1.9477015520741041,1.0188283067138164,1,1.5269420570211159,68.18181818181817,50.0,45.45454545454545,22.727272727272727,4.545454545454546,14.609217400405623
120,1m,either,NO_XAU_ADX30_RISK_LE1_5_BBW3_8,XAUUSD除外 + ADX>=30 + risk<=1.5ATR + BB幅3-8ATR,17,52.94117647058824,8.9945987690285,0.5290940452369706,2.0778739019797707,4.265385424468185,4,12,50.0,5.238631514678223,0.4365526262231853,1.848657017207955,2.093474535305365,2,4,50.0,1.7715937800667423,0.44289844501668557,1.8156843767884123,1.0396514474657728,2,1,100.0,1.9843734742835317,1.9843734742835317,inf,0.0,0,1.3880357223600994,58.82352941176471,52.94117647058824,52.94117647058824,5.88235294117647,0.0,14.248415031919196
120,1m,rebreak,ADX30_RISK_LE2_BBW3_8,ADX>=30 + risk<=2ATR + BB幅3-8ATR,38,34.21052631578947,-0.3302949775721429,-0.00869197309400376,0.9872077919597554,15.536017242395538,15,21,14.285714285714285,-12.866106978976827,-0.6126717609036584,0.3092375534357424,15.536017242395538,15,15,66.66666666666666,14.561880202093702,0.9707920134729134,3.8177042748134427,2.0244741941962108,2,2,0.0,-2.0260682006890174,-1.0130341003445087,0.0,1.0073142167150142,2,1.2098584736720628,50.0,42.10526315789473,34.21052631578947,15.789473684210526,7.894736842105263,13.212396853925155
90,0.75m,stagnation,ADX30_RISK_LE2_BBW3_8,ADX>=30 + risk<=2ATR + BB幅3-8ATR,27,44.44444444444444,7.301564325521636,0.2704283083526532,1.454191774049094,5.418118827307917,5,17,41.17647058823529,2.748162638487516,0.1616566257933833,1.2543149819017736,5.418118827307917,5,7,57.14285714285714,4.600780507750509,0.6572543582500726,2.420844531849222,2.232259166361584,2,3,33.33333333333333,-0.04737882071638988,-0.015792940238796627,0.9766808085646131,2.0317522949999214,2,1.4355350375743183,62.96296296296296,51.85185185185185,44.44444444444444,18.51851851851852,7.4074074074074066,13.003876235454973
90,0.75m,stagnation,NO_XAU_ADX30_RISK_LE1_5_BBW3_8,XAUUSD除外 + ADX>=30 + risk<=1.5ATR + BB幅3-8ATR,14,57.14285714285714,8.821623812001821,0.6301159865715587,2.3071505446432026,2.3310846344658787,2,9,55.55555555555556,5.02594201922205,0.5584380021357833,2.0900645792162367,2.3310846344658787,2,4,50.0,1.8113083184962389,0.4528270796240597,1.8471734609680235,1.0058013002276882,1,1,100.0,1.9843734742835317,1.9843734742835317,inf,0.0,0,1.7335987697098303,78.57142857142857,64.28571428571429,57.14285714285714,21.428571428571427,7.142857142857142,12.240037126510273
120,1m,stagnation,GBP_ADX25_RISK_LE2_5_BBW3_8,GBPJPY + ADX>=25 + risk<=2.5ATR + BB幅3-8ATR,8,62.5,6.874261460054301,0.8592826825067876,3.2617764905173097,1.0229902624207816,1,5,60.0,3.9175491771880306,0.7835098354376061,2.9267777816608582,1.0229902624207816,1,2,50.0,0.9723388085827387,0.48616940429136934,1.9664370030400802,0.0,1,1,100.0,1.9843734742835317,1.9843734742835317,inf,0.0,0,1.4842994443021353,62.5,62.5,62.5,0.0,0.0,11.484227685292852
90,0.75m,rebreak,ADX30_RISK_LE2_BBW3_8,ADX>=30 + risk<=2ATR + BB幅3-8ATR,37,37.83783783783784,3.2573364593915786,0.08803612052409672,1.13553012701417,12.85587803052894,12,26,26.923076923076923,-6.3341322589815965,-0.24362047149929217,0.6814711744714846,12.792219127439978,12,10,60.0,7.640291459605061,0.7640291459605061,2.8417201640400878,2.104015013003665,2,1,100.0,1.9511772587681147,1.9511772587681147,inf,0.0,0,1.2754545676765563,51.35135135135135,45.94594594594595,37.83783783783784,13.513513513513514,8.108108108108109,10.69939131239597
90,0.75m,stagnation,GBP_ADX25_RISK_LE2_5_BBW3_8,GBPJPY + ADX>=25 + risk<=2.5ATR + BB幅3-8ATR,12,58.333333333333336,8.78601490068792,0.73216790839066,2.729695015022069,2.0314774675718494,2,7,71.42857142857143,7.869499895372378,1.1242142707674827,4.870475357266507,1.0229902624207816,1,3,33.33333333333333,-0.05303189204610925,-0.017677297348703085,0.9738949149608357,1.0061067669430017,2,2,50.0,0.969546897361649,0.4847734486808245,1.9553818548016613,1.0148265769218827,1,1.5370467921463897,66.66666666666666,66.66666666666666,58.333333333333336,8.333333333333332,8.333333333333332,8.872873911924335
90,0.75m,either,ADX30_RISK_LE2_BBW3_8,ADX>=30 + risk<=2ATR + BB幅3-8ATR,60,36.666666666666664,3.0884998029571156,0.051474996715951925,1.0777003414167095,12.577764869216988,6,41,31.70731707317073,-4.166122586944272,-0.10161274602303104,0.8578092816905574,10.980685685262948,6,14,50.0,6.357692784435472,0.4541209131739623,1.857907557557658,2.3375495535867765,2,5,40.0,0.8969296054659155,0.1793859210931831,1.2951765184949366,3.0386211275857304,3,1.3209864729703886,56.666666666666664,48.333333333333336,36.666666666666664,20.0,11.666666666666666,8.856890255255951
60,0.5m,either,GBP_ADX25_RISK_LE2_5_BBW3_8,GBPJPY + ADX>=25 + risk<=2.5ATR + BB幅3-8ATR,28,39.285714285714285,4.466671585836871,0.1595239852084597,1.2571749751789931,9.246843150744773,9,17,35.294117647058826,0.6452401173224467,0.03795530101896745,1.057313330382871,6.175213783512956,6,6,50.0,2.8870128736156007,0.4811688122692668,1.9398962337104504,2.044474529429213,3,5,40.0,0.9344185948988257,0.18688371897976513,1.3075288221449386,2.0237100593787827,2,1.285387601281862,53.57142857142857,42.857142857142854,39.285714285714285,14.285714285714285,3.571428571428571,7.51464716250223
60,0.5m,stagnation,GBP_ADX25_RISK_LE2_5_BBW3_8,GBPJPY + ADX>=25 + risk<=2.5ATR + BB幅3-8ATR,12,50.0,5.772826330543393,0.48106886087861606,1.943844293912882,3.060187792393257,3,8,50.0,3.8498482884057355,0.48123103605071693,1.9444945529442363,2.0348170917644093,2,2,50.0,0.9534311447760093,0.47671557238800466,1.9298404413070134,0.0,1,2,50.0,0.969546897361649,0.4847734486808245,1.9553818548016613,1.0148265769218827,1,1.3731991762858409,58.333333333333336,58.333333333333336,50.0,8.333333333333332,8.333333333333332,7.020016493603636
240,2m,rebreak,ADX30_RISK_LE2_BBW3_8,ADX>=30 + risk<=2ATR + BB幅3-8ATR,21,33.33333333333333,-0.7249962807026937,-0.03452363241441399,0.9500577859397104,9.48749478751938,9,13,15.384615384615385,-7.492922410790424,-0.5763786469838788,0.3467074678011825,9.424634399654531,9,7,71.42857142857143,7.775240346802746,1.110748620971821,4.811553842048688,1.0161264276951956,1,1,0.0,-1.0073142167150142,-1.0073142167150142,0.0,0.0,1,1.284279358484518,57.14285714285714,33.33333333333333,33.33333333333333,23.809523809523807,0.0,6.045381694862812
60,0.5m,either,NO_XAU_ADX30_RISK_LE1_5_BBW3_8,XAUUSD除外 + ADX>=30 + risk<=1.5ATR + BB幅3-8ATR,27,37.03703703703704,1.0010743631817858,0.03707682826599207,1.0546228048683788,5.220504730060366,3,19,31.57894736842105,-2.4243761010746487,-0.12759874216182363,0.8273970272142805,3.929904508756197,3,6,50.0,2.459905296686718,0.40998421611445296,1.75405341837468,1.1241820073872508,2,2,50.0,0.9655451675697153,0.48277258378485766,1.9477015520741041,1.0188283067138164,1,1.2796932682987374,55.55555555555556,44.44444444444444,37.03703703703704,18.51851851851852,7.4074074074074066,3.850764654623103
60,0.5m,either,ADX30_RISK_LE1_5_BBW3_8,ADX>=30 + risk<=1.5ATR + BB幅3-8ATR,31,38.70967741935484,2.8591199582836264,0.09222967607366536,1.1405051366408776,5.130566843086397,3,21,38.095238095238095,1.455493176903093,0.06930919890014728,1.103623546318348,3.839966621782227,3,7,42.857142857142854,1.4449504463966265,0.20642149234237522,1.3378264419046377,1.1241820073872508,2,3,33.33333333333333,-0.04132366501609397,-0.013774555005364656,0.9796002747822503,2.0256971392996257,2,1.2907779330289997,58.06451612903226,45.16129032258064,38.70967741935484,19.35483870967742,6.451612903225806,3.8198426241235186
720,6m,rebreak,ADX30_RISK_LE1_5_BBW3_8,ADX>=30 + risk<=1.5ATR + BB幅3-8ATR,0,0.0,0.0,0.0,,0.0,0,0,0.0,0.0,0.0,,0.0,0,0,0.0,0.0,0.0,,0.0,0,0,0.0,0.0,0.0,,0.0,0,0.0,0.0,0.0,0.0,0.0,0.0,2.0
720,6m,rebreak,NO_XAU_ADX30_RISK_LE1_5_BBW3_8,XAUUSD除外 + ADX>=30 + risk<=1.5ATR + BB幅3-8ATR,0,0.0,0.0,0.0,,0.0,0,0,0.0,0.0,0.0,,0.0,0,0,0.0,0.0,0.0,,0.0,0,0,0.0,0.0,0.0,,0.0,0,0.0,0.0,0.0,0.0,0.0,0.0,2.0
360,3m,rebreak,GBP_ADX25_RISK_LE2_5_BBW3_8,GBPJPY + ADX>=25 + risk<=2.5ATR + BB幅3-8ATR,5,40.0,0.8831376212900268,0.17662752425800538,1.286352516789771,2.069816941873781,2,4,25.0,-1.1092383808069,-0.277309595201725,0.6403355554031441,2.069816941873781,2,1,100.0,1.9923760020969268,1.9923760020969268,inf,0.0,0,0,0.0,0.0,0.0,,0.0,0,1.1125886118105341,40.0,40.0,40.0,0.0,0.0,1.7493972021596855
480,4m,stagnation,ADX30_RISK_LE2_BBW3_8,ADX>=30 + risk<=2ATR + BB幅3-8ATR,7,42.857142857142854,1.6568920550871884,0.2366988650124555,1.3933130756440806,1.1322594416970484,2,5,40.0,0.8070811335887356,0.1614162267177471,1.2620057320289537,1.0464018616453588,2,2,50.0,0.8498109214984528,0.4249054607492264,1.7505443454061578,1.1322594416970484,1,0,0.0,0.0,0.0,,0.0,0,1.1498010338575042,57.14285714285714,42.857142857142854,42.857142857142854,14.285714285714285,0.0,1.733708836154972
60,0.5m,either,ADX30_RISK_LE2_BBW3_8,ADX>=30 + risk<=2ATR + BB幅3-8ATR,74,35.13513513513514,0.706776683821384,0.009551036267856541,1.0141133451018196,15.90787491824277,7,45,33.33333333333333,-2.146273271227895,-0.047694961582842116,0.9318734699290375,13.374911922898395,7,22,40.909090909090914,3.984224230391482,0.181101101381431,1.2949603077314111,5.4068106285987465,5,7,28.57142857142857,-1.1311742753422038,-0.16159632504888627,0.7767444900861542,3.1155477496257356,3,1.2960578558398526,55.4054054054054,43.24324324324324,35.13513513513514,20.27027027027027,8.108108108108109,1.5631945209037155
90,0.75m,either,GBP_ADX25_RISK_LE2_5_BBW3_8,GBPJPY + ADX>=25 + risk<=2.5ATR + BB幅3-8ATR,20,40.0,3.626542488307728,0.1813271244153864,1.2963631431986073,4.11470982417822,4,14,42.857142857142854,3.7230493029514196,0.26593209306795856,1.4557737049219224,3.048404263258982,3,3,33.33333333333333,-0.05717022954844131,-0.01905674318281377,0.9720367122575979,1.0215583462904079,2,3,33.33333333333333,-0.03933658509525095,-0.013112195031750318,0.9805621438145511,2.0237100593787827,2,1.2956776916438129,55.00000000000001,45.0,40.0,15.0,5.0,1.5509323976651963
120,1m,either,GBP_ADX25_RISK_LE2_5_BBW3_8,GBPJPY + ADX>=25 + risk<=2.5ATR + BB幅3-8ATR,18,33.33333333333333,-0.32583672341294867,-0.01810204018960826,0.9733717096606793,2.0702352947490072,3,13,30.76923076923077,-1.252900204479867,-0.0963769388061436,0.863694780070931,2.0702352947490072,3,2,50.0,0.9737960296745725,0.48689801483728623,1.9608170532998732,1.0135082702061997,1,3,33.33333333333333,-0.04673254860765419,-0.015577516202551397,0.976991575978327,2.031106022891186,2,1.1062220162242395,44.44444444444444,33.33333333333333,33.33333333333333,11.11111111111111,0.0,0.2261232374115325
180,1.5m,stagnation,ADX30_RISK_LE1_5_BBW3_8,ADX>=30 + risk<=1.5ATR + BB幅3-8ATR,15,33.33333333333333,-1.06577917475683,-0.07105194498378867,0.9020338534177077,3.7879931356643386,3,9,33.33333333333333,-0.7925992787975762,-0.08806658653306403,0.8809430446824629,2.56343587340779,3,5,40.0,0.7690425846436946,0.15380851692873893,1.2418736881456476,1.1322594416970482,2,1,0.0,-1.0422224806029483,-1.0422224806029483,0.0,0.0,1,1.139830241231166,53.333333333333336,33.33333333333333,33.33333333333333,20.0,0.0,-1.472100283617928
180,1.5m,stagnation,NO_XAU_ADX30_RISK_LE1_5_BBW3_8,XAUUSD除外 + ADX>=30 + risk<=1.5ATR + BB幅3-8ATR,14,35.714285714285715,-0.04218430828556108,-0.003013164877540077,0.9957197021439631,2.7643982691930695,3,9,33.33333333333333,-0.7925992787975762,-0.08806658653306403,0.8809430446824629,2.56343587340779,3,4,50.0,1.7926374511149634,0.44815936277874086,1.8314928011198361,1.0236671624788134,1,1,0.0,-1.0422224806029483,-1.0422224806029483,0.0,0.0,1,1.1943292781406696,57.14285714285714,35.714285714285715,35.714285714285715,21.428571428571427,0.0,-1.5984518916120694
240,2m,stagnation,ADX30_RISK_LE1_5_BBW3_8,ADX>=30 + risk<=1.5ATR + BB幅3-8ATR,11,36.36363636363637,0.4964648530551472,0.04513316845955884,1.067584046194346,3.241422162523123,3,8,37.5,0.693306204959554,0.08666327561994425,1.1340653115623538,2.109162720826075,3,2,50.0,0.8453811286985415,0.42269056434927077,1.7466319975494935,0.0,1,1,0.0,-1.0422224806029483,-1.0422224806029483,0.0,0.0,1,1.080410825092277,45.45454545454545,36.36363636363637,36.36363636363637,9.090909090909092,0.0,-2.0513166131048024
240,2m,stagnation,NO_XAU_ADX30_RISK_LE1_5_BBW3_8,XAUUSD除外 + ADX>=30 + risk<=1.5ATR + BB幅3-8ATR,11,36.36363636363637,0.4964648530551472,0.04513316845955884,1.067584046194346,3.241422162523123,3,8,37.5,0.693306204959554,0.08666327561994425,1.1340653115623538,2.109162720826075,3,2,50.0,0.8453811286985415,0.42269056434927077,1.7466319975494935,0.0,1,1,0.0,-1.0422224806029483,-1.0422224806029483,0.0,0.0,1,1.080410825092277,45.45454545454545,36.36363636363637,36.36363636363637,9.090909090909092,0.0,-2.0513166131048024
360,3m,either,GBP_ADX25_RISK_LE2_5_BBW3_8,GBPJPY + ADX>=25 + risk<=2.5ATR + BB幅3-8ATR,10,30.0,-1.21061581012383,-0.121061581012383,0.830976360219078,3.0997255574000513,3,9,22.22222222222222,-3.202991812220757,-0.35588797913563963,0.5528050024105767,3.0997255574000513,3,1,100.0,1.9923760020969268,1.9923760020969268,inf,0.0,0,0,0.0,0.0,0.0,,0.0,0,0.9114162041528135,40.0,30.0,30.0,10.0,0.0,-2.2479659607879845
90,0.75m,rebreak,NO_XAU_ADX30_RISK_LE1_5_BBW3_8,XAUUSD除外 + ADX>=30 + risk<=1.5ATR + BB幅3-8ATR,8,37.5,0.2514160493223443,0.03142700616529304,1.0463592819446779,3.355171770782664,3,8,37.5,0.2514160493223443,0.03142700616529304,1.0463592819446779,3.355171770782664,3,0,0.0,0.0,0.0,,0.0,0,0,0.0,0.0,0.0,,0.0,0,1.1590464952259083,50.0,50.0,37.5,12.5,12.5,-2.4153095867674717
240,2m,either,ADX30_RISK_LE2_BBW3_8,ADX>=30 + risk<=2ATR + BB幅3-8ATR,35,28.57142857142857,-6.314927422054146,-0.18042649777297562,0.7568502114227069,13.829100962713692,9,25,20.0,-10.908371629841882,-0.4363348651936753,0.4742861426065884,11.673054394027904,9,8,62.5,6.6429809051056985,0.8303726131382123,3.0941420637160815,1.1322594416970484,2,2,0.0,-2.0495366973179623,-1.0247683486589811,0.0,1.042222480602948,2,1.1730284775869142,54.285714285714285,34.285714285714285,28.57142857142857,25.71428571428571,5.714285714285714,-2.7654813562749267
90,0.75m,either,NO_XAU_ADX30_RISK_LE1_5_BBW3_8,XAUUSD除外 + ADX>=30 + risk<=1.5ATR + BB幅3-8ATR,20,40.0,2.375986314433828,0.1187993157216914,1.183512107230802,5.355717284617352,5,16,43.75,3.6538555894622835,0.22836597434139272,1.3772673178323447,2.2916058510035695,2,3,0.0,-3.262242749311987,-1.0874142497706625,0.0,2.129983307614939,3,1,100.0,1.9843734742835317,1.9843734742835317,inf,0.0,0,1.2693468941886263,55.00000000000001,50.0,40.0,15.0,10.0,-3.218924935777327
360,3m,stagnation,GBP_ADX25_RISK_LE2_5_BBW3_8,GBPJPY + ADX>=25 + risk<=2.5ATR + BB幅3-8ATR,5,40.0,0.9166646861556345,0.1833329372311269,1.301262033688708,1.0102225006053476,2,4,50.0,1.922771453098636,0.480692863274659,1.9440890635725343,1.0102225006053476,2,1,0.0,-1.0061067669430015,-1.0061067669430015,0.0,0.0,1,0,0.0,0.0,0.0,,0.0,0,0.9870942456714678,40.0,40.0,40.0,0.0,0.0,-3.508625276714089
240,2m,stagnation,ADX30_RISK_LE2_BBW3_8,ADX>=30 + risk<=2ATR + BB幅3-8ATR,18,27.77777777777778,-3.8084435781978727,-0.2115801987887707,0.7206425063364312,4.521270877999941,4,13,23.076923076923077,-4.4936728648244335,-0.34566714344803334,0.5661801836789814,4.271082074833858,4,4,50.0,1.7274517672295073,0.43186294180737683,1.7738580686601566,2.232259166361584,2,1,0.0,-1.0422224806029483,-1.0422224806029483,0.0,0.0,1,1.0280525575953654,44.44444444444444,38.88888888888889,27.77777777777778,16.666666666666664,11.11111111111111,-3.991497465841101
360,3m,stagnation,ADX30_RISK_LE2_BBW3_8,ADX>=30 + risk<=2ATR + BB幅3-8ATR,10,30.0,-1.476588169369566,-0.1476588169369566,0.7989979429052798,3.081816320371877,4,8,25.0,-2.3263990908680188,-0.29079988635850235,0.6256121943434562,3.081816320371877,4,2,50.0,0.8498109214984528,0.4249054607492264,1.7505443454061578,1.1322594416970484,1,0,0.0,0.0,0.0,,0.0,0,1.1885392494487823,60.0,50.0,30.0,30.0,20.0,-4.0189064685069384
360,3m,stagnation,ADX30_RISK_LE1_5_BBW3_8,ADX>=30 + risk<=1.5ATR + BB幅3-8ATR,5,40.0,0.7212235535370459,0.14424471070740918,1.2277845961074627,1.1322594416970484,2,4,50.0,1.8534829952340943,0.4633707488085236,1.9112533403511074,1.0075735727598318,2,1,0.0,-1.1322594416970484,-1.1322594416970484,0.0,0.0,1,0,0.0,0.0,0.0,,0.0,0,1.132109543333387,60.0,40.0,40.0,20.0,0.0,-4.115789197986574
360,3m,stagnation,NO_XAU_ADX30_RISK_LE1_5_BBW3_8,XAUUSD除外 + ADX>=30 + risk<=1.5ATR + BB幅3-8ATR,5,40.0,0.7212235535370459,0.14424471070740918,1.2277845961074627,1.1322594416970484,2,4,50.0,1.8534829952340943,0.4633707488085236,1.9112533403511074,1.0075735727598318,2,1,0.0,-1.1322594416970484,-1.1322594416970484,0.0,0.0,1,0,0.0,0.0,0.0,,0.0,0,1.132109543333387,60.0,40.0,40.0,20.0,0.0,-4.115789197986574
480,4m,stagnation,ADX30_RISK_LE1_5_BBW3_8,ADX>=30 + risk<=1.5ATR + BB幅3-8ATR,5,40.0,0.7212235535370459,0.14424471070740918,1.2277845961074627,1.1322594416970484,2,4,50.0,1.8534829952340943,0.4633707488085236,1.9112533403511074,1.0075735727598318,2,1,0.0,-1.1322594416970484,-1.1322594416970484,0.0,0.0,1,0,0.0,0.0,0.0,,0.0,0,1.132109543333387,60.0,40.0,40.0,20.0,0.0,-4.115789197986574
480,4m,stagnation,NO_XAU_ADX30_RISK_LE1_5_BBW3_8,XAUUSD除外 + ADX>=30 + risk<=1.5ATR + BB幅3-8ATR,5,40.0,0.7212235535370459,0.14424471070740918,1.2277845961074627,1.1322594416970484,2,4,50.0,1.8534829952340943,0.4633707488085236,1.9112533403511074,1.0075735727598318,2,1,0.0,-1.1322594416970484,-1.1322594416970484,0.0,0.0,1,0,0.0,0.0,0.0,,0.0,0,1.132109543333387,60.0,40.0,40.0,20.0,0.0,-4.115789197986574
720,6m,stagnation,ADX30_RISK_LE2_BBW3_8,ADX>=30 + risk<=2ATR + BB幅3-8ATR,5,40.0,0.8181255064919342,0.16362510129838684,1.2598457640451919,3.1485043040749625,3,1,100.0,1.9845594473713954,1.9845594473713954,inf,0.0,0,4,25.0,-1.1664339408794613,-0.2916084852198653,0.629527601607595,3.1485043040749625,3,0,0.0,0.0,0.0,,0.0,0,1.4847902192410982,80.0,40.0,40.0,40.0,0.0,-4.454375129343421
90,0.75m,either,ADX30_RISK_LE1_5_BBW3_8,ADX>=30 + risk<=1.5ATR + BB幅3-8ATR,24,37.5,1.2098391810974534,0.050409965879060555,1.0753723059952678,5.870086501168414,5,19,42.10526315789473,3.4945772887117195,0.18392512045851156,1.2965930810261017,4.3889450841079185,4,3,0.0,-3.262242749311987,-1.0874142497706625,0.0,2.129983307614939,3,2,50.0,0.9775046416977224,0.4887523208488612,1.9708361308466817,1.0068688325858093,1,1.2459829953518382,54.166666666666664,45.83333333333333,37.5,16.666666666666664,8.333333333333332,-4.8953615738575245
180,1.5m,stagnation,ADX30_RISK_LE2_BBW3_8,ADX>=30 + risk<=2ATR + BB幅3-8ATR,21,28.57142857142857,-4.324285744364493,-0.2059183687792616,0.7317379485499876,5.99867647239865,5,13,23.076923076923077,-4.933176486936205,-0.37947511437970805,0.5431351014149108,5.656189848673067,5,7,42.857142857142854,1.6511132231746601,0.23587331759638003,1.3858172790412862,3.255854032832853,3,1,0.0,-1.0422224806029483,-1.0422224806029483,0.0,0.0,1,1.1250667915882817,52.38095238095239,38.095238095238095,28.57142857142857,23.809523809523807,9.523809523809524,-4.934554521221623
720,6m,stagnation,GBP_ADX25_RISK_LE2_5_BBW3_8,GBPJPY + ADX>=25 + risk<=2.5ATR + BB幅3-8ATR,5,40.0,0.9312579854664629,0.1862515970932926,1.307533081013125,2.0179329823708683,2,3,66.66666666666666,2.949190967837331,0.9830636559457769,3.919347931836908,0.0,1,2,0.0,-2.0179329823708683,-1.0089664911854341,0.0,1.0074894202206424,2,0,0.0,0.0,0.0,,0.0,0,1.1440340828227067,60.0,40.0,40.0,20.0,0.0,-4.942205369585
720,6m,rebreak,GBP_ADX25_RISK_LE2_5_BBW3_8,GBPJPY + ADX>=25 + risk<=2.5ATR + BB幅3-8ATR,4,25.0,-1.1092383808069,-0.277309595201725,0.6403355554031441,2.069816941873781,2,4,25.0,-1.1092383808069,-0.277309595201725,0.6403355554031441,2.069816941873781,2,0,0.0,0.0,0.0,,0.0,0,0,0.0,0.0,0.0,,0.0,0,0.7655679367106055,25.0,25.0,25.0,0.0,0.0,-5.095595441679101
480,4m,rebreak,GBP_ADX25_RISK_LE2_5_BBW3_8,GBPJPY + ADX>=25 + risk<=2.5ATR + BB幅3-8ATR,4,25.0,-1.1117832298144608,-0.2779458074536152,0.6398076160405882,2.0723617908813416,2,4,25.0,-1.1117832298144608,-0.2779458074536152,0.6398076160405882,2.0723617908813416,2,0,0.0,0.0,0.0,,0.0,0,0,0.0,0.0,0.0,,0.0,0,1.142747701631399,50.0,50.0,25.0,25.0,25.0,-5.101849291308669
60,0.5m,rebreak,NO_XAU_ADX30_RISK_LE1_5_BBW3_8,XAUUSD除外 + ADX>=30 + risk<=1.5ATR + BB幅3-8ATR,7,28.57142857142857,-1.6805106524366962,-0.24007295034809945,0.7019216772299296,3.5738596932443,3,7,28.57142857142857,-1.6805106524366962,-0.24007295034809945,0.7019216772299296,3.5738596932443,3,0,0.0,0.0,0.0,,0.0,0,0,0.0,0.0,0.0,,0.0,0,1.0256572073672072,42.857142857142854,42.857142857142854,28.57142857142857,14.285714285714285,14.285714285714285,-5.83234569991024
90,0.75m,rebreak,ADX30_RISK_LE1_5_BBW3_8,ADX>=30 + risk<=1.5ATR + BB幅3-8ATR,10,30.0,-1.845923183782005,-0.1845923183782005,0.7545493675567971,5.452511003887013,5,10,30.0,-1.845923183782005,-0.1845923183782005,0.7545493675567971,5.452511003887013,5,0,0.0,0.0,0.0,,0.0,0,0,0.0,0.0,0.0,,0.0,0,1.0632543261362435,40.0,40.0,30.0,10.0,10.0,-6.192870840709763
90,0.75m,rebreak,GBP_ADX25_RISK_LE2_5_BBW3_8,GBPJPY + ADX>=25 + risk<=2.5ATR + BB幅3-8ATR,9,33.33333333333333,-0.18375151701328107,-0.020416835223697898,0.9700357802310803,4.113131304735875,4,5,40.0,0.8823021949920602,0.17646043899841204,1.286554186822425,2.0686567753066614,2,3,33.33333333333333,-0.05717022954844131,-0.01905674318281377,0.9720367122575979,1.0215583462904079,2,1,0.0,-1.0088834824569,-1.0088834824569,0.0,0.0,1,1.4432716394696745,55.55555555555556,44.44444444444444,33.33333333333333,22.22222222222222,11.11111111111111,-6.392270179319091
480,4m,rebreak,ADX30_RISK_LE2_BBW3_8,ADX>=30 + risk<=2ATR + BB幅3-8ATR,13,23.076923076923077,-4.342322060153051,-0.334024773857927,0.5768089431258645,8.219711100162048,9,10,10.0,-7.266288411926197,-0.7266288411926196,0.2147598964079416,8.219711100162048,9,2,100.0,3.9312805684881598,1.9656402842440799,inf,0.0,0,1,0.0,-1.0073142167150142,-1.0073142167150142,0.0,0.0,1,1.1098143840849302,46.15384615384615,38.46153846153847,23.076923076923077,23.076923076923077,15.384615384615385,-6.439003305313615
120,1m,rebreak,NO_XAU_ADX30_RISK_LE1_5_BBW3_8,XAUUSD除外 + ADX>=30 + risk<=1.5ATR + BB幅3-8ATR,5,20.0,-2.179433660941921,-0.43588673218838425,0.47527170938981617,2.0854151221040054,2,5,20.0,-2.179433660941921,-0.43588673218838425,0.47527170938981617,2.0854151221040054,2,0,0.0,0.0,0.0,,0.0,0,0,0.0,0.0,0.0,,0.0,0,0.5993817946872309,20.0,20.0,20.0,0.0,0.0,-6.969062660831644
180,1.5m,rebreak,ADX30_RISK_LE2_BBW3_8,ADX>=30 + risk<=2ATR + BB幅3-8ATR,19,21.052631578947366,-7.88519328846974,-0.4150101730773547,0.4981004378340317,10.71436584503791,11,10,0.0,-10.607741531674337,-1.0607741531674337,0.0,9.573864616289589,10,7,57.14285714285714,4.748616443893615,0.6783737776990879,2.5433169634289317,2.0531028161783267,2,2,0.0,-2.0260682006890174,-1.0130341003445087,0.0,1.0073142167150142,2,1.0945563961990437,52.63157894736842,26.31578947368421,21.052631578947366,31.57894736842105,5.263157894736842,-7.027385271532266
240,2m,rebreak,GBP_ADX25_RISK_LE2_5_BBW3_8,GBPJPY + ADX>=25 + risk<=2.5ATR + BB幅3-8ATR,5,20.0,-2.1417522882905273,-0.4283504576581055,0.48154211613299863,3.1206556489803754,3,5,20.0,-2.1417522882905273,-0.4283504576581055,0.48154211613299863,3.1206556489803754,3,0,0.0,0.0,0.0,,0.0,0,0,0.0,0.0,0.0,,0.0,0,1.345152974147961,80.0,20.0,20.0,60.0,0.0,-7.153775915035045
60,0.5m,rebreak,ADX30_RISK_LE1_5_BBW3_8,ADX>=30 + risk<=1.5ATR + BB幅3-8ATR,9,33.33333333333333,-0.7536571571028305,-0.08373968412253673,0.8867152940721741,3.5738596932443,3,8,37.5,0.2612976931872608,0.0326622116484076,1.0463473278292004,3.5738596932443,3,1,0.0,-1.0149548502900914,-1.0149548502900914,0.0,0.0,1,0,0.0,0.0,0.0,,0.0,0,1.0539461584763454,44.44444444444444,44.44444444444444,33.33333333333333,11.11111111111111,11.11111111111111,-7.313311343179988
120,1m,rebreak,GBP_ADX25_RISK_LE2_5_BBW3_8,GBPJPY + ADX>=25 + risk<=2.5ATR + BB幅3-8ATR,9,22.22222222222222,-3.1747722782996277,-0.3527524753666253,0.5559937241757466,3.1243028569250897,3,5,20.0,-2.1174622850830147,-0.42349245701660293,0.48425934951217203,2.066992863708476,2,2,50.0,0.9737960296745725,0.48689801483728623,1.9608170532998732,1.0135082702061997,1,2,0.0,-2.031106022891186,-1.015553011445593,0.0,1.0088834824569002,2,1.0653712583099717,33.33333333333333,22.22222222222222,22.22222222222222,11.11111111111111,0.0,-7.642308934212168
480,4m,either,GBP_ADX25_RISK_LE2_5_BBW3_8,GBPJPY + ADX>=25 + risk<=2.5ATR + BB幅3-8ATR,9,22.22222222222222,-3.2055366612283174,-0.3561707401364797,0.5526086569739306,3.1022704064076123,3,9,22.22222222222222,-3.2055366612283174,-0.3561707401364797,0.5526086569739306,3.1022704064076123,3,0,0.0,0.0,0.0,,0.0,0,0,0.0,0.0,0.0,,0.0,0,0.9024677543334513,44.44444444444444,33.33333333333333,22.22222222222222,22.22222222222222,11.11111111111111,-7.8531785664022085
480,4m,either,ADX30_RISK_LE2_BBW3_8,ADX>=30 + risk<=2ATR + BB幅3-8ATR,21,23.809523809523807,-6.709171231702573,-0.3194843443667892,0.5937584730716561,11.329898492718424,11,17,17.647058823529413,-8.50087814177867,-0.5000516553987453,0.40866146031262945,11.329898492718424,11,3,66.66666666666666,2.7990211267911116,0.9330070422637039,3.47206693423187,0.0,1,1,0.0,-1.0073142167150142,-1.0073142167150142,0.0,0.0,1,1.0282987845346863,47.61904761904761,33.33333333333333,23.809523809523807,23.809523809523807,9.523809523809524,-7.866999407128346
180,1.5m,rebreak,NO_XAU_ADX30_RISK_LE1_5_BBW3_8,XAUUSD除外 + ADX>=30 + risk<=1.5ATR + BB幅3-8ATR,1,0.0,-1.0566142776838123,-1.0566142776838123,0.0,0.0,1,1,0.0,-1.0566142776838123,-1.0566142776838123,0.0,0.0,1,0,0.0,0.0,0.0,,0.0,0,0,0.0,0.0,0.0,,0.0,0,1.2738212478869042,100.0,0.0,0.0,100.0,0.0,-8.283071388419062
180,1.5m,either,NO_XAU_ADX30_RISK_LE1_5_BBW3_8,XAUUSD除外 + ADX>=30 + risk<=1.5ATR + BB幅3-8ATR,13,30.76923076923077,-1.7679590327786359,-0.13599684867527967,0.8159065415147213,4.242449497385945,4,9,33.33333333333333,-0.5407334328950608,-0.060081492543895644,0.915582235332386,2.0865228932100823,3,3,33.33333333333333,-0.18500311928062652,-0.0616677064268755,0.914188581873664,1.0236671624788134,2,1,0.0,-1.0422224806029483,-1.0422224806029483,0.0,0.0,1,1.083327105164271,53.84615384615385,30.76923076923077,30.76923076923077,23.076923076923077,0.0,-8.778656003448273
120,1m,rebreak,ADX30_RISK_LE1_5_BBW3_8,ADX>=30 + risk<=1.5ATR + BB幅3-8ATR,6,16.666666666666664,-3.2280112545180324,-0.5380018757530054,0.37947077709509314,3.133992715680116,3,6,16.666666666666664,-3.2280112545180324,-0.5380018757530054,0.37947077709509314,3.133992715680116,3,0,0.0,0.0,0.0,,0.0,0,0,0.0,0.0,0.0,,0.0,0,0.5668920230397075,16.666666666666664,16.666666666666664,16.666666666666664,0.0,0.0,-8.78404615935499
480,4m,stagnation,GBP_ADX25_RISK_LE2_5_BBW3_8,GBPJPY + ADX>=25 + risk<=2.5ATR + BB幅3-8ATR,7,28.57142857142857,-1.111634579482296,-0.15880493992604228,0.7807880010253174,3.034406032580932,3,5,40.0,0.9019616076813477,0.18039232153626955,1.2950043528916764,1.0208098454172883,2,2,0.0,-2.0135961871636434,-1.0067980935818217,0.0,1.007489420220642,2,0,0.0,0.0,0.0,,0.0,0,0.8585123193366141,28.57142857142857,28.57142857142857,28.57142857142857,0.0,0.0,-9.140983270902751
360,3m,rebreak,ADX30_RISK_LE2_BBW3_8,ADX>=30 + risk<=2ATR + BB幅3-8ATR,16,18.75,-7.612182467086444,-0.47576140419290275,0.43391937636833294,10.408686757614012,11,12,8.333333333333332,-9.428769207080158,-0.7857307672566799,0.17407915426699433,10.408686757614012,11,3,66.66666666666666,2.8239009567087265,0.9413003189029089,3.7582891816726134,0.0,1,1,0.0,-1.0073142167150142,-1.0073142167150142,0.0,0.0,1,0.8220250526027493,25.0,18.75,18.75,6.25,0.0,-9.294799248842752
240,2m,stagnation,GBP_ADX25_RISK_LE2_5_BBW3_8,GBPJPY + ADX>=25 + risk<=2.5ATR + BB幅3-8ATR,8,25.0,-2.1628495732200244,-0.27035619665250304,0.6468612637276622,2.0520462039340863,3,7,28.57142857142857,-1.1567428062770229,-0.16524897232528898,0.7740091721848718,2.0261784103171405,3,1,0.0,-1.0061067669430015,-1.0061067669430015,0.0,0.0,1,0,0.0,0.0,0.0,,0.0,0,0.8187115347714833,25.0,25.0,25.0,0.0,0.0,-9.317752767417497
360,3m,rebreak,ADX30_RISK_LE1_5_BBW3_8,ADX>=30 + risk<=1.5ATR + BB幅3-8ATR,2,0.0,-2.0707834430844354,-1.0353917215422177,0.0,1.0483299356357858,2,2,0.0,-2.0707834430844354,-1.0353917215422177,0.0,1.0483299356357858,2,0,0.0,0.0,0.0,,0.0,0,0,0.0,0.0,0.0,,0.0,0,0.14501025917217564,0.0,0.0,0.0,0.0,0.0,-9.474432813162252
360,3m,rebreak,NO_XAU_ADX30_RISK_LE1_5_BBW3_8,XAUUSD除外 + ADX>=30 + risk<=1.5ATR + BB幅3-8ATR,2,0.0,-2.0707834430844354,-1.0353917215422177,0.0,1.0483299356357858,2,2,0.0,-2.0707834430844354,-1.0353917215422177,0.0,1.0483299356357858,2,0,0.0,0.0,0.0,,0.0,0,0,0.0,0.0,0.0,,0.0,0,0.14501025917217564,0.0,0.0,0.0,0.0,0.0,-9.474432813162252
180,1.5m,stagnation,GBP_ADX25_RISK_LE2_5_BBW3_8,GBPJPY + ADX>=25 + risk<=2.5ATR + BB幅3-8ATR,8,25.0,-2.156791645251321,-0.2695989556564151,0.647501712016264,3.052597925055834,4,7,28.57142857142857,-1.1506848783083194,-0.16438355404404564,0.7749263182804307,3.052597925055834,4,1,0.0,-1.0061067669430015,-1.0061067669430015,0.0,0.0,1,0,0.0,0.0,0.0,,0.0,0,0.747541297880955,25.0,25.0,25.0,0.0,0.0,-9.558163357456278
60,0.5m,rebreak,GBP_ADX25_RISK_LE2_5_BBW3_8,GBPJPY + ADX>=25 + risk<=2.5ATR + BB幅3-8ATR,18,27.77777777777778,-3.333330735035446,-0.18518504083530254,0.7489238164726532,8.221362329782933,8,11,27.27272727272727,-2.2189490674377317,-0.20172264249433924,0.7287645061519537,5.149732962551115,5,4,25.0,-1.0792533651348912,-0.2698133412837228,0.6486381538578905,2.044474529429213,3,3,33.33333333333333,-0.0351283024628235,-0.0117094341542745,0.982641102828138,1.0088834824569,1,1.1953594936699372,50.0,33.33333333333333,27.77777777777778,22.22222222222222,5.555555555555555,-9.675591702511605
180,1.5m,either,ADX30_RISK_LE1_5_BBW3_8,ADX>=30 + risk<=1.5ATR + BB幅3-8ATR,15,26.666666666666668,-3.85605219867569,-0.25707014657837934,0.6701885889800877,5.624292751666422,5,10,30.0,-1.5893110264711718,-0.15893110264711718,0.7867848140225697,2.428850575169617,3,4,25.0,-1.2245186916015698,-0.30612967290039245,0.6167920982553902,2.0631827347997564,3,1,0.0,-1.0422224806029483,-1.0422224806029483,0.0,0.0,1,1.0637396132922203,53.333333333333336,26.666666666666668,26.666666666666668,26.666666666666668,0.0,-10.08963981384761
360,3m,either,ADX30_RISK_LE1_5_BBW3_8,ADX>=30 + risk<=1.5ATR + BB幅3-8ATR,8,25.0,-2.37946850507366,-0.2974335631342075,0.6203144176983088,4.232951500307754,4,7,28.57142857142857,-1.2472090633766113,-0.1781727233395159,0.7571011604632322,3.1006920586107056,3,1,0.0,-1.1322594416970484,-1.1322594416970484,0.0,0.0,1,0,0.0,0.0,0.0,,0.0,0,0.7456903178468026,37.5,25.0,25.0,12.5,0.0,-10.365837545025578
360,3m,either,NO_XAU_ADX30_RISK_LE1_5_BBW3_8,XAUUSD除外 + ADX>=30 + risk<=1.5ATR + BB幅3-8ATR,8,25.0,-2.37946850507366,-0.2974335631342075,0.6203144176983088,4.232951500307754,4,7,28.57142857142857,-1.2472090633766113,-0.1781727233395159,0.7571011604632322,3.1006920586107056,3,1,0.0,-1.1322594416970484,-1.1322594416970484,0.0,0.0,1,0,0.0,0.0,0.0,,0.0,0,0.7456903178468026,37.5,25.0,25.0,12.5,0.0,-10.365837545025578
720,6m,rebreak,ADX30_RISK_LE2_BBW3_8,ADX>=30 + risk<=2ATR + BB幅3-8ATR,3,0.0,-3.045170153840636,-1.0150567179468786,0.0,2.0333190535411334,3,3,0.0,-3.045170153840636,-1.0150567179468786,0.0,2.0333190535411334,3,0,0.0,0.0,0.0,,0.0,0,0,0.0,0.0,0.0,,0.0,0,0.03149884305456498,0.0,0.0,0.0,0.0,0.0,-10.613726789013434
480,4m,rebreak,ADX30_RISK_LE1_5_BBW3_8,ADX>=30 + risk<=1.5ATR + BB幅3-8ATR,3,0.0,-3.096392776771386,-1.032130925590462,0.0,2.0739392693227368,3,3,0.0,-3.096392776771386,-1.032130925590462,0.0,2.0739392693227368,3,0,0.0,0.0,0.0,,0.0,0,0,0.0,0.0,0.0,,0.0,0,1.1674851610402146,66.66666666666666,66.66666666666666,0.0,66.66666666666666,66.66666666666666,-10.743401296463919
480,4m,rebreak,NO_XAU_ADX30_RISK_LE1_5_BBW3_8,XAUUSD除外 + ADX>=30 + risk<=1.5ATR + BB幅3-8ATR,3,0.0,-3.096392776771386,-1.032130925590462,0.0,2.0739392693227368,3,3,0.0,-3.096392776771386,-1.032130925590462,0.0,2.0739392693227368,3,0,0.0,0.0,0.0,,0.0,0,0,0.0,0.0,0.0,,0.0,0,1.1674851610402146,66.66666666666666,66.66666666666666,0.0,66.66666666666666,66.66666666666666,-10.743401296463919
240,2m,either,GBP_ADX25_RISK_LE2_5_BBW3_8,GBPJPY + ADX>=25 + risk<=2.5ATR + BB幅3-8ATR,12,25.0,-3.2657586570221726,-0.27214655475184774,0.6456735581421769,5.158053684727288,5,11,27.27272727272727,-2.2582692368015307,-0.2052972033455937,0.7249139117480474,4.150564264506646,4,1,0.0,-1.0074894202206421,-1.0074894202206421,0.0,0.0,1,0,0.0,0.0,0.0,,0.0,0,1.0780151469575636,58.333333333333336,25.0,25.0,33.33333333333333,0.0,-11.20717204333398
720,6m,stagnation,ADX30_RISK_LE1_5_BBW3_8,ADX>=30 + risk<=1.5ATR + BB幅3-8ATR,4,25.0,-1.163944856703567,-0.29098621417589177,0.630318162437597,3.1485043040749625,3,1,100.0,1.9845594473713954,1.9845594473713954,inf,0.0,0,3,0.0,-3.1485043040749625,-1.0495014346916542,0.0,2.0162448623779143,3,0,0.0,0.0,0.0,,0.0,0,1.2818423829212513,75.0,25.0,25.0,50.0,0.0,-11.262902791878233
720,6m,stagnation,NO_XAU_ADX30_RISK_LE1_5_BBW3_8,XAUUSD除外 + ADX>=30 + risk<=1.5ATR + BB幅3-8ATR,4,25.0,-1.163944856703567,-0.29098621417589177,0.630318162437597,3.1485043040749625,3,1,100.0,1.9845594473713954,1.9845594473713954,inf,0.0,0,3,0.0,-3.1485043040749625,-1.0495014346916542,0.0,2.0162448623779143,3,0,0.0,0.0,0.0,,0.0,0,1.2818423829212513,75.0,25.0,25.0,50.0,0.0,-11.262902791878233
180,1.5m,rebreak,GBP_ADX25_RISK_LE2_5_BBW3_8,GBPJPY + ADX>=25 + risk<=2.5ATR + BB幅3-8ATR,7,14.285714285714285,-4.181066958874879,-0.5972952798392683,0.32102549373373235,5.147564808510938,5,6,16.666666666666664,-3.1721834764179784,-0.5286972460696631,0.3839261282071202,4.138681326054038,4,0,0.0,0.0,0.0,,0.0,0,1,0.0,-1.0088834824569,-1.0088834824569,0.0,0.0,1,1.2066122288448728,71.42857142857143,14.285714285714285,14.285714285714285,57.14285714285714,0.0,-11.536113786625954
180,1.5m,either,ADX30_RISK_LE2_BBW3_8,ADX>=30 + risk<=2ATR + BB幅3-8ATR,34,23.52941176470588,-11.557406889295644,-0.33992373203810716,0.5753849056944779,15.335213919005202,8,21,14.285714285714285,-13.052729532616668,-0.6215585491722223,0.31001614992004334,12.038786086081018,7,10,50.0,4.563613324612988,0.45636133246129884,1.8721141441372064,3.07676997865714,3,3,0.0,-3.0682906812919657,-1.0227635604306553,0.0,2.0495366973179623,3,1.1315472004825713,55.88235294117647,32.35294117647059,23.52941176470588,32.35294117647059,8.823529411764707,-11.699184401969308
180,1.5m,either,GBP_ADX25_RISK_LE2_5_BBW3_8,GBPJPY + ADX>=25 + risk<=2.5ATR + BB幅3-8ATR,14,21.428571428571427,-5.311527353921532,-0.37939481099439515,0.5278714043302316,6.177473424037209,6,13,23.076923076923077,-4.302643871464632,-0.33097260549727936,0.5798727516938583,5.168589941580309,5,0,0.0,0.0,0.0,,0.0,0,1,0.0,-1.0088834824569,-1.0088834824569,0.0,0.0,1,1.0473461511227171,57.14285714285714,21.428571428571427,21.428571428571427,35.714285714285715,0.0,-11.845603549578183
480,4m,either,ADX30_RISK_LE1_5_BBW3_8,ADX>=30 + risk<=1.5ATR + BB幅3-8ATR,9,22.22222222222222,-3.4050778387606107,-0.3783419820845123,0.5330747121766386,5.258560833994705,5,8,25.0,-2.272818397063562,-0.28410229963294525,0.63105361204441,4.126301392297656,4,1,0.0,-1.1322594416970484,-1.1322594416970484,0.0,0.0,1,0,0.0,0.0,0.0,,0.0,0,1.0197730563945238,55.55555555555556,44.44444444444444,22.22222222222222,33.33333333333333,22.22222222222222,-12.058722593457157
480,4m,either,NO_XAU_ADX30_RISK_LE1_5_BBW3_8,XAUUSD除外 + ADX>=30 + risk<=1.5ATR + BB幅3-8ATR,9,22.22222222222222,-3.4050778387606107,-0.3783419820845123,0.5330747121766386,5.258560833994705,5,8,25.0,-2.272818397063562,-0.28410229963294525,0.63105361204441,4.126301392297656,4,1,0.0,-1.1322594416970484,-1.1322594416970484,0.0,0.0,1,0,0.0,0.0,0.0,,0.0,0,1.0197730563945238,55.55555555555556,44.44444444444444,22.22222222222222,33.33333333333333,22.22222222222222,-12.058722593457157
240,2m,rebreak,NO_XAU_ADX30_RISK_LE1_5_BBW3_8,XAUUSD除外 + ADX>=30 + risk<=1.5ATR + BB幅3-8ATR,4,0.0,-4.1492213596369165,-1.0373053399092291,0.0,3.1267678521882667,4,4,0.0,-4.1492213596369165,-1.0373053399092291,0.0,3.1267678521882667,4,0,0.0,0.0,0.0,,0.0,0,0,0.0,0.0,0.0,,0.0,0,0.8986022002450801,75.0,0.0,0.0,75.0,0.0,-12.0801346823209
720,6m,either,GBP_ADX25_RISK_LE2_5_BBW3_8,GBPJPY + ADX>=25 + risk<=2.5ATR + BB幅3-8ATR,10,20.0,-4.1945052798529305,-0.41945052798529303,0.48558412104245013,5.11765853977092,5,8,25.0,-2.1765722974820623,-0.2720715371852578,0.6452774858818409,3.0997255574000517,3,2,0.0,-2.0179329823708683,-1.0089664911854341,0.0,1.0074894202206424,2,0,0.0,0.0,0.0,,0.0,0,0.8097414730048401,40.0,20.0,20.0,20.0,0.0,-14.087657484539426
180,1.5m,rebreak,ADX30_RISK_LE1_5_BBW3_8,ADX>=30 + risk<=1.5ATR + BB幅3-8ATR,3,0.0,-3.1447074435808666,-1.0482358145269555,0.0,2.096129850004756,3,2,0.0,-2.1051918712599234,-1.0525959356299617,0.0,1.0566142776838123,2,1,0.0,-1.0395155723209433,-1.0395155723209433,0.0,0.0,1,0,0.0,0.0,0.0,,0.0,0,1.0488876933782294,66.66666666666666,0.0,0.0,66.66666666666666,0.0,-14.109101850975009
240,2m,either,NO_XAU_ADX30_RISK_LE1_5_BBW3_8,XAUUSD除外 + ADX>=30 + risk<=1.5ATR + BB幅3-8ATR,13,23.076923076923077,-4.586115703161226,-0.35277813101240196,0.5611720348659727,6.43959869839532,6,11,27.27272727272727,-2.411633780861229,-0.2192394346237481,0.7086113026333111,4.265116776095324,4,1,0.0,-1.1322594416970484,-1.1322594416970484,0.0,0.0,1,1,0.0,-1.0422224806029483,-1.0422224806029483,0.0,0.0,1,0.952380748996657,53.84615384615385,23.076923076923077,23.076923076923077,30.76923076923077,0.0,-14.40466719698015
720,6m,either,ADX30_RISK_LE1_5_BBW3_8,ADX>=30 + risk<=1.5ATR + BB幅3-8ATR,6,16.666666666666664,-3.2014270449896687,-0.5335711741649448,0.3826773267332345,4.178412919601232,4,3,33.33333333333333,-0.05292274091470661,-0.01764091363823554,0.9740254215624705,1.0299086155262702,1,3,0.0,-3.1485043040749625,-1.0495014346916542,0.0,2.0162448623779143,3,0,0.0,0.0,0.0,,0.0,0,0.8699795374181484,50.0,16.666666666666664,16.666666666666664,33.33333333333333,0.0,-14.775842809706475
720,6m,either,NO_XAU_ADX30_RISK_LE1_5_BBW3_8,XAUUSD除外 + ADX>=30 + risk<=1.5ATR + BB幅3-8ATR,6,16.666666666666664,-3.2014270449896687,-0.5335711741649448,0.3826773267332345,4.178412919601232,4,3,33.33333333333333,-0.05292274091470661,-0.01764091363823554,0.9740254215624705,1.0299086155262702,1,3,0.0,-3.1485043040749625,-1.0495014346916542,0.0,2.0162448623779143,3,0,0.0,0.0,0.0,,0.0,0,0.8699795374181484,50.0,16.666666666666664,16.666666666666664,33.33333333333333,0.0,-14.775842809706475
60,0.5m,rebreak,ADX30_RISK_LE2_BBW3_8,ADX>=30 + risk<=2ATR + BB幅3-8ATR,43,30.23255813953488,-5.673845446803046,-0.13194989411169875,0.8183691907419244,11.54913829490986,9,27,33.33333333333333,-1.1981433318614785,-0.04437567895783254,0.9368538382805769,10.033728591534823,9,12,25.0,-3.3958129550869938,-0.28298441292391613,0.6322150634188339,3.343350781420298,3,4,25.0,-1.0798891598545721,-0.26997228996364303,0.6437263290504626,1.0114364912714178,2,1.140614384251403,46.51162790697674,37.2093023255814,30.23255813953488,16.27906976744186,6.976744186046512,-15.345535952339773
360,3m,either,ADX30_RISK_LE2_BBW3_8,ADX>=30 + risk<=2ATR + BB幅3-8ATR,26,19.230769230769234,-12.066807343220942,-0.464107974739267,0.44620417633561094,13.899799157116648,12,21,14.285714285714285,-12.751134641517606,-0.6071968876913145,0.3154087817958899,13.731052192051461,12,4,50.0,1.6916415150116781,0.42291037875291954,1.78460342164261,1.1322594416970484,2,1,0.0,-1.0073142167150142,-1.0073142167150142,0.0,0.0,1,0.9226558493739101,38.46153846153847,26.923076923076923,19.230769230769234,19.230769230769234,7.6923076923076925,-15.922015037107547
240,2m,rebreak,ADX30_RISK_LE1_5_BBW3_8,ADX>=30 + risk<=1.5ATR + BB幅3-8ATR,5,0.0,-5.165347787332111,-1.0330695574664222,0.0,4.142894279883461,5,4,0.0,-4.1492213596369165,-1.0373053399092291,0.0,3.1267678521882667,4,1,0.0,-1.0161264276951951,-1.0161264276951951,0.0,0.0,1,0,0.0,0.0,0.0,,0.0,0,0.9044739052139559,60.0,0.0,0.0,60.0,0.0,-16.5527013004029
240,2m,either,ADX30_RISK_LE1_5_BBW3_8,ADX>=30 + risk<=1.5ATR + BB幅3-8ATR,14,21.428571428571427,-5.602242130856421,-0.40016015220403006,0.5114446442724393,7.455725126090515,7,11,27.27272727272727,-2.411633780861229,-0.2192394346237481,0.7086113026333111,4.265116776095324,4,2,0.0,-2.1483858693922437,-1.0741929346961219,0.0,1.0161264276951953,2,1,0.0,-1.0422224806029483,-1.0422224806029483,0.0,0.0,1,0.9506364615747144,50.0,21.428571428571427,21.428571428571427,28.57142857142857,0.0,-17.133432420193422
720,6m,either,ADX30_RISK_LE2_BBW3_8,ADX>=30 + risk<=2ATR + BB幅3-8ATR,10,10.0,-7.258359446745246,-0.7258359446745246,0.2147113341689733,6.246597198830304,6,7,14.285714285714285,-4.109855142670282,-0.5871221632386118,0.32563577978665603,3.098092894755342,3,3,0.0,-3.1485043040749625,-1.0495014346916542,0.0,2.0162448623779143,3,0,0.0,0.0,0.0,,0.0,0,0.6714081255551725,40.0,10.0,10.0,30.0,0.0,-20.2868463558719
720,6m,rebreak,ALL,全候補,84,29.761904761904763,-17.839355463791286,-0.21237327933084865,0.6951279296838583,16.83444330727588,6,66,30.303030303030305,-15.166703498827404,-0.22979853786102128,0.6702097431573142,16.059547412321294,6,16,31.25,-0.6631022882558644,-0.04144389301599152,0.9369419653818076,4.249961346213517,4,2,0.0,-2.009549676708018,-1.004774838354009,0.0,1.0029752672278325,2,1.0204539732685634,41.66666666666667,28.57142857142857,23.809523809523807,15.476190476190476,3.571428571428571,-25.998054224156828
480,4m,rebreak,ALL,全候補,127,29.92125984251969,-24.00059095392718,-0.18898103113328488,0.7307955128255205,24.224907385161973,12,98,29.591836734693878,-20.943396096542926,-0.2137081234341115,0.6988384540309529,21.99444751364096,12,24,37.5,1.9832434533231558,0.08263514388846482,1.1361066020391852,4.255996214781699,3,5,0.0,-5.0404383107074135,-1.0080876621414827,0.0,4.027392107247544,5,1.1530345142631053,48.818897637795274,34.645669291338585,25.196850393700785,22.04724409448819,7.874015748031496,-28.702054267937502
480,4m,either,ALL,全候補,140,28.57142857142857,-26.808554102308673,-0.19148967215934767,0.7336876830163376,28.49956666325869,13,109,28.440366972477065,-21.57762671384448,-0.19795987810866497,0.7264514290894332,24.989792164329057,13,26,34.61538461538461,-0.19048907775678248,-0.00732650299064548,0.9886241107343752,5.29746930416459,4,5,0.0,-5.0404383107074135,-1.0080876621414827,0.0,4.027392107247544,5,1.1608198181032947,50.0,35.0,26.42857142857143,22.857142857142858,7.857142857142857,-37.19430366705254
720,6m,either,ALL,全候補,97,27.835051546391753,-21.84142641185077,-0.2251693444520698,0.68751210956041,22.486217732996106,8,74,29.72972972972973,-13.97130763320839,-0.18880145450281607,0.7322094039291125,16.51385502436303,8,21,23.809523809523807,-5.860569101934359,-0.27907471913973136,0.6270292336251758,8.315168718194963,6,2,0.0,-2.009549676708018,-1.004774838354009,0.0,1.0029752672278325,2,1.0606122243340605,46.391752577319586,29.896907216494846,24.742268041237114,19.587628865979383,4.123711340206185,-37.70882903566889
720,6m,stagnation,ALL,全候補,57,26.31578947368421,-21.607074375548684,-0.3790714802727839,0.48574104170362054,24.365729007835128,8,44,29.545454545454547,-14.311335323791472,-0.32525762099526073,0.5347331815114038,17.06998995607791,8,13,15.384615384615385,-7.29573905175721,-0.5612106962890162,0.351865853073934,9.277809414952713,7,0,0.0,0.0,0.0,,0.0,0,0.9666493458297404,43.859649122807014,29.82456140350877,17.543859649122805,21.052631578947366,7.017543859649122,-39.48393836900364
90,0.75m,either,ALL,全候補,432,32.870370370370374,-33.99394665691579,-0.07868969133545321,0.8823975220733222,54.160754445629564,20,275,33.45454545454545,-17.65525803681379,-0.06420093831568652,0.9039320536716318,35.47152323244073,17,126,35.714285714285715,0.6201419743136818,0.004921761700902237,1.0078447106892903,17.661114291528122,12,31,16.129032258064516,-16.95883059441568,-0.5470590514327639,0.35338212962616206,20.281120462045514,12,1.187283149422066,52.54629629629629,39.120370370370374,28.47222222222222,20.833333333333336,8.333333333333332,-47.222326142415255
480,4m,stagnation,ALL,全候補,82,25.609756097560975,-30.871041732571175,-0.3764761186898924,0.5045976500854851,36.64544109997927,16,67,26.865671641791046,-23.487259414093433,-0.35055611065811093,0.5306849914125699,29.261658781501524,16,14,21.428571428571427,-6.381972433822728,-0.4558551738444806,0.43359206974251446,8.364042797018229,8,1,0.0,-1.0018098846550112,-1.0018098846550112,0.0,0.0,1,0.980549394744228,40.243902439024396,28.04878048780488,18.29268292682927,17.073170731707318,7.317073170731707,-51.69207575282735
360,3m,rebreak,ALL,全候補,154,27.27272727272727,-40.772909525710276,-0.2647591527643524,0.6393514330129332,45.45661144515071,13,114,26.31578947368421,-34.16230310459124,-0.2996693254788705,0.5983861814451674,36.151335230424635,13,34,35.294117647058826,-0.5606770666778675,-0.016490501961113752,0.9744472052301872,9.048861076961503,6,6,0.0,-6.049929354441176,-1.0083215590735293,0.0,5.036883150981306,6,1.0966869570271356,45.45454545454545,30.519480519480517,22.727272727272727,20.12987012987013,5.844155844155844,-56.22956004505587
360,3m,either,ALL,全候補,168,26.190476190476193,-43.165195796439626,-0.2569356892645216,0.6567717866419722,47.84889771588007,14,126,25.396825396825395,-34.38085684424064,-0.272863943208259,0.6403555936191166,36.369888970074044,14,36,33.33333333333333,-2.734409597757806,-0.07595582215993905,0.8866126065459198,11.22259360804144,7,6,0.0,-6.049929354441176,-1.0083215590735293,0.0,5.036883150981306,6,1.1236076365023833,47.61904761904761,32.73809523809524,24.404761904761905,22.023809523809522,7.142857142857142,-61.779682713135124
90,0.75m,rebreak,ALL,全候補,405,31.851851851851855,-52.259030822253486,-0.12903464400556416,0.8094755299693479,61.986652011764775,20,259,31.66023166023166,-38.44871910992177,-0.14845065293406087,0.7833702060511712,43.58495681838637,18,119,36.134453781512605,2.084014859320629,0.017512729910257388,1.028305243529443,17.373578271717697,10,27,14.814814814814813,-15.894326571652346,-0.5886787619130499,0.3142523149835555,17.232242964998644,12,1.1266270068404636,49.382716049382715,35.80246913580247,25.925925925925924,19.25925925925926,7.160493827160494,-65.96153904006283
360,3m,stagnation,ALL,全候補,102,24.509803921568626,-41.7757635168043,-0.4095663089882774,0.4652044416914189,46.67440311212378,13,78,24.358974358974358,-32.764502199033785,-0.42005772050043316,0.4553896965193281,35.93071185284763,13,22,27.27272727272727,-6.996907861706486,-0.3180412664412039,0.5610379866686163,12.725761622471648,12,2,0.0,-2.0143534560640255,-1.0071767280320127,0.0,1.0018098846550114,2,0.9378723757234712,37.254901960784316,26.47058823529412,16.666666666666664,15.686274509803921,7.8431372549019605,-66.0137145231447
60,0.5m,either,ALL,全候補,566,32.86219081272085,-39.30387244236962,-0.06944147074623608,0.8972535745416965,62.34796915461756,17,347,34.5821325648415,-12.88112270330437,-0.0371213910758051,0.9442783617204731,33.23638747556042,16,180,32.77777777777778,-8.260317241702582,-0.045890651342792126,0.9311354085380507,28.631324437451422,17,39,17.94871794871795,-18.162432497362666,-0.4657033973682735,0.4218267681015486,22.47728412332052,15,1.1742261633957265,49.64664310954063,38.33922261484099,29.681978798586574,17.6678445229682,6.890459363957597,-67.18375772951036
60,0.5m,stagnation,ALL,全候補,322,32.298136645962735,-44.587970728025454,-0.13847195878268775,0.7948178024028751,58.001414030857774,17,207,32.367149758454104,-28.43542604336253,-0.1373692079389494,0.7959360393882547,42.80436036939677,17,99,35.35353535353536,-4.769954437829311,-0.048181357957871825,0.9258788454298865,20.865978782055322,12,16,12.5,-11.382590246833619,-0.7114118904271012,0.16366114133080267,13.610021977151549,14,1.134949876037293,45.962732919254655,35.40372670807454,26.08695652173913,16.149068322981368,6.211180124223603,-67.57133959386294
120,1m,either,ALL,全候補,372,31.451612903225808,-50.16336887797252,-0.1348477658010014,0.8045791372919184,62.64926558445209,20,239,32.21757322175732,-28.503834136196204,-0.11926290433554897,0.8261662358533143,40.98973084267577,13,108,35.18518518518518,-2.438293505826593,-0.0225767917206166,0.9649259846858499,19.803245073484838,8,25,8.0,-19.221241235949723,-0.768849649437989,0.1716310571668441,21.205614710233252,20,1.14165119941421,50.0,37.096774193548384,26.881720430107524,20.161290322580644,7.795698924731183,-71.48644940698955
90,0.75m,stagnation,ALL,全候補,245,30.612244897959183,-52.48440938348978,-0.21422207911628482,0.6862613081556919,57.7035777911788,14,164,29.878048780487802,-40.904499969165215,-0.2494176827388123,0.6389837802916036,46.123668376854255,14,70,34.285714285714285,-5.079684375187581,-0.07256691964553687,0.8877556360958442,12.455499306496456,8,11,18.181818181818183,-6.500225039136989,-0.5909295490124535,0.25521532172455524,8.727656769454919,9,1.033380088683519,41.63265306122449,29.795918367346943,21.63265306122449,14.69387755102041,5.3061224489795915,-76.17655208981903
240,2m,rebreak,ALL,全候補,205,27.31707317073171,-56.40932334676266,-0.2751674309598179,0.6218238776835121,58.403367863697405,18,139,26.618705035971225,-41.90646296216453,-0.3014853450515434,0.5925221411818727,43.90050747909928,14,55,34.54545454545455,-3.6682930639287736,-0.0666962375259777,0.8966195000556705,8.482262805268759,4,11,0.0,-10.834567320669365,-0.9849606655153967,0.0,9.829903549277097,11,1.0903953838017446,49.26829268292683,30.73170731707317,21.463414634146343,23.414634146341466,6.341463414634147,-78.8909628355573
120,1m,stagnation,ALL,全候補,214,29.439252336448597,-57.3169550137025,-0.2678362383817874,0.6161823606078672,68.96740085031884,18,144,27.77777777777778,-47.73094193843833,-0.3314648745724884,0.5364579858779702,56.13018694571243,18,63,33.33333333333333,-7.15476586013711,-0.11356771206566842,0.8284438554590972,14.819284267801915,7,7,28.57142857142857,-2.4312472151270614,-0.34732103073243736,0.47812518450016694,4.658678945444991,5,0.9824541815643688,38.78504672897196,27.570093457943923,19.626168224299064,11.682242990654206,4.672897196261682,-86.59968685136602
240,2m,stagnation,ALL,全候補,133,21.804511278195488,-61.210500416977524,-0.46022932644344006,0.41547944278059024,60.2324777674277,19,97,19.587628865979383,-49.478541775279986,-0.510088059538969,0.3706153406557738,48.500519125730165,19,32,31.25,-7.674849879516518,-0.2398390587348912,0.6519010328617474,10.41095039582153,8,4,0.0,-4.057108762181018,-1.0142771905452546,0.0,3.053184455951717,4,0.886837277572519,34.58646616541353,24.06015037593985,15.037593984962406,14.285714285714285,6.7669172932330826,-89.90387757724744
60,0.5m,rebreak,ALL,全候補,518,31.66023166023166,-60.74525260533614,-0.11726882742342884,0.8284663588787418,67.38570194781921,16,319,32.60188087774294,-35.04317359585354,-0.10985320876443115,0.838980066793861,41.68362293833657,16,165,32.72727272727273,-9.652919357362832,-0.05850254155977474,0.9115886541756943,24.089996523045414,16,34,17.647058823529413,-16.04915965211978,-0.4720341074152876,0.4124594324459231,17.387076045466085,14,1.1077441465898972,46.33204633204633,35.907335907335906,27.027027027027028,16.023166023166024,6.370656370656371,-91.81579027194132
240,2m,either,ALL,全候補,227,25.55066079295154,-67.16621661735545,-0.2958864168165438,0.6057376555900623,69.16026113429022,19,153,25.49019607843137,-44.315028143660456,-0.28964070682131016,0.6169597906968853,46.309072660595234,18,61,31.147540983606557,-9.965246581728916,-0.16336469806112977,0.7614849459528067,13.328090248543958,6,13,0.0,-12.88594189196607,-0.9912262993820053,0.0,11.881278120573802,13,1.0912392357405953,49.33920704845815,31.718061674008812,22.026431718061673,24.229074889867842,7.488986784140969,-99.99238581067881
120,1m,rebreak,ALL,全候補,355,29.295774647887324,-76.11372649472372,-0.21440486336541895,0.6983079183191478,79.12549997707785,22,227,29.955947136563875,-47.798236468345124,-0.21056491836275384,0.7027635097941526,50.81000995069928,14,104,33.65384615384615,-7.112776846011048,-0.06839208505779854,0.8958290419398642,15.576617365985008,7,24,4.166666666666666,-21.20271318036755,-0.8834463825153146,0.08612220063737898,20.198647649663304,21,1.0793407040349894,47.04225352112676,33.52112676056338,23.661971830985916,20.0,7.323943661971831,-107.58974523934899
180,1.5m,stagnation,ALL,全候補,168,22.023809523809522,-74.23769657564046,-0.4418910510454789,0.43084269000913483,76.32355681362908,16,117,20.51282051282051,-55.28440565875254,-0.47251628768164566,0.40341566689519404,57.37026589674115,16,45,28.888888888888886,-12.885862327625734,-0.28635249616946074,0.5934900618400153,17.59288632882598,8,6,0.0,-6.067428589262182,-1.0112380982103637,0.0,5.063504283032881,6,0.9282311892100003,37.5,26.190476190476193,15.476190476190476,16.666666666666664,7.738095238095238,-113.11834208637138
180,1.5m,either,ALL,全候補,280,25.71428571428571,-79.20780577682385,-0.2828850206315137,0.6218463023625626,82.80058501139094,20,182,26.923076923076923,-44.70635202022535,-0.245639296814425,0.6691081829373401,48.29913125479247,10,81,28.39506172839506,-17.3375859563136,-0.2140442710656,0.69682516504774,23.12212238940629,10,17,0.0,-17.163867800284887,-1.0096392823696991,0.0,16.15620312644259,17,1.1352945550293134,50.71428571428571,34.64285714285714,22.5,25.0,9.642857142857144,-124.2227489574114
180,1.5m,rebreak,ALL,全候補,264,25.37878787878788,-87.16287711634439,-0.3301624133194863,0.5592132388491535,89.15692163327921,20,172,26.744186046511626,-53.10066939899279,-0.3087248220871674,0.5841833577298944,55.09471391592758,10,77,27.27272727272727,-18.949714488363423,-0.24610018816056392,0.6550159231430887,20.738426858793506,10,15,0.0,-15.112493228988185,-1.0074995485992124,0.0,14.10482855514589,15,1.0787984786259255,47.34848484848485,30.303030303030305,19.696969696969695,23.106060606060606,7.575757575757576,-135.95320132512907
