symbol,timeframe,variant,rr,max_hold_bars,trades,win_rate,total_r_after_cost,avg_r_after_cost,median_r_after_cost,pf_after_cost,max_dd_r,max_losing_streak,avg_mfe_r,avg_mae_r,avg_bars_held,target_hit_pct,stop_hit_pct,oos_trades,oos_total_r
GBPJPY,H1,B_BREAK,2.0,120,169,56.80473372781065,54.31434650502374,0.32138666571019964,0.3217482046861283,1.7728520595452133,8.962667864998075,8,1.1221124240508433,0.6910056397107814,73.3905325443787,26.627218934911244,39.053254437869825,23,9.868298895750401
GBPJPY,H1,B_BREAK,1.5,120,169,59.171597633136095,46.28081694805485,0.2738509878583127,0.39826313186294854,1.688320844815673,8.70413299106081,8,0.9734247574837507,0.6752980791932779,63.50887573964497,36.68639053254438,37.8698224852071,23,8.547865910130284
GBPJPY,H1,B_BREAK,2.0,48,169,53.84615384615385,31.0301013263616,0.18361006701989113,0.06157781123713116,1.5481171761978083,7.19448860656955,6,0.8534628355136725,0.5822753530108303,39.875739644970416,12.42603550295858,23.668639053254438,23,2.5504508611273615
GBPJPY,H1,B_BREAK,1.0,120,169,62.721893491124256,29.88844612555841,0.17685471080212076,0.9603015279248341,1.4895247321968608,8.735556602609895,8,0.7698447414814028,0.6403566068256132,51.14792899408284,49.70414201183432,34.319526627218934,23,5.458673838999957
XAUUSD,H4,B_BREAK,2.0,48,71,63.38028169014085,28.930351960385096,0.40746974592091684,0.24148899441103086,2.580158437915517,5.551207246948005,7,1.0228422076001962,0.5677522176467508,39.16901408450704,21.12676056338028,19.718309859154928,7,4.254395980458023
XAUUSD,H4,B_BREAK,2.0,120,71,56.33802816901409,26.864668582833108,0.37837561384271984,0.2950885389243468,1.977175175308693,7.1034374721468865,7,1.231461410559487,0.6999959900411468,72.19718309859155,29.577464788732392,33.80281690140845,7,1.975646905500651
GBPJPY,H1,PULLBACK_REACCEL,1.5,120,157,52.22929936305732,26.577688314795303,0.1692846389477408,0.22379988362574985,1.372069692994422,8.102640473149778,6,0.9809838789223427,0.770816063755798,50.853503184713375,37.57961783439491,42.675159235668794,22,1.0804010287247974
GBPJPY,H1,B_BREAK,1.5,48,169,53.84615384615385,24.590816400560534,0.1455077893524292,0.06157781123713116,1.4343733429714332,6.10510010859495,6,0.7860340553996407,0.5822753530108303,37.49704142011834,20.118343195266274,23.668639053254438,23,2.9262636201281067
XAUUSD,H4,B_BREAK,1.5,48,71,64.7887323943662,24.38955559523656,0.3435148675385431,0.3670447673994189,2.3502656059432057,5.551207246948006,7,0.923386299763479,0.5621317956803381,36.66197183098591,25.352112676056336,19.718309859154928,7,4.160854227245624
XAUUSD,H4,B_BREAK,1.5,120,71,59.154929577464785,23.83863848475022,0.3357554716162003,0.4648618784393316,1.9355134376816412,7.1034374721468865,7,1.06644589028355,0.6725587049153134,62.943661971830984,40.845070422535215,30.985915492957744,7,3.4756469055006476
GBPJPY,H1,A_BREAK,1.5,120,168,51.19047619047619,23.611433828978925,0.1405442489820174,0.048449588349967904,1.301862760541195,13.65466763438806,6,0.9472920418548008,0.7581727318094196,51.041666666666664,35.714285714285715,42.857142857142854,24,4.072071236469566
XAUUSD,H4,PULLBACK_REACCEL,2.0,120,56,53.57142857142857,22.467847994409098,0.4012115713287339,0.11958518474038574,1.9345038018030822,4.236918092411181,4,1.3009502078802424,0.7639568539666196,54.910714285714285,37.5,39.285714285714285,7,6.775840825807139
GBPJPY,H1,PULLBACK_REACCEL,1.0,120,157,59.23566878980891,21.195712534343848,0.13500453843531113,0.9429668912540747,1.3431101022440235,6.064146547064743,5,0.7829340168079895,0.7137828317694331,38.445859872611464,50.955414012738856,37.57961783439491,22,3.9059866400559176
XAUUSD,H4,PULLBACK_REACCEL,2.0,48,56,58.92857142857143,21.10469732390407,0.3768695950697155,0.49317357064910977,1.99308663889365,4.23691809241118,4,1.1799454876039819,0.7107464770298684,33.410714285714285,25.0,35.714285714285715,7,4.9533308422325355
GBPJPY,H1,PULLBACK_REACCEL,2.0,120,157,45.85987261146497,20.445041464032073,0.13022319403842084,-0.36937699796385237,1.2546765054306146,11.461995853409967,7,1.1271945940745078,0.8340964226504824,59.43312101910828,25.477707006369428,47.77070063694268,22,1.0804010287247579
GBPJPY,H1,A_BREAK,1.5,48,168,51.19047619047619,19.98689556241022,0.11896961644291797,0.027678742935025077,1.3069098833943005,12.878016615362034,7,0.8263759796294936,0.6780066253857467,30.648809523809526,26.190476190476193,32.73809523809524,24,3.941084836440429
XAUUSD,H4,A_BREAK,2.0,48,74,55.4054054054054,19.730468387172074,0.266627951178001,0.17938490031979923,1.775944253311506,4.07257189560648,3,1.017110004581963,0.6568812045860338,36.17567567567568,17.56756756756757,28.37837837837838,8,6.167666418646155
EURJPY,H1,A_BREAK,1.0,120,157,57.961783439490446,18.800132752391434,0.11974606848656964,0.5345150332731702,1.3113715608252343,8.48220710811668,5,0.732878438889047,0.7061787415252518,45.47770700636943,47.77070063694268,36.30573248407643,19,4.804122975994175
XAUUSD,H4,B_BREAK,1.0,48,71,66.19718309859155,18.29825547412551,0.2577219080862748,0.4004036191874499,2.0738451478095326,4.528362217347215,6,0.7762925413661803,0.530082111752668,32.098591549295776,42.25352112676056,18.30985915492958,7,2.660854227245627
XAUUSD,H4,PULLBACK_REACCEL,1.5,120,56,57.14285714285714,18.249217691383073,0.3258788873461263,0.49222452753180435,1.8292598198226186,4.736918092411179,4,1.0934714996331347,0.7405284602157575,45.160714285714285,44.642857142857146,35.714285714285715,7,4.775840825807146
CHFJPY,H4,A_BREAK,1.0,48,88,60.22727272727273,18.209480690937305,0.20692591694246937,0.7040349226737128,1.658577736914564,7.1952196615519215,5,0.7981151286590337,0.6443370392158113,26.34090909090909,48.86363636363637,25.0,7,5.542627904041839
XAUUSD,H4,A_BREAK,2.0,120,74,48.64864864864865,18.15768469851165,0.2453741175474547,-0.0910434770028089,1.5226608856864643,6.900938091042581,5,1.184870176512239,0.8065572877059096,63.486486486486484,29.72972972972973,41.891891891891895,8,4.815491087443757
XAUUSD,H4,PULLBACK_REACCEL,1.5,48,56,58.92857142857143,18.054399632708098,0.322399993441216,0.6123129692159929,1.8495541430097193,4.736918092411179,4,1.0411772299022242,0.7107464770298684,29.5,35.714285714285715,35.714285714285715,7,3.453330842232543
CHFJPY,H4,A_BREAK,1.0,120,88,61.36363636363637,18.0091103997453,0.20464898181528748,0.9712802623045773,1.5771312812786469,9.61288740740616,6,0.8402723811663452,0.7060965614241613,37.03409090909091,55.68181818181818,32.95454545454545,7,5.814670560088004
XAUUSD,H4,A_BREAK,1.5,48,74,56.75675675675676,17.944743356189385,0.2424965318403971,0.2129167876690261,1.712603171558924,3.8350552936989786,3,0.9186053257445339,0.6542252679175516,33.148648648648646,27.027027027027028,28.37837837837838,8,4.667666418646155
CHFJPY,H4,A_BREAK,2.0,120,88,48.86363636363637,17.32471921926656,0.19687180930984727,-0.0809505066825302,1.4253769589040224,16.318617379928966,11,1.1879066431916967,0.8673218997607616,63.26136363636363,26.136363636363637,43.18181818181818,7,9.093087116580607
XAUUSD,H4,A_BREAK,1.0,48,74,63.51351351351351,17.1721757445126,0.2320564289799,0.6926411214627664,1.7877541617753148,4.155337239526292,3,0.7857625712961306,0.5911789356978053,27.594594594594593,48.64864864864865,24.324324324324326,8,5.713392846387045
EURJPY,H1,A_BREAK,1.0,48,157,54.14012738853503,17.119172878120093,0.10903931769503244,0.1577562169499582,1.3290413092551454,4.633237000708519,5,0.6598937694582802,0.644609138832049,28.878980891719745,38.853503184713375,26.11464968152866,19,3.9153166624954405
GBPJPY,H1,A_BREAK,2.0,48,168,47.61904761904761,17.088853780133675,0.10171936773889093,-0.05074839863643074,1.2434650391268889,17.307813968576532,9,0.9104830676480203,0.7111589793089885,33.61904761904762,16.071428571428573,35.11904761904761,24,1.8918865445830333
CHFJPY,H4,A_BREAK,1.5,48,88,53.40909090909091,17.073161989136075,0.19401320442200085,0.17105148734981135,1.5409069534310056,6.572594150036185,5,0.9543396226366319,0.7286505670074971,32.55681818181818,27.27272727272727,28.40909090909091,7,5.783081089602753
CHFJPY,H4,A_BREAK,1.5,120,88,52.27272727272727,16.591254014728964,0.18853697744010187,0.08916990059784842,1.4318537529535291,12.209896563380939,6,1.0412565268147453,0.828973810379667,52.61363636363637,38.63636363636363,40.909090909090914,7,7.401179966311487
XAUUSD,H4,A_BREAK,1.0,120,74,62.16216216216216,15.965253268077332,0.21574666578482882,0.9772489423903289,1.6139406225018336,4.952138369470787,3,0.8363891694042749,0.6737906621797254,40.17567567567568,55.4054054054054,31.08108108108108,8,6.227298732839607
GBPJPY,H1,B_BREAK,1.0,48,169,55.62130177514793,15.90261694979221,0.09409832514669947,0.10995548945670802,1.2929066725499119,6.758022354397005,6,0.6659803126137265,0.5692079288533584,33.01775147928994,36.09467455621302,22.485207100591715,23,1.529934005147991
GBPJPY,H1,A_BREAK,2.0,120,168,45.23809523809524,15.7409487275043,0.09369612337800179,-0.6119312891793127,1.1778968088476176,17.6546676343881,6,1.075737806117255,0.8204636226178538,60.19047619047619,24.404761904761905,48.80952380952381,24,0.1871896955046548
XAUUSD,H4,A_BREAK,1.5,120,74,52.702702702702695,15.230444213437393,0.2058168136950999,0.11172970530938728,1.4805448951807394,6.991793992856948,5,1.021922921404761,0.7755678905202826,55.5945945945946,37.83783783783784,37.83783783783784,8,3.315491087443757
EURJPY,H4,B_BREAK,2.0,120,76,43.42105263157895,15.18246216402384,0.1997692390003137,-0.06555648606677257,1.4379169141043944,8.995443152749193,10,1.1487952301330426,0.7205716498466517,65.78947368421052,26.31578947368421,42.10526315789473,6,1.7672594973502962
USDJPY,H1,PULLBACK_REACCEL,2.0,48,144,50.69444444444444,15.142119291601148,0.10515360619167463,0.054170381063772435,1.2404233612834927,16.39675528346396,8,0.9671972772487875,0.7183264329865394,33.708333333333336,13.194444444444445,38.19444444444444,19,1.8276025285617583
XAUUSD,H4,PULLBACK_REACCEL,1.0,120,56,64.28571428571429,14.881368253294136,0.2657387188088239,0.9807358617859242,1.7768780029720361,5.236918092411179,4,0.8628080515954466,0.6632926155497326,27.517857142857142,60.71428571428571,32.142857142857146,7,4.9605782688496625
CHFJPY,H4,A_BREAK,2.0,48,88,50.0,14.87461325332027,0.16902969606045762,0.020118929181301863,1.4572943417963091,11.915654284696203,5,1.0174518535932704,0.7496354717095085,36.27272727272727,14.772727272727273,28.40909090909091,7,6.043233723569672
XAUUSD,H4,PULLBACK_REACCEL,1.0,48,56,64.28571428571429,14.583958180997497,0.2604278246606696,0.9755578783236942,1.7624317242591876,5.236918092411179,4,0.8557520417630243,0.6452860962471071,22.107142857142858,57.14285714285714,32.142857142857146,7,4.422979699375741
EURJPY,H4,B_BREAK,2.0,48,76,48.68421052631579,14.374999322157988,0.18914472792313142,-0.020906557666726805,1.5202086774983716,6.870980420085738,6,0.9586447370176504,0.6234270545653594,36.76315789473684,17.105263157894736,26.31578947368421,6,1.1381566748332945
XAUUSD,H4,B_BREAK,1.0,120,71,60.56338028169014,14.309207583920173,0.20153813498479117,0.9688484922260188,1.5850275480036502,6.080592442546095,6,0.8431509964700822,0.6405090209876433,49.7887323943662,52.112676056338024,29.577464788732392,7,2.2027171078539767
XAUUSD,H1,B_BREAK,2.0,120,158,45.56962025316456,13.857740665202773,0.08770721940001755,-0.2795918670943384,1.1826970943310116,9.580043890331083,9,0.9911861058428371,0.7668501524840392,73.20886075949367,21.518987341772153,43.037974683544306,11,5.080378607806883
EURJPY,H4,B_BREAK,1.5,120,76,48.68421052631579,13.201209303108163,0.17370012240931793,-0.010075552944497135,1.3973851382687044,8.098761457999618,9,0.986127403704818,0.6940060412014941,55.89473684210526,36.84210526315789,40.78947368421053,6,5.090460683962946
CHFJPY,H4,B_BREAK,1.0,120,90,58.88888888888889,13.007368415841176,0.14452631573156863,0.7659820942148617,1.3865506692870937,9.642978445388591,4,0.7940013093219864,0.7130339936337328,50.34444444444444,50.0,34.44444444444444,8,5.650392157967031
USDJPY,H1,PULLBACK_REACCEL,2.0,120,144,42.36111111111111,12.708927533130794,0.08825644120229718,-0.6480409073745286,1.1667029275010725,16.87124920768134,12,1.1209265911703288,0.8552841924632628,57.11805555555556,25.694444444444443,49.30555555555556,19,-0.9127729282903179
AUDJPY,H4,PULLBACK_REACCEL,1.5,120,66,50.0,12.688228424772918,0.1922458852238321,0.09693323626278587,1.3913584862528052,4.5639715448684015,4,0.9340883467198844,0.7751817404043103,40.25757575757576,43.93939393939394,48.484848484848484,3,1.9707441305866347
GBPJPY,H1,PULLBACK_REACCEL,1.5,48,157,49.681528662420384,12.687573565588757,0.08081257048145706,-0.00398149170439996,1.2006616203503513,7.96365740099077,6,0.8410031211631844,0.7123407792673705,30.471337579617835,24.840764331210192,33.75796178343949,22,0.2596257758308973
GBPJPY,H1,PULLBACK_REACCEL,2.0,48,157,47.13375796178344,12.257781452154806,0.07807504109652742,-0.06756279556367517,1.181834891817322,10.40418071177999,6,0.9308883733600484,0.7424407266649904,33.152866242038215,15.92356687898089,36.30573248407643,22,0.739869069188654
GBPJPY,H1,A_BREAK,1.0,120,168,55.952380952380956,12.18791285693908,0.0725471003389231,0.4708434805398086,1.17284538015734,10.264110472305982,6,0.7717674791016075,0.7070553777144384,41.57738095238095,47.023809523809526,39.285714285714285,24,3.053673888076899
USDJPY,H1,PULLBACK_REACCEL,1.0,48,144,56.25,11.973337755471679,0.08314817885744222,0.4526425432178846,1.2121328352354293,13.020606590430551,8,0.7675914529518454,0.6703338519117277,25.395833333333332,42.36111111111111,34.02777777777778,19,3.2585956396904345
CHFJPY,H4,PULLBACK_REACCEL,1.0,120,71,59.154929577464785,11.607495301576245,0.16348584931797527,0.9737336607135909,1.407159706159491,5.2304961184268866,3,0.8359796409985196,0.729172308145364,34.67605633802817,56.33802816901409,38.028169014084504,6,3.923335197100854
AUDJPY,H4,PULLBACK_REACCEL,1.5,48,66,51.515151515151516,11.600528478780454,0.17576558301182507,0.044535810674406484,1.4119404945739344,6.723494728540917,7,0.841460154744351,0.7081451235228736,27.833333333333332,36.36363636363637,37.878787878787875,3,3.1675406817175307
USDJPY,H1,PULLBACK_REACCEL,1.0,120,144,54.861111111111114,11.525325028869918,0.0800369793671522,0.8546461533529353,1.188522816093671,11.230276710695222,8,0.8035977027235607,0.7355750601550031,36.138888888888886,50.0,40.97222222222222,19,2.7574613590774435
USDJPY,H1,A_BREAK,2.0,48,160,51.87500000000001,11.218185784773333,0.07011366115483333,0.06559621367560335,1.174745173116921,8.881174003472822,7,0.8370900185337135,0.7132772215386729,34.975,11.875,36.25,23,2.863837684138219
XAUUSD,H1,B_BREAK,1.5,120,158,48.10126582278481,10.900032234453162,0.06898754578767824,-0.11784193293701331,1.1518353232292156,10.622770987034594,7,0.8641141448308169,0.7412404368806075,65.72151898734177,29.746835443037973,40.50632911392405,11,4.2000712801319295
CHFJPY,H1,PULLBACK_REACCEL,2.0,48,147,49.65986394557823,10.865607675163377,0.07391569847049916,-0.02413821868271745,1.1664629251921368,9.27254581075366,5,0.9202522009224017,0.7392224307580512,33.04081632653061,14.965986394557824,38.775510204081634,14,-4.017818932203147
EURJPY,H4,B_BREAK,1.5,48,76,50.0,10.844867194365557,0.14269562097849417,0.017624768807664948,1.394727173236356,6.870980420085739,6,0.8610294208399134,0.6163290376292415,34.026315789473685,26.31578947368421,26.31578947368421,6,2.791469216538178
USDJPY,H1,PULLBACK_REACCEL,1.5,48,144,52.083333333333336,10.566002481728173,0.07337501723422342,0.13961823635722978,1.1687145821831901,16.89675528346402,8,0.8976057245495136,0.7144831595875601,31.59722222222222,20.833333333333336,38.19444444444444,19,3.3554135853785096
EURJPY,H1,PULLBACK_REACCEL,2.0,120,130,43.07692307692308,10.162730013526332,0.07817484625789486,-1.0082999281946645,1.1414762915818648,9.461779668213296,7,1.0148705263963669,0.8651122024579888,49.36923076923077,26.153846153846157,53.07692307692308,16,7.151456407349566
CHFJPY,H1,PULLBACK_REACCEL,1.5,48,147,52.38095238095239,9.972365039602916,0.06783921795648243,0.1513713500836803,1.1621033208058724,12.118591191438712,5,0.8398986632500208,0.7173685677146943,31.047619047619047,23.12925170068027,36.734693877551024,14,-2.267050771248094
XAUUSD,H1,PULLBACK_REACCEL,1.0,120,122,54.91803278688525,9.727455512397004,0.07973324190489348,0.6061304519586148,1.19076812366248,5.91150969556041,3,0.8177214342790737,0.7132299491218106,38.78688524590164,49.18032786885246,38.52459016393443,6,-0.042083885094259976
XAUUSD,H1,B_BREAK,2.0,48,158,48.734177215189874,9.585342102637707,0.06066672216859308,-0.08022919125224201,1.1571181470844627,11.344366995253516,8,0.7731751472552854,0.6350400171834163,39.72784810126582,9.49367088607595,30.37974683544304,11,-1.1617321353999186
EURJPY,H4,A_BREAK,2.0,120,75,41.333333333333336,8.636486131334882,0.11515314841779843,-1.0022939569515124,1.2182018249123605,6.77243823277937,6,1.1212933141794932,0.8372584054797259,52.733333333333334,28.000000000000004,50.66666666666667,7,1.9426673691574894
USDJPY,H1,PULLBACK_REACCEL,1.5,120,144,45.13888888888889,8.462271136725636,0.05876577178281692,-0.3388003123438108,1.1165768995806589,13.805770020292906,8,0.9963195332861355,0.8188757297631635,49.96527777777778,33.33333333333333,47.22222222222222,19,1.4346018530569788
CHFJPY,H4,PULLBACK_REACCEL,1.0,48,71,54.929577464788736,8.288739553127193,0.11674281060742527,0.37661756134751845,1.3308364597125482,4.227385895960821,3,0.7640917075438763,0.6886872875135878,26.267605633802816,42.25352112676056,30.985915492957744,6,1.747068027790561
GBPJPY,H1,PULLBACK_REACCEL,1.0,48,157,53.503184713375795,8.145560127780755,0.05188254858459079,0.14019908926566543,1.138911802153469,6.626434228714986,5,0.7190563425518313,0.6728555885306394,25.796178343949045,38.853503184713375,31.210191082802545,22,0.6797856090592878
AUDJPY,H4,B_BREAK,2.0,120,72,44.44444444444444,8.11024165504807,0.11264224520900096,-0.4582782956093315,1.2231503118021916,5.611352187159435,7,1.044599553363718,0.7896819372003709,67.76388888888889,25.0,47.22222222222222,8,-2.64556724438592
USDJPY,H1,B_BREAK,1.5,120,172,47.093023255813954,8.061541568076166,0.04686942772137306,-0.20429099986323554,1.101384281685818,15.38403183899764,6,0.8728309786900282,0.7768267984756161,69.63372093023256,27.325581395348834,41.86046511627907,24,4.261963133322076
USDJPY,H1,B_BREAK,1.5,48,172,52.32558139534884,7.99723331870123,0.04649554255058855,0.07621965643379608,1.1367878123942456,9.782729633652226,7,0.6955387488772444,0.6333899673463645,38.406976744186046,12.209302325581394,26.744186046511626,24,6.01387834703192
GBPJPY,H1,A_BREAK,1.0,48,168,53.57142857142857,7.9031175862687135,0.04704236658493282,0.10557534846404046,1.1264856529658638,12.161134119290752,7,0.6968249195662212,0.6532785277505362,26.55952380952381,38.095238095238095,31.547619047619047,24,1.320901061200751
CHFJPY,H4,PULLBACK_REACCEL,1.5,48,71,50.70422535211267,7.513276261097369,0.1058207924098221,0.04783973161234263,1.2799737099696609,4.736810183469309,3,0.8947668646795838,0.719007576501713,32.46478873239437,19.718309859154928,32.3943661971831,6,2.747068027790557
USDJPY,H1,B_BREAK,2.0,48,172,51.74418604651163,7.444631694426467,0.043282742409456204,0.0693592570738362,1.1251757589259506,10.41087653993668,7,0.7234137278320744,0.6471742379100565,39.76162790697674,3.488372093023256,27.325581395348834,24,7.513878347031914
USDJPY,H4,PULLBACK_REACCEL,1.0,120,60,58.333333333333336,7.2947077861017,0.121578463101695,0.6187318103505647,1.3104670201201274,5.040092760840321,5,0.7792068625234178,0.6729644888867953,38.38333333333333,48.333333333333336,36.666666666666664,9,0.7610887253709488
CHFJPY,H4,B_BREAK,1.0,48,90,50.0,7.2444394208723315,0.0804937713430259,0.09320314098471578,1.2409896370812914,8.527873681614137,4,0.6934562729200958,0.6286032249752412,32.2,36.666666666666664,24.444444444444443,8,4.309990487625227
CHFJPY,H4,PULLBACK_REACCEL,1.5,120,71,49.29577464788733,7.155892837216485,0.10078722305938712,-0.017053202069581806,1.2064353951513627,10.500253483080256,4,1.0405467942685769,0.8368504681271416,54.225352112676056,33.80281690140845,46.478873239436616,6,5.148715766197526
GBPJPY,H4,B_BREAK,1.5,120,80,48.75,6.993084096062998,0.08741355120078748,-0.16610538270896485,1.1831103785697183,6.670905138537542,4,0.8969499442097669,0.7957248134635448,57.075,33.75,45.0,6,5.87022546212275
CHFJPY,H4,PULLBACK_REACCEL,2.0,48,71,49.29577464788733,6.604862319426876,0.09302622985108276,-0.006143089167356492,1.2400576144736268,7.081508456874056,4,0.9550821376016909,0.7344886750286693,35.394366197183096,12.676056338028168,32.3943661971831,6,3.1317148386843394
XAUUSD,H1,B_BREAK,1.5,48,158,49.36708860759494,6.025939400066486,0.038138856962446115,-0.042846126705855615,1.1004525134036869,9.271087204253774,8,0.72680078346501,0.6280447126601221,37.91139240506329,16.455696202531644,29.746835443037973,11,-0.8341515530086782
EURJPY,H4,A_BREAK,1.5,48,75,49.333333333333336,5.935680271888813,0.07914240362518418,-0.0051999784421573,1.1705299677513268,4.761430300261593,5,0.872357619105726,0.7494185065836465,28.066666666666666,29.333333333333332,40.0,7,-0.8258172692272987
USDJPY,H1,B_BREAK,2.0,120,172,44.18604651162791,5.645226869830754,0.03282108645250439,-0.331705390657971,1.068084474317136,15.200702720839352,7,0.9732852375909644,0.8070912457036094,76.68604651162791,15.69767441860465,43.02325581395349,24,2.536599715581723
EURJPY,H4,PULLBACK_REACCEL,2.0,120,50,40.0,5.553413322308424,0.11106826644616849,-1.0050195989230297,1.1943414208036038,7.040190803783504,5,1.1472132721968795,0.8484279274799872,43.26,30.0,56.00000000000001,3,-0.036285826842777924
USDJPY,H1,A_BREAK,1.0,48,160,55.625,5.454207944203595,0.03408879965127247,0.15667279228045114,1.0941795265078451,8.541001519127528,7,0.6698226945955872,0.661350858408594,29.29375,31.874999999999996,32.5,23,1.6410928209404292
USDJPY,H4,B_BREAK,2.0,120,82,43.90243902439025,5.333918529697838,0.06504778694753462,-0.45971444888845403,1.1327844700602046,11.956647308670338,10,0.9244174033269427,0.7803346555097223,71.5609756097561,18.29268292682927,43.90243902439025,10,0.5058483918227845
CHFJPY,H1,PULLBACK_REACCEL,1.0,48,147,55.10204081632652,5.243135030401984,0.03566758524082982,0.20711203958199798,1.090995551127313,10.294533420428088,5,0.721127342431831,0.685293644702503,26.081632653061224,37.41496598639456,34.69387755102041,14,-0.8397394676859944
USDJPY,H1,A_BREAK,1.5,48,160,52.5,5.193124796972568,0.03245702998107855,0.08132203348777045,1.082288124956166,9.833864751911324,7,0.7800871752527612,0.6987244427479264,33.3,17.5,35.625,23,3.526795697307173
XAUUSD,H1,B_BREAK,1.0,120,158,52.53164556962025,5.158246078583053,0.03264712707963958,0.1698203168263478,1.0786149055477887,13.112575564981762,7,0.6951705494533515,0.6981231972170597,54.80379746835443,41.77215189873418,36.708860759493675,11,2.3188939131266038
XAUUSD,H1,PULLBACK_REACCEL,1.5,120,122,46.72131147540984,5.095640174388873,0.041767542413023544,-0.3079990410937704,1.082983743517049,9.911509695560397,4,0.9790453361756439,0.8050910127965761,50.19672131147541,33.60655737704918,46.72131147540984,6,1.15973684715577
EURJPY,H4,A_BREAK,1.5,120,75,44.0,5.043789884966751,0.06725053179955667,-0.27163200959173844,1.1344081054810007,5.149937176862677,4,0.9337556771818889,0.7948230899831281,43.22666666666667,36.0,48.0,7,0.4426673691575016
AUDJPY,H4,B_BREAK,2.0,48,72,56.94444444444444,4.961766297661504,0.06891342080085422,0.08554485409055013,1.1879786558647822,4.500991959604728,3,0.8261953967862259,0.6491749585922767,39.40277777777778,6.944444444444445,30.555555555555557,8,-0.34450472183834635
USDJPY,H4,PULLBACK_REACCEL,1.0,48,60,56.666666666666664,4.805212480617728,0.08008687467696213,0.20028549199146756,1.215529524498035,5.794530011982137,5,0.713688539296147,0.6416363748625501,24.05,40.0,33.33333333333333,9,0.3492324953059509
GBPJPY,H4,B_BREAK,2.0,48,80,46.25,4.604097607989928,0.0575512200998741,-0.1447530292655722,1.1366930742614563,6.398710949044563,5,0.8480030492250501,0.7129398964611914,36.7,12.5,35.0,6,2.9185765657596408
EURJPY,H4,A_BREAK,2.0,48,75,48.0,4.5953003060599595,0.06127067074746613,-0.3849282820718462,1.128201231071499,6.261430300261594,6,1.003657940187111,0.7674611491391383,31.32,16.0,41.333333333333336,7,-1.4412776989060303
GBPJPY,H4,B_BREAK,1.0,120,80,53.75,4.569336544660832,0.0571167068082604,0.2532499766921128,1.1337916273266464,6.1038642591665875,4,0.7275124800658224,0.7252579086692725,46.6375,47.5,40.0,6,4.798567544104821
GBPJPY,H4,B_BREAK,1.5,48,80,47.5,4.501655780178741,0.056270697252234256,-0.05651647013407209,1.1378269410294035,6.398710949044563,5,0.7668184434010894,0.6916104716847713,34.35,20.0,33.75,6,3.5623880858978905
AUDJPY,H4,PULLBACK_REACCEL,2.0,120,66,39.39393939393939,4.374989442934747,0.06628771883234465,-1.0074278435111232,1.1105924703625047,7.947913078731993,4,1.1296121423151315,0.874865314352967,49.878787878787875,30.303030303030305,59.09090909090909,3,-0.029255869413360003
AUDJPY,H4,B_BREAK,1.0,48,72,59.72222222222222,4.345373438505044,0.060352408868125616,0.2101984895786251,1.1767739583628085,4.265637396923527,3,0.6771851880989455,0.6237404607107537,33.833333333333336,30.555555555555557,29.166666666666668,8,-1.1982222687915143
GBPJPY,H4,B_BREAK,2.0,120,80,45.0,4.295346945591685,0.05369183681989607,-0.42626710519035355,1.1064004395878995,7.011832076961327,5,1.0284435757916053,0.8352170541872216,66.35,18.75,47.5,6,5.452228713094466
XAUUSD,H1,PULLBACK_REACCEL,1.0,48,122,52.459016393442624,4.121049090950644,0.03377909090943151,0.19323329275619633,1.083632376753333,5.193841117990121,5,0.7635543934562525,0.6696143901333479,26.704918032786885,40.98360655737705,35.24590163934426,6,-1.4218472505044049
USDJPY,H4,A_BREAK,1.0,120,86,53.48837209302325,4.097341843855404,0.047643509812272146,0.3606689038016334,1.1099258608492466,4.952087801906764,4,0.7398266856419237,0.7027501298668716,39.27906976744186,45.348837209302324,41.86046511627907,11,2.3750529667970808
CHFJPY,H4,B_BREAK,1.5,120,90,45.55555555555556,4.0413507009637115,0.04490389667737457,-0.10012269352099193,1.096258237660124,15.668619271932506,6,0.9627782608315866,0.8202837526596635,69.5111111111111,27.77777777777778,43.333333333333336,8,7.120193929052263
AUDJPY,H4,B_BREAK,1.5,48,72,56.94444444444444,3.9345931815912527,0.054647127522100734,0.08554485409055013,1.1490637594114108,4.605202979753154,3,0.771411809380644,0.6469259911289607,37.263888888888886,18.055555555555554,30.555555555555557,8,-0.6982222687915097
CHFJPY,H1,PULLBACK_REACCEL,2.0,120,147,38.095238095238095,3.8372134508676905,0.026103492863045513,-0.5627754756373092,1.0473702826131448,15.462651768234444,5,1.0900259869171824,0.8285914470036744,57.89795918367347,24.489795918367346,48.97959183673469,14,0.9843399586434383
USDJPY,H4,A_BREAK,1.5,120,86,45.348837209302324,3.6500253566156298,0.042442155309484066,-0.7446003536342753,1.082272355357356,8.682373343755135,6,0.8927770729638849,0.7876243799108478,50.31395348837209,33.72093023255814,50.0,11,-0.584976625271777
EURJPY,H4,PULLBACK_REACCEL,2.0,48,50,44.0,3.58482330737805,0.071696466147561,-0.6864267073608271,1.136094611624374,5.589947178293327,4,1.0385089200830269,0.7962657824002559,28.36,22.0,48.0,3,-0.036285826842777924
EURJPY,H4,B_BREAK,1.0,48,76,51.31578947368421,3.580439558187131,0.04711104681825172,0.05482324009660823,1.1319120347566003,7.9183290328630225,6,0.7291380961048541,0.6134984420001556,30.19736842105263,35.526315789473685,26.31578947368421,6,3.285973597402275
AUDJPY,H4,PULLBACK_REACCEL,2.0,48,66,45.45454545454545,3.393411027831454,0.05141531860350688,-0.33126987641590444,1.1052018118278077,7.465983649637395,7,0.949581711785611,0.7612119024949346,31.454545454545453,16.666666666666664,43.93939393939394,3,0.655137672574237
CHFJPY,H4,PULLBACK_REACCEL,2.0,120,71,45.07042253521127,3.3923248286077388,0.04777922293813717,-1.0093954791919522,1.089917874986965,17.801335023117492,4,1.1692702641021284,0.8723854412055403,61.436619718309856,19.718309859154928,50.70422535211267,6,6.069250202850599
EURJPY,H4,PULLBACK_REACCEL,1.5,120,50,44.0,3.3355819281254444,0.06671163856250889,-1.0037125630910857,1.1256833756555034,3.4344504164901393,3,1.0092171387868438,0.8052087224112864,37.8,38.0,52.0,3,-0.5362858268427977
EURJPY,H1,B_BREAK,2.0,120,173,43.93063583815029,3.273663601348111,0.018922910990451507,-0.507323026890222,1.036974041056796,16.30140534549475,7,0.9279875638834472,0.8204160123349035,70.80346820809248,19.07514450867052,46.82080924855491,22,0.7549392742350218
EURJPY,H4,B_BREAK,1.0,120,76,51.31578947368421,3.2499438362403867,0.04276241889789983,0.20208859108191685,1.1009370874644204,9.869610874046867,9,0.8018044143642764,0.676812353124319,47.21052631578947,43.42105263157895,39.473684210526315,6,3.9564797534334772
XAUUSD,H1,PULLBACK_REACCEL,1.5,48,122,47.540983606557376,3.23714364248853,0.02653396428269287,-0.17886954597420712,1.0585609634722983,9.512029911096434,5,0.8755048779034007,0.7227209431489515,31.918032786885245,22.950819672131146,39.34426229508197,6,-0.42184725050440175
XAUUSD,H1,B_BREAK,1.0,48,158,51.89873417721519,3.0672874467669873,0.019413211688398654,0.09730131467498357,1.0542413759336657,9.160326299006897,8,0.6274114671072273,0.6074117911092871,34.35443037974684,31.0126582278481,27.848101265822784,11,-1.1489613637098866
GBPJPY,H4,B_BREAK,1.0,48,80,52.5,3.0068149058976186,0.03758518632372023,0.07183564579691772,1.100396356088476,5.773087773849382,3,0.650743740338732,0.6480365575575566,29.7875,32.5,31.25,6,2.2316239236267545
AUDJPY,H4,PULLBACK_REACCEL,1.0,48,66,54.54545454545454,2.971435773574383,0.04502175414506641,0.13384490911978514,1.1105749570588315,6.770207066988156,7,0.6672888889687204,0.6898397542774265,23.727272727272727,40.909090909090914,36.36363636363637,3,2.167540681717536
CHFJPY,H1,PULLBACK_REACCEL,1.5,120,147,42.17687074829932,2.8965606586479016,0.019704494276516337,-0.47800087306304007,1.03802733792489,13.15068744017783,5,0.9504522748282662,0.7991902972053657,51.06122448979592,34.01360544217687,46.25850340136054,14,-0.6245787954500679
EURJPY,H1,PULLBACK_REACCEL,1.5,120,130,44.61538461538462,2.685534403618937,0.0206579569509149,-1.0070503830335233,1.0385008859419325,10.341925815735006,7,0.8755872378893982,0.8393812663854551,43.91538461538462,33.84615384615385,51.53846153846153,16,4.188485845569039
EURJPY,H4,PULLBACK_REACCEL,1.5,48,50,48.0,2.6163050600538016,0.05232610120107603,-0.4105432848499385,1.1047647423435143,3.882522879590433,3,0.9488013188401679,0.7645969180762475,27.12,32.0,46.0,3,-0.5362858268427977
USDJPY,H4,B_BREAK,1.5,120,82,45.1219512195122,2.607093981098103,0.031793829037781746,-0.2750599251304819,1.066566589065049,11.956647308670343,7,0.8256338825594248,0.7686708959179887,66.91463414634147,25.609756097560975,42.68292682926829,10,0.750371922760954
EURJPY,H1,A_BREAK,1.5,48,157,46.496815286624205,2.4733013153549006,0.015753511562770068,-0.12632476081169922,1.0391937735105197,9.534350043161686,6,0.7703962258684937,0.7096970772234231,34.23566878980892,17.8343949044586,32.48407643312102,19,5.116371718279442
EURJPY,H1,A_BREAK,1.5,120,157,47.13375796178344,2.3521341113230996,0.014981745931994264,-0.13443139238551705,1.030975465103679,9.045918191117492,6,0.8856866106200982,0.8001891154668686,59.35031847133758,26.751592356687897,45.85987261146497,19,5.556076101843203
EURJPY,H1,A_BREAK,2.0,48,157,44.5859872611465,2.2615373067017837,0.01440469622103047,-0.1557245209290011,1.034159027320917,9.010797976052185,8,0.8267959260550527,0.7251957311445065,36.02547770700637,11.464968152866243,34.394904458598724,19,7.121812894952515
SILVER,H4,B_BREAK,2.0,48,88,43.18181818181818,2.2568798515967763,0.025646361949963368,-0.1533407502192066,1.059881754841966,6.369830070898718,6,0.8091221650095396,0.6989716650684364,36.125,17.045454545454543,32.95454545454545,2,0.46923483500660434
AUDJPY,H4,B_BREAK,1.0,120,72,52.77777777777778,2.2537391876224238,0.03130193316142255,0.2974216842282755,1.070503720199013,5.611352187159437,7,0.7551434560511954,0.72305041412392,49.15277777777778,44.44444444444444,41.66666666666667,8,-2.6451582321998854
USDJPY,H4,B_BREAK,1.0,120,82,51.21951219512195,2.2036674732648684,0.026873993576400836,0.1942288450636218,1.0636855786606296,10.956647308670338,7,0.6923595319301826,0.6976072677451123,55.30487804878049,39.02439024390244,37.80487804878049,10,3.2352359009430653
EURJPY,H1,PULLBACK_REACCEL,2.0,48,130,40.76923076923077,2.1616917038039567,0.016628397721568898,-0.2979419122251178,1.0340833842788595,10.446047825360768,7,0.8735640837138767,0.792708199482516,29.823076923076922,19.230769230769234,41.53846153846154,16,2.7891465829361892
AUDJPY,H1,B_BREAK,1.0,120,171,52.046783625730995,1.5869510657708974,0.009280415589303493,0.05848484508390134,1.021500049173464,8.915641255021356,6,0.6964094443350873,0.7062932003362263,55.16959064327485,39.1812865497076,40.35087719298245,13,-3.3838768727224258
XAUUSD,H1,PULLBACK_REACCEL,2.0,48,122,45.08196721311475,1.4737079829149757,0.01207957363045062,-0.278010859892697,1.0256730278227129,11.7761279669045,6,0.9335248815694195,0.7463776168344192,34.221311475409834,14.754098360655737,40.98360655737705,6,0.5781527494955951
CHFJPY,H4,B_BREAK,2.0,120,90,43.333333333333336,1.444741794247442,0.016052686602749357,-0.3292375271295243,1.032805248097692,21.085671609782295,8,1.0634287693938085,0.8459565200025837,78.18888888888888,15.555555555555555,45.55555555555556,8,8.039488253398765
USDJPY,H1,B_BREAK,1.0,120,172,51.162790697674424,1.215995699661246,0.007069742439890965,0.051169833882733426,1.0164983960301592,12.3389829422051,6,0.7322196472618557,0.7305709672184547,58.73255813953488,41.27906976744186,38.95348837209303,24,3.337912481360357
EURJPY,H1,A_BREAK,2.0,120,157,42.675159235668794,1.1014310888821806,0.00701548464256166,-0.6772074928285539,1.0133720704508205,13.875069909559535,8,0.9856620851418328,0.8394039587058136,64.47133757961784,21.019108280254777,49.681528662420384,19,5.5307301737676235
AUDJPY,H4,PULLBACK_REACCEL,1.0,120,66,51.515151515151516,0.7924010833708705,0.012006077020770764,0.3332932702873814,1.025226753648539,5.127728167534209,4,0.7302434578597807,0.7543495896744673,33.166666666666664,48.484848484848484,46.96969696969697,3,0.9707441305866398
SILVER,H4,PULLBACK_REACCEL,1.0,120,69,55.072463768115945,0.4896272617079014,0.007096047271129006,0.8606744144738226,1.0146550164940131,6.81586081860787,4,0.8429599630929878,0.801398026952353,31.18840579710145,52.17391304347826,44.927536231884055,0,0.0
USDJPY,H4,B_BREAK,1.0,48,82,48.78048780487805,0.24103562372526338,0.002939458825917846,-0.008653587029731204,1.008217440506213,7.421532836292711,7,0.6104911768928952,0.6252359765741273,32.5609756097561,29.268292682926827,28.04878048780488,10,4.2454825418821205
AUDJPY,H4,B_BREAK,1.5,120,72,44.44444444444444,0.1694639838137637,0.0023536664418578293,-0.4582782956093315,1.0046627390940621,6.024611813151465,7,0.9043785568513604,0.7874329697370549,60.94444444444444,27.77777777777778,47.22222222222222,8,-3.1455672443859157
AUDJPY,H4,A_BREAK,1.5,48,79,44.303797468354425,0.024325633758707887,0.0003079194146671885,-0.17705785895662035,1.0006598641072932,13.360713982642176,6,0.7821433796482588,0.7996056571851778,29.27848101265823,25.31645569620253,43.037974683544306,6,2.5451305991870954
CHFJPY,H1,PULLBACK_REACCEL,1.0,120,147,49.65986394557823,-0.03630300032625433,-0.0002469591858928866,-0.000614444715871315,0.9994665013023172,16.376825890807883,4,0.7763825399620987,0.7432751444331074,38.46938775510204,46.93877551020408,41.49659863945578,14,-0.3477769007462983
USDJPY,H4,A_BREAK,2.0,120,86,40.69767441860465,-0.24825109362399478,-0.002886640623534823,-1.004369255043927,0.9947883547366413,10.268565231674943,6,1.0217309349609658,0.8281388819826548,59.77906976744186,20.930232558139537,53.48837209302325,11,0.3752200423234755
XAUUSD,H1,A_BREAK,2.0,48,156,42.94871794871795,-0.35532312112044906,-0.0022777123148746735,-0.1820789226560816,0.9950260621407668,16.65268426155741,9,0.8887859514836048,0.7034961793363991,32.44871794871795,13.461538461538462,39.1025641025641,9,3.3234066130056394
USDJPY,H4,A_BREAK,1.0,48,86,48.837209302325576,-0.39679742366142945,-0.004613923530946854,-0.006256080440769857,0.9886342232942879,6.82639102260411,4,0.6640610628510799,0.6638486918692862,26.046511627906977,37.2093023255814,33.72093023255814,11,1.0729048578247935
GBPJPY,H4,PULLBACK_REACCEL,1.0,120,59,50.847457627118644,-0.47486636392316467,-0.008048582439375672,0.15643285261181794,0.9830251571776005,11.164351968300753,5,0.7612717022777359,0.7843515805893224,34.83050847457627,45.76271186440678,45.76271186440678,6,5.391031854360801
GBPJPY,H4,PULLBACK_REACCEL,1.0,48,59,52.54237288135594,-0.6962415497885402,-0.011800704233704072,0.0657683070510067,0.9723607574106633,9.262092887361316,4,0.7140013533419364,0.7233843298179843,25.16949152542373,38.983050847457626,37.28813559322034,6,2.7961351147737576
USDJPY,H4,PULLBACK_REACCEL,1.5,120,60,43.333333333333336,-0.7052922138983015,-0.011754870231638358,-1.0040760214907967,0.97836739409613,10.636396535489855,6,0.921617550672408,0.8189956091396325,48.333333333333336,33.33333333333333,51.66666666666667,9,2.761088725370949
USDJPY,H1,B_BREAK,1.0,48,172,52.32558139534884,-0.7073254841545038,-0.004112357466014557,0.07621965643379608,0.9879016277539456,11.230397273388736,7,0.6263581770599125,0.6275346245943698,34.80232558139535,25.0,26.744186046511626,24,4.526673366721166
AUDJPY,H1,B_BREAK,1.5,120,171,46.198830409356724,-0.7438288830006057,-0.004349876508775472,-0.1629059689833483,0.9908485598795596,12.176680846249901,6,0.9038049768831385,0.7551154790972879,68.98245614035088,23.976608187134502,43.859649122807014,13,-1.3838768727224198
XAUUSD,H1,PULLBACK_REACCEL,2.0,120,122,40.16393442622951,-0.9379219694154561,-0.007687884995208657,-0.8375861588935867,0.9859079280499737,14.311104283559747,12,1.0862787289603997,0.8521496946864723,58.885245901639344,21.311475409836063,50.0,6,2.159736847155767
SILVER,H4,B_BREAK,2.0,120,88,38.63636363636363,-1.0948032426323626,-0.012440945939004121,-1.010444507701194,0.9782670838105356,8.711648230227127,7,1.0132179543061584,0.8386975553697128,63.52272727272727,23.863636363636363,51.13636363636363,2,-1.1735168502729787
EURJPY,H4,PULLBACK_REACCEL,1.0,120,50,48.0,-1.1518028316710478,-0.023036056633420957,-0.1226289324351811,0.9530081574658393,4.434450416490138,3,0.8080379251896725,0.767246345559274,30.06,46.0,48.0,3,-1.036285826842778
USDJPY,H1,A_BREAK,1.0,120,160,50.0,-1.3147717316441145,-0.008217323322775716,0.02315335698476388,0.981689897366169,12.299611641176845,8,0.7414281989384219,0.7320043967748746,46.05625,42.5,41.875,23,-1.3751322219673532
USDJPY,H4,B_BREAK,2.0,48,82,43.90243902439025,-1.4610581656960768,-0.01781778250848874,-0.1727689240686036,0.9549540885265685,6.850158162640817,7,0.7398011574674663,0.6796434616696226,39.09756097560975,8.536585365853659,30.48780487804878,10,0.1064363072060785
USDJPY,H1,A_BREAK,2.0,120,160,41.25,-1.637888497722927,-0.010236803110768295,-0.6806384161627885,0.980836650101293,13.564784293761209,9,1.017296606099395,0.8368881576049491,62.7625,19.375,49.375,23,-3.855511631345437
SILVER,H4,B_BREAK,1.5,120,88,42.04545454545455,-1.7068007589455632,-0.019395463169835946,-0.6752801337352314,0.9644166999029078,9.85688704332186,7,0.9036365850002717,0.8160026296553685,57.70454545454545,32.95454545454545,48.86363636363637,2,1.3264831497270213
AUDJPY,H1,PULLBACK_REACCEL,1.0,120,141,50.35460992907801,-1.934246549497816,-0.013718060634736283,0.027064405404872576,0.9708901385793951,16.03802251922398,7,0.8250931046077036,0.7819759655733415,42.08510638297872,43.262411347517734,43.97163120567376,13,-2.56263586220963
CHFJPY,H4,B_BREAK,1.5,48,90,43.333333333333336,-2.0561855193051386,-0.022846505770057094,-0.07914152678287588,0.9378872979251924,10.892129836060775,5,0.7721641691236837,0.6736914295973254,39.28888888888889,11.11111111111111,25.555555555555554,8,2.5732418992452173
EURJPY,H4,PULLBACK_REACCEL,1.0,48,50,50.0,-2.143632945851361,-0.04287265891702722,-0.09135038704979728,0.9105325066164587,4.882522879590432,3,0.7732604196378948,0.7428755137540821,22.76,42.0,44.0,3,-1.036285826842778
SILVER,H4,PULLBACK_REACCEL,1.5,120,69,44.927536231884055,-2.18907351184098,-0.03172570307015913,-1.036107332136976,0.9442568508297612,9.255149447741669,5,1.028923294507218,0.9028190679786715,43.14492753623188,33.33333333333333,52.17391304347826,0,0.0
XAUUSD,H1,A_BREAK,1.0,48,156,48.717948717948715,-2.3355029725748935,-0.014971172901121111,-0.04432148682694767,0.9625431298428286,17.458758120381322,9,0.6963753144017113,0.6325418588231494,26.903846153846153,34.61538461538461,33.97435897435898,9,1.256317784346826
EURJPY,H1,PULLBACK_REACCEL,1.5,48,130,42.30769230769231,-2.453450381919966,-0.0188726952455382,-0.20088448924809144,0.9600042052929172,9.442942297769685,7,0.7682064432641185,0.7747826319517506,27.953846153846154,24.615384615384617,40.0,16,1.1708989696211731
USDJPY,H4,PULLBACK_REACCEL,1.5,48,60,48.333333333333336,-2.6671918715709158,-0.044453197859515264,-0.21625592887397926,0.9017006278687809,10.622710948625395,6,0.8041486667813973,0.7318707804319439,30.516666666666666,20.0,40.0,9,2.3492324953059507
EURJPY,H4,A_BREAK,1.0,120,75,48.0,-2.845095217357191,-0.03793460289809588,-0.13539516625456305,0.9214330238139776,7.504769463859887,4,0.7805117241666019,0.7681348747118912,33.64,42.66666666666667,46.666666666666664,7,-1.0573326308425108
EURJPY,H4,A_BREAK,1.0,48,75,49.333333333333336,-2.9309972133895976,-0.03907996284519463,-0.0051999784421573,0.9157935000903431,8.095010098637225,5,0.7445700843754475,0.7385119390103451,24.386666666666667,38.666666666666664,40.0,7,-0.7945186367812201
USDJPY,H4,A_BREAK,1.5,48,86,41.86046511627907,-2.9432032460037343,-0.03422329355818296,-0.4205175366728546,0.9267923826598016,11.268477540075178,5,0.7627803560452041,0.7231245899436837,31.53488372093023,23.25581395348837,38.372093023255815,11,-0.3869515961090002
AUDJPY,H1,A_BREAK,1.0,120,167,50.29940119760479,-2.97481073402985,-0.017813237928322456,0.05848484508390134,0.9613478527902631,15.008101691961752,8,0.7625265038504756,0.7991795744977925,43.23353293413174,41.31736526946108,43.11377245508982,14,-4.305599009227796
USDJPY,H4,PULLBACK_REACCEL,2.0,120,60,38.333333333333336,-3.037947505116515,-0.05063245841860858,-1.0044859714858219,0.9129342634998886,14.923663845191719,6,1.0508674520207344,0.8551381062348167,58.25,20.0,55.00000000000001,9,4.761088725370949
AUDJPY,H4,A_BREAK,1.5,120,79,39.24050632911392,-3.1712059121385856,-0.04014184698909602,-1.0056069465469624,0.9297881262600953,18.144514882503252,9,0.8786951116558487,0.8748867345372612,41.70886075949367,34.177215189873415,55.69620253164557,6,2.263432986958037
SILVER,H4,B_BREAK,1.0,120,88,48.86363636363637,-3.318171660792412,-0.037706496145368314,-0.03256465302451854,0.921640776210004,9.786412570174956,4,0.7361014781643863,0.7502061866209072,46.71590909090909,45.45454545454545,43.18181818181818,2,0.8264831497270211
AUDJPY,H4,A_BREAK,1.0,48,79,48.10126582278481,-3.3502667293647637,-0.0424084396122122,-0.09255679234579621,0.9034233693585817,16.302774187527298,6,0.6537999275916441,0.7486322561078987,24.21518987341772,35.44303797468354,40.50632911392405,6,1.5670236994894478
SILVER,H4,B_BREAK,1.5,48,88,43.18181818181818,-3.3783687451963327,-0.038390553922685595,-0.1533407502192066,0.9103617993565438,9.33980270006985,6,0.7360681165871615,0.6909516543732539,34.47727272727273,20.454545454545457,32.95454545454545,2,1.4948410332797886
USDJPY,H4,PULLBACK_REACCEL,2.0,48,60,46.666666666666664,-3.615479489833686,-0.0602579914972281,-0.3172025088536392,0.8715425738808643,12.319182173262636,6,0.8781008659734935,0.7507844463091267,34.1,13.333333333333334,41.66666666666667,9,2.613258606152802
AUDJPY,H1,B_BREAK,1.0,48,171,50.877192982456144,-3.6513410043283216,-0.021352871370341062,0.06763695713333073,0.9427160974519295,11.685709507285665,8,0.6048457791394142,0.6293472732238059,34.69590643274854,28.654970760233915,29.239766081871345,13,-0.8241863450803932
XAUUSD,H1,A_BREAK,1.0,120,156,49.358974358974365,-3.969793317183834,-0.02544739305887073,-0.056300308884463336,0.9449620774326127,19.62268284843693,7,0.7486572399883956,0.7125019888403719,43.23717948717949,41.02564102564102,42.30769230769231,9,2.4574439735824885
GBPJPY,H4,A_BREAK,2.0,120,77,37.66233766233766,-4.240929840617979,-0.055077010917116614,-1.0067379418156694,0.9086837860676257,16.102719365127943,7,0.9268046701620674,0.9567386868235969,52.4025974025974,20.77922077922078,58.44155844155844,8,5.439720157927319
AUDJPY,H1,A_BREAK,1.0,48,167,50.29940119760479,-4.4881012131099425,-0.02687485756353259,0.01678056874728438,0.9319755347407713,14.0065799653732,9,0.6841311571764487,0.7157212462691681,27.508982035928145,32.93413173652694,33.532934131736525,14,-4.0184727843743415
SILVER,H4,B_BREAK,1.0,48,88,46.590909090909086,-4.637798545831783,-0.052702256202633906,-0.08336816677401176,0.8679373802018524,8.88430859458509,4,0.6244961802745923,0.66626485579376,30.772727272727273,31.818181818181817,30.681818181818183,2,0.9948410332797883
AUDJPY,H4,A_BREAK,1.0,120,79,46.835443037974684,-4.671205912138582,-0.059129188761247876,-0.18011825111196167,0.8804552209287559,16.62979423991397,4,0.7118613185200028,0.784551359912033,34.53164556962025,41.77215189873418,48.10126582278481,6,0.7634329869580438
USDJPY,H4,B_BREAK,1.5,48,82,43.90243902439025,-4.800851353194692,-0.058546967721886486,-0.1727689240686036,0.8519848626628214,8.32834517982261,7,0.6840654731889324,0.6796434616696226,37.51219512195122,14.634146341463413,30.48780487804878,10,0.23613179719797744
AUDJPY,H1,PULLBACK_REACCEL,1.5,120,141,42.5531914893617,-4.811438132214475,-0.03412367469655656,-1.007276431768,0.9365826299889506,14.601294286940023,7,0.9790969095654853,0.8428642743451153,52.6241134751773,29.78723404255319,50.35460992907801,13,-1.6606089964601687
EURJPY,H1,B_BREAK,2.0,48,173,46.24277456647399,-4.841155186053848,-0.027983555988750568,-0.09400146244819235,0.9282978376216974,15.794102856641604,13,0.7071574626096866,0.6638618688974778,38.005780346820806,8.670520231213873,27.167630057803464,22,1.2822388694515978
CHFJPY,H4,B_BREAK,2.0,48,90,42.22222222222222,-4.848198971859023,-0.05386887746510025,-0.10794249874184428,0.8564862098875583,14.685598323940749,7,0.7959019796291033,0.6811792757185187,40.9,3.3333333333333335,25.555555555555554,8,2.5732418992452173
USDJPY,H1,A_BREAK,1.5,120,160,42.5,-5.081494005055848,-0.031759337531599055,-0.5567652828493672,0.9390477838076684,12.102150524228119,8,0.9146376458317939,0.8120220734215678,56.75,26.875,48.125,23,0.562584717069085
XAUUSD,H1,A_BREAK,1.5,48,156,43.58974358974359,-5.174748642216258,-0.03317146565523242,-0.16663261404011365,0.9265046630945789,18.859521632396024,9,0.8000076560941191,0.6931837275609394,30.71153846153846,19.871794871794872,38.46153846153847,9,2.9808666883992325
EURJPY,H1,PULLBACK_REACCEL,1.0,120,130,49.23076923076923,-5.319977724025341,-0.0409229055694257,-0.017646772345747887,0.9163075080569079,13.037384360031837,7,0.7149913770829819,0.7885376679851412,34.96923076923077,43.84615384615385,46.92307692307692,16,0.6884858455689948
GBPJPY,H4,PULLBACK_REACCEL,2.0,120,59,37.28813559322034,-5.331908854195588,-0.09037133651178964,-1.0066952971045657,0.8496559410253893,15.285447745787447,7,0.9901359567772343,0.916962201598773,52.16949152542373,18.64406779661017,57.6271186440678,6,6.991903559371617
AUDJPY,H1,PULLBACK_REACCEL,1.0,48,141,49.645390070921984,-5.529072239698783,-0.03921327829573605,-0.007840248896067072,0.9058691771784427,17.97152730128117,6,0.6647696360761144,0.7162152952733922,28.19148936170213,34.751773049645394,34.751773049645394,13,-2.3860982933606003
AUDJPY,H1,B_BREAK,2.0,120,171,43.859649122807014,-5.825088069106178,-0.03406484250939285,-0.31329418727823616,0.9310438242297712,11.065199651248369,6,0.9917603371100825,0.7868874132146182,75.75438596491227,14.035087719298245,45.614035087719294,13,-0.630788799604985
AUDJPY,H4,A_BREAK,2.0,120,79,32.91139240506329,-5.83018546704899,-0.07379981603859481,-1.0088962062368183,0.8839616881619099,18.394061327688373,9,1.0190421022501017,0.9111656170290243,50.25316455696203,25.31645569620253,62.0253164556962,6,0.7634329869580438
AUDJPY,H1,B_BREAK,2.0,48,171,47.953216374269005,-6.006599929351108,-0.03512631537632227,-0.07103049474052925,0.9097603274070173,13.618487819837334,9,0.7145372232522335,0.6447255360447263,39.941520467836256,5.263157894736842,30.409356725146196,13,-0.5508186306240113
XAUUSD,H1,A_BREAK,1.5,120,156,42.30769230769231,-6.148682857791446,-0.03941463370379132,-0.6092991060558026,0.9256843563803134,21.758462713860467,7,0.8944813455070857,0.7936125244306361,51.84615384615385,28.846153846153843,48.07692307692308,9,3.9104323680108783
EURJPY,H1,B_BREAK,1.5,120,173,45.664739884393065,-6.508003139833469,-0.037618515259152996,-0.5009055455400426,0.9252480469049539,19.632736211654247,7,0.836376179570498,0.8049703495783567,64.86127167630057,25.43352601156069,46.24277456647399,22,-1.2765143916407007
GBPJPY,H4,A_BREAK,2.0,48,77,41.55844155844156,-6.538687207884232,-0.08491801568680821,-0.6267452310486415,0.8383050813408612,15.106212824911946,7,0.7875684136367159,0.8611294863071312,32.63636363636363,10.38961038961039,46.75324675324675,8,4.037434577058972
GBPJPY,H4,A_BREAK,1.0,120,77,46.75324675324675,-6.84741289134164,-0.08892744014729402,-1.0016864716319744,0.8293231055748518,15.685219387298856,7,0.6620619631680086,0.8741207100574881,37.51948051948052,42.857142857142854,50.649350649350644,8,3.916335476552923
SILVER,H4,PULLBACK_REACCEL,1.0,48,69,46.3768115942029,-7.130446452186642,-0.10333980365487887,-0.1411292029142907,0.7841084211542253,10.325974187279957,4,0.7520931489228609,0.7677661598087127,23.28985507246377,36.231884057971016,40.57971014492754,0,0.0
GBPJPY,H4,PULLBACK_REACCEL,2.0,48,59,40.67796610169492,-7.261672330785635,-0.12307919204721415,-0.6142698710857469,0.7627069703261863,12.645157983924976,6,0.8600569126562454,0.8094123003589018,32.186440677966104,10.16949152542373,45.76271186440678,6,3.195519451633221
GBPJPY,H4,A_BREAK,1.5,120,77,40.25974025974026,-7.279953095932688,-0.09454484540172323,-1.005893192859035,0.8360958779173491,16.231686987648526,7,0.8160247311150808,0.926635026799507,47.58441558441559,25.97402597402597,55.84415584415584,8,4.52966452513319
SILVER,H1,B_BREAK,1.0,120,160,51.24999999999999,-7.534806400995707,-0.04709254000622317,0.02563339141043794,0.8927298947900343,18.648222937369457,7,0.6807206225631929,0.7098233868361706,63.76875,37.5,35.0,15,3.330343005463783
AUDJPY,H1,B_BREAK,1.5,48,171,48.53801169590643,-7.550374210732241,-0.04415423515048094,-0.05424935779750256,0.8847640815245617,12.576760953571057,8,0.676596205243728,0.6406846184694622,38.97076023391813,10.526315789473683,29.82456140350877,13,-1.3445724701693855
XAUUSD,H1,A_BREAK,2.0,120,156,37.82051282051282,-7.651733069295975,-0.04904957095702548,-1.0058016178915201,0.9127043995320684,21.299079786028198,9,1.0218493301578762,0.8301003905201532,58.1474358974359,21.153846153846153,50.641025641025635,9,5.910432368010877
AUDJPY,H1,PULLBACK_REACCEL,1.5,48,141,44.680851063829785,-7.784461318490779,-0.0552089455212112,-0.21835859122637852,0.8794292803041602,18.757900946057447,6,0.7719633142500602,0.7530314955805687,31.886524822695037,18.439716312056735,38.297872340425535,13,-0.8860982933605932
GBPJPY,H4,PULLBACK_REACCEL,1.5,120,59,38.983050847457626,-8.015643948174944,-0.13585837200296516,-1.0066267568232068,0.7672615004887416,17.44502883723819,6,0.8914823060824147,0.8915800294500258,48.49152542372882,22.033898305084744,55.932203389830505,6,5.991903559371629
USDJPY,H4,A_BREAK,2.0,48,86,39.53488372093023,-8.045307192153077,-0.09355008362968693,-0.46346807340350815,0.8050553247086564,14.756286952997236,5,0.8279509222079692,0.7367047630659987,35.03488372093023,8.13953488372093,39.53488372093023,11,-0.016647086100898933
EURJPY,H1,PULLBACK_REACCEL,1.0,48,130,45.38461538461539,-8.162075982958113,-0.06278519986890856,-0.11492306311282315,0.8572582711022462,13.4979750505697,7,0.6564123988711927,0.7402922252115839,24.392307692307693,35.38461538461539,36.92307692307693,16,-1.1681212053353618
GBPJPY,H4,A_BREAK,1.0,48,77,46.75324675324675,-8.166245075466213,-0.10605513085021055,-0.30601544639036415,0.7754487661567278,14.032596947600547,7,0.610000526678113,0.8061399571978611,25.98701298701299,32.467532467532465,41.55844155844156,8,1.5649592840870201
SILVER,H4,PULLBACK_REACCEL,2.0,120,69,39.130434782608695,-8.392403459205784,-0.12162903564066355,-1.0465992651132103,0.8078981853655101,12.836812109295515,10,1.160146418585421,0.9683722523331177,47.88405797101449,21.73913043478261,57.971014492753625,0,0.0
EURJPY,H1,B_BREAK,1.5,48,173,46.24277456647399,-8.683332151704844,-0.05019267139713783,-0.09400146244819235,0.871391503061114,17.51038225665298,13,0.6625273166457447,0.6638618688974778,36.4393063583815,14.450867052023122,27.167630057803464,22,0.2822388694516155
AUDJPY,H1,A_BREAK,1.5,120,167,43.11377245508982,-8.86708170796162,-0.05309629765246479,-1.0064096903963895,0.9007740532681385,13.28228094505991,8,0.9843133399404155,0.8848047089281202,55.11377245508982,28.143712574850298,50.29940119760479,14,-7.352316054676666
GBPJPY,H4,PULLBACK_REACCEL,1.5,48,59,40.67796610169492,-9.272788528210038,-0.15716590725779725,-0.6142698710857469,0.6969887949838837,14.673564954497802,6,0.8053899288562866,0.7989728585880462,30.89830508474576,16.94915254237288,45.76271186440678,6,2.695519451633233
CHFJPY,H1,A_BREAK,1.0,48,166,48.795180722891565,-9.27666577507296,-0.055883528765499756,-0.00959373737175501,0.8560629154908563,13.284557267186369,6,0.6151354841314742,0.6639335858860437,28.789156626506024,28.915662650602407,32.53012048192771,18,-3.737359615135216
CHFJPY,H1,A_BREAK,1.0,120,166,47.59036144578313,-9.288213721603881,-0.055953094708457114,-0.2158192469072739,0.8820800561614149,20.469335482516595,5,0.7068951250842093,0.7549618276064389,48.58433734939759,41.566265060240966,40.963855421686745,18,0.1601958309059146
CHFJPY,H1,B_BREAK,1.0,120,169,46.15384615384615,-9.375608237878302,-0.0554769718217651,-0.19077517187554288,0.8801631006907632,21.232778913888396,8,0.6616681556212489,0.7437284536694628,54.532544378698226,39.64497041420118,42.01183431952663,15,4.739547711188498
GBPJPY,H4,A_BREAK,1.5,48,77,41.55844155844156,-9.727391060183315,-0.12632975402835475,-0.6267452310486415,0.7594517590097539,16.3421232623263,7,0.7284406220978599,0.8586542739398799,31.31168831168831,19.480519480519483,46.75324675324675,8,3.0649592840870232
EURJPY,H1,B_BREAK,1.0,120,173,49.71098265895954,-9.756464223734133,-0.056395746958000766,-0.020314906623086215,0.8793537108529149,14.509626062325681,5,0.677613731412378,0.7712787248853675,53.94219653179191,38.15028901734104,42.77456647398844,22,-3.3227016941654
CHFJPY,H1,B_BREAK,1.5,120,169,40.828402366863905,-9.764798869048397,-0.057779874964783415,-0.28798979602084784,0.8854412070297462,21.684509528718166,8,0.7948377579806379,0.7850577832031193,67.41420118343196,22.485207100591715,45.562130177514796,15,5.9295553555291445
EURJPY,H1,B_BREAK,1.0,48,173,47.97687861271676,-9.851991586221217,-0.05694792824405328,-0.07640063740734918,0.8494954318029256,14.06395203163529,9,0.5747285611893429,0.6468034312568157,33.13294797687861,24.85549132947977,26.011560693641616,22,-0.5567813055048971
AUDJPY,H1,PULLBACK_REACCEL,2.0,120,141,38.297872340425535,-10.240396035767597,-0.07262692223948651,-1.0103697170780193,0.8752497469526282,17.47647129279634,10,1.0914367588200853,0.8910700245791561,58.829787234042556,19.858156028368796,54.60992907801418,13,-0.9075209233427339
SILVER,H1,PULLBACK_REACCEL,2.0,120,153,43.13725490196079,-10.835408133823774,-0.07081966100538414,-1.0434330002541472,0.8867489860630269,31.545492581367405,11,1.0116030825171756,0.886240753622499,59.08496732026144,23.52941176470588,51.633986928104584,14,8.339740035847372
CHFJPY,H1,A_BREAK,2.0,48,166,40.963855421686745,-11.401094895964151,-0.06868129455400092,-0.19782984678103563,0.847067088412273,19.419153675313815,7,0.7716201379206189,0.7451787442085394,33.72289156626506,11.44578313253012,37.95180722891566,18,-0.9662850040197668
SILVER,H1,B_BREAK,1.5,120,160,45.625,-11.605597881275514,-0.07253498675797196,-0.1611742472118306,0.8540892709366964,29.397925333392415,12,0.8121466676816038,0.7623984190249428,73.88125,21.875,40.0,15,6.830343005463782
SILVER,H4,PULLBACK_REACCEL,1.5,48,69,37.68115942028986,-11.797966298516378,-0.17098501881907796,-0.36200616887534964,0.6812248460156658,15.439593344643626,6,0.8645404325587684,0.832643014119496,27.536231884057973,21.73913043478261,44.927536231884055,0,0.0
SILVER,H1,B_BREAK,2.0,48,160,45.625,-11.803984174723485,-0.07377490109202178,-0.06668493759284139,0.8068940202569623,28.969538240607456,7,0.661020092939689,0.6086284339453373,39.80625,6.25,25.0,15,5.700585105861944
AUDJPY,H4,A_BREAK,2.0,48,79,37.9746835443038,-11.833926766100562,-0.1497965413430451,-0.3589214829391654,0.7116484923360594,15.502873920113156,7,0.8598427232745138,0.8327731001363915,31.82278481012658,10.126582278481013,48.10126582278481,6,0.5451305991870954
SILVER,H1,B_BREAK,1.5,48,160,46.25,-11.862586920725565,-0.07414116825453479,-0.06031858574077894,0.8019930600158409,27.437972140756727,7,0.6334594575161621,0.6044430758520098,38.75625,13.750000000000002,24.375,15,5.618776716497589
SILVER,H1,B_BREAK,2.0,120,160,43.75,-12.21919645909892,-0.07636997786936825,-0.30257512668455216,0.8526045093699327,28.778057308545566,12,0.8756340368701568,0.7761768101235416,79.15625,13.750000000000002,41.875,15,4.879834284403387
SILVER,H4,A_BREAK,2.0,120,91,34.065934065934066,-12.364162402363956,-0.135869916509494,-1.0492725429237908,0.8010738820738884,24.777972368951854,8,1.0594604415767424,0.9329828278038531,46.362637362637365,25.274725274725274,61.53846153846154,1,-1.0077307329132266
SILVER,H4,A_BREAK,1.0,120,91,46.15384615384615,-13.018218270438119,-0.14305734363118813,-1.0077307329132266,0.7422835056226543,19.27144587966458,5,0.7856091142563361,0.8361540396770094,33.46153846153846,43.956043956043956,50.54945054945055,1,-1.0077307329132266
CHFJPY,H1,A_BREAK,1.5,48,166,42.168674698795186,-13.05889029632484,-0.07866801383328217,-0.1715822745421298,0.8196465564545061,18.966330959928342,6,0.7067730753302558,0.7320142505632923,31.710843373493976,18.67469879518072,36.74698795180723,18,-2.2759991392184853
SILVER,H4,PULLBACK_REACCEL,2.0,48,69,33.33333333333333,-13.455927984922575,-0.19501344905684892,-0.6466225460944031,0.6616915129183927,15.166520187710653,10,0.965473618558034,0.8702299868804674,28.956521739130434,15.942028985507244,47.82608695652174,0,0.0
SILVER,H1,B_BREAK,1.0,48,160,47.5,-13.530160480275057,-0.08456350300171911,-0.0467623425461971,0.7652530243656817,24.523517234912024,7,0.5609522999611185,0.5894562669725081,34.79375,23.125,23.125,15,3.8122777372551453
SILVER,H4,A_BREAK,1.5,120,91,37.362637362637365,-14.067285367871957,-0.15458555349309844,-1.036107332136976,0.7612077352688904,21.596933099690816,8,0.9415463687586739,0.9063733077834637,39.494505494505496,31.868131868131865,58.24175824175825,1,-1.0077307329132266
SILVER,H4,A_BREAK,2.0,48,91,36.26373626373626,-14.300196195384263,-0.1571450131360908,-0.7638752023341939,0.7302095003728029,25.56275709888101,7,0.8936345591467555,0.8332706808036466,30.043956043956044,15.384615384615385,47.25274725274725,1,-1.0077307329132266
CHFJPY,H1,B_BREAK,1.0,48,169,47.337278106508876,-14.458392499714192,-0.0855526183415041,-0.05344443151492128,0.7763824384860655,19.179549650219954,9,0.5547757059008939,0.6631489425266998,33.248520710059175,21.893491124260358,30.76923076923077,15,0.2560864030946348
CHFJPY,H1,B_BREAK,1.5,48,169,45.562130177514796,-14.729103943134417,-0.0871544612019788,-0.095372057359046,0.7786924840917706,20.034010762337132,9,0.6105078353571942,0.6780907403594045,36.25443786982248,10.650887573964498,31.360946745562128,15,0.4841840903828061
SILVER,H4,A_BREAK,1.0,48,91,42.857142857142854,-15.13137909951893,-0.16627889120350473,-0.2654721811102623,0.6757686778022807,21.121975393909356,6,0.7183771183995773,0.7776202657546679,24.175824175824175,32.967032967032964,41.75824175824176,1,-1.0077307329132266
AUDJPY,H1,PULLBACK_REACCEL,2.0,48,141,41.13475177304964,-15.140958268154387,-0.107382682752868,-0.38487393677834636,0.7829374278317931,26.401586251984327,8,0.8253464128445698,0.7932045919388946,33.95744680851064,9.219858156028367,41.843971631205676,13,0.40765554618478084
SILVER,H4,A_BREAK,1.5,48,91,37.362637362637365,-15.575628877828667,-0.17116075689921612,-0.6247985330188193,0.7018501544300114,23.37088597167924,7,0.8158105137399432,0.8267240914859831,27.142857142857142,21.978021978021978,47.25274725274725,1,-1.0077307329132266
AUDJPY,H1,A_BREAK,1.5,48,167,44.31137724550898,-15.699974913595723,-0.0940118258299145,-0.15493007254867325,0.7927933961024748,15.895557755516094,9,0.7820538606347381,0.7850863425396535,32.634730538922156,15.568862275449103,38.92215568862276,14,-4.652887494439115
SILVER,H1,PULLBACK_REACCEL,1.5,120,153,45.09803921568628,-17.17974570203655,-0.11228591962115392,-0.8838303383824792,0.8133912193414726,31.90852754673488,11,0.9222310096748301,0.8552614087718421,52.68627450980392,31.372549019607842,49.673202614379086,14,5.3397400358473694
SILVER,H1,PULLBACK_REACCEL,2.0,48,153,39.869281045751634,-19.248494662096277,-0.12580715465422404,-0.3477103893884777,0.7578919561587123,33.75138892679155,12,0.8248533687211101,0.7592026653481794,32.81699346405229,13.071895424836603,38.56209150326798,14,4.127108771588179
CHFJPY,H1,A_BREAK,1.5,120,166,37.95180722891566,-19.982907025641563,-0.12037895798579254,-0.8074569462848941,0.7867193314910693,30.511829440939792,9,0.8419349605522608,0.845750599187181,56.4277108433735,25.903614457831324,49.39759036144578,18,0.5203364567498046
CHFJPY,H1,B_BREAK,2.0,120,169,38.46153846153847,-20.701701000233754,-0.12249527219073228,-0.3638784894580868,0.7683549200853167,33.54139200558207,8,0.8611346909268847,0.8321422707209319,75.68047337278107,9.467455621301776,47.928994082840234,15,7.052995664293043
CHFJPY,H1,B_BREAK,2.0,48,169,44.37869822485207,-21.404684025077444,-0.12665493505962985,-0.11882213429643797,0.6859620816997124,26.19699263990649,9,0.6333711692536734,0.7052928062009539,37.97041420118343,2.9585798816568047,31.952662721893493,15,-0.32596342487743246
AUDJPY,H1,A_BREAK,2.0,120,167,37.12574850299401,-21.555205735767963,-0.12907308823813152,-1.0120290835893482,0.7807015533766499,20.535909736058,9,1.0732834074268425,0.9243700155155046,61.365269461077844,17.365269461077844,55.08982035928144,14,-6.852316054676666
SILVER,H1,PULLBACK_REACCEL,1.5,48,153,41.830065359477125,-21.5833114244054,-0.14106739493075426,-0.2622114331468537,0.7186182524888823,32.576950656084854,12,0.7779771053490784,0.7355259241749399,30.836601307189543,20.26143790849673,37.254901960784316,14,3.289107940404393
CHFJPY,H1,A_BREAK,2.0,120,166,34.33734939759036,-22.666089031173627,-0.13654270500707005,-1.0106214962846916,0.7716808742917826,33.78987019942065,9,0.9378252897889243,0.8788851793728865,61.626506024096386,18.67469879518072,52.40963855421686,18,2.5203364567497992
AUDJPY,H1,A_BREAK,2.0,48,167,43.11377245508982,-23.71544115681595,-0.14200862968153263,-0.21842687991275045,0.6953956844660045,22.696145157105985,9,0.8062809413410443,0.7930074589649837,34.43712574850299,5.9880239520958085,40.119760479041915,14,-4.652887494439115
SILVER,H1,PULLBACK_REACCEL,1.0,48,153,44.44444444444444,-28.263774170244663,-0.18473055013231807,-0.16612641007147072,0.6065226454510553,34.26535301492913,9,0.6854832384407226,0.7120948305574848,28.66013071895425,29.411764705882355,34.64052287581699,14,1.7970475534094088
SILVER,H1,PULLBACK_REACCEL,1.0,120,153,48.36601307189542,-29.043510829493627,-0.189826868166625,-0.6058271547880278,0.6625501312932054,37.17268919637028,9,0.7761606489490922,0.8185914504815488,46.50326797385621,39.869281045751634,46.40522875816993,14,2.923820252700625
SILVER,H1,A_BREAK,2.0,120,167,34.13173652694611,-33.51444952677774,-0.20068532650765114,-1.0405235593870448,0.6866577040073215,42.31292642373702,14,0.9222907458914155,0.8641614183523003,62.61077844311377,18.562874251497004,53.293413173652695,14,3.3474688811934445
SILVER,H1,A_BREAK,1.5,120,167,37.12574850299401,-35.68631237935303,-0.21369049328953912,-1.0146501228495148,0.6511748495735794,40.80179230217654,8,0.8473820472470024,0.8293480788656856,58.02994011976048,24.550898203592812,50.898203592814376,14,0.847468881193447
SILVER,H1,A_BREAK,1.5,48,167,37.72455089820359,-36.76719103246891,-0.22016282055370603,-0.2622114331468537,0.576852407134779,41.01812559579387,12,0.7260278853476166,0.7230169126296925,32.61077844311377,15.568862275449103,39.52095808383233,14,2.3697230052518696
SILVER,H1,A_BREAK,1.0,48,167,41.91616766467065,-37.304895752416826,-0.22338260929590914,-0.20351619033839752,0.5424925730142615,39.75699930242441,7,0.6334082531817498,0.6946341388081632,29.221556886227546,26.94610778443114,37.12574850299401,14,1.0708919919345081
SILVER,H1,A_BREAK,2.0,48,167,35.32934131736527,-38.26940710757469,-0.22915812639266284,-0.3477103893884777,0.5729102616860746,43.10449386012198,19,0.7634468427056125,0.7437664967301391,34.01796407185629,9.580838323353294,40.7185628742515,14,3.0754407740836127
SILVER,H1,A_BREAK,1.0,120,167,42.51497005988024,-39.37983768038151,-0.23580741125976953,-0.5023026029183724,0.5811853569611063,43.49531760320501,8,0.7054543732596446,0.7831661120679428,49.0059880239521,35.32934131736527,46.706586826347305,14,2.3474688811934437
