zone_type,currency,side_mode,price_lo,price_hi,price_mid,loss_count,student_count,start_jst,end_jst,avg_loss_pips,psychology
FEAR_STUMBLE_ALL_LOSS,XAUUSD,buy,2934.2,2954.0,2944.1,6,6,2025-02-19 16:07,2025-02-20 18:15,,全員負け=群衆恐怖ゾーン（赤帯）
FEAR_STUMBLE_ALL_LOSS,GBPJPY,buy,195.351,195.691,195.52100000000002,5,5,2024-10-14 20:00,2024-10-15 08:05,,全員負け=群衆恐怖ゾーン（赤帯）
FEAR_STUMBLE_ALL_LOSS,GBPJPY,sell,188.016,188.43,188.223,4,4,2025-02-06 21:41,2025-02-07 08:58,,全員負け=群衆恐怖ゾーン（赤帯）
FEAR_STUMBLE_ALL_LOSS,USDJPY,sell,139.972,140.228,140.10000000000002,4,4,2024-09-16 15:30,2024-09-16 21:58,,全員負け=群衆恐怖ゾーン（赤帯）
FEAR_STUMBLE_ALL_LOSS,GBPJPY,buy,194.309,194.9,194.6045,3,3,2024-10-03 05:34,2024-10-03 10:00,,全員負け=群衆恐怖ゾーン（赤帯）
FEAR_STUMBLE_ALL_LOSS,GBPJPY,buy,205.87,206.6,206.235,3,3,2025-11-26 03:12,2025-11-27 16:33,,全員負け=群衆恐怖ゾーン（赤帯）
FEAR_STUMBLE_ALL_LOSS,XAUUSD,buy,2775.0,2779.5,2777.25,3,3,2025-01-24 18:05,2025-01-24 20:34,,全員負け=群衆恐怖ゾーン（赤帯）
FEAR_STUMBLE_ALL_LOSS,GBPJPY,sell,184.914,184.934,184.92399999999998,2,2,2024-09-14 03:00,2024-09-14 03:00,,全員負け=群衆恐怖ゾーン（赤帯）
FEAR_STUMBLE_ALL_LOSS,GBPJPY,sell,187.428,187.788,187.608,2,2,2025-02-11 09:00,2025-02-11 15:51,,全員負け=群衆恐怖ゾーン（赤帯）
FEAR_STUMBLE_ALL_LOSS,GBPJPY,buy,203.707,203.76,203.7335,2,2,2025-10-23 20:35,2025-10-24 14:00,,全員負け=群衆恐怖ゾーン（赤帯）
FEAR_STUMBLE_ALL_LOSS,GBPJPY,buy,211.86,211.9,211.88,2,2,2026-01-06 15:00,2026-01-06 17:30,,全員負け=群衆恐怖ゾーン（赤帯）
FEAR_STUMBLE_ALL_LOSS,USDJPY,buy,142.081,142.39,142.2355,2,2,2024-09-18 08:00,2024-09-19 05:12,,全員負け=群衆恐怖ゾーン（赤帯）
FEAR_STUMBLE_ALL_LOSS,USDJPY,buy,143.455,144.011,143.733,2,2,2024-09-23 09:00,2024-09-23 17:25,,全員負け=群衆恐怖ゾーン（赤帯）
FEAR_STUMBLE_ALL_LOSS,USDJPY,buy,153.08,153.121,153.1005,2,2,2025-10-09 15:41,2025-10-10 06:53,,全員負け=群衆恐怖ゾーン（赤帯）
FEAR_STUMBLE_ALL_LOSS,AUDJPY,buy,109.188,109.39,109.289,2,2,2026-02-04 04:18,2026-02-04 06:33,,全員負け=群衆恐怖ゾーン（赤帯）
FEAR_STUMBLE_ALL_LOSS,AUDJPY,buy,110.54,110.57,110.555,2,2,2026-02-10 01:36,2026-02-10 07:31,,全員負け=群衆恐怖ゾーン（赤帯）
FEAR_STUMBLE_ALL_LOSS,XAUUSD,buy,2955.4,2955.85,2955.625,2,2,2025-02-24 22:00,2025-02-24 23:05,,全員負け=群衆恐怖ゾーン（赤帯）
FEAR_STUMBLE_ALL_LOSS,XAUUSD,buy,4210.0,4211.01,4210.505,2,2,2025-11-13 13:30,2025-11-13 14:00,,全員負け=群衆恐怖ゾーン（赤帯）
FEAR_STOP,AUDJPY,buy,108.67,108.69,108.68,2,2,2026-02-04 04:18:00,2026-02-06 08:19:00,-60.9,損切集中・恐怖の出口
FEAR_STOP,AUDJPY,buy,109.58,109.6,109.59,2,2,2026-02-10 01:36:00,2026-02-10 22:35:00,-97.1,損切集中・恐怖の出口
FEAR_STOP,AUDJPY,buy,97.181,97.181,97.181,1,1,2025-10-02 12:48:00,2025-10-02 17:48:00,-12.1,損切集中・恐怖の出口
FEAR_STOP,AUDJPY,buy,99.11,99.11,99.11,1,1,2024-09-27 08:08:00,2024-09-27 15:23:00,-81.0,損切集中・恐怖の出口
FEAR_STOP,AUDJPY,sell,99.486,99.486,99.486,1,1,2025-10-07 18:35:00,2025-10-07 22:32:00,-13.0,損切集中・恐怖の出口
FEAR_STOP,AUDJPY,buy,99.88,99.88,99.88,1,1,2024-10-07 07:46:00,2024-10-08 03:46:00,-147.0,損切集中・恐怖の出口
FEAR_STOP,AUDJPY,buy,100.44,100.44,100.44,1,1,2025-11-13 08:14:00,2025-11-14 22:03:00,-72.0,損切集中・恐怖の出口
FEAR_STOP,AUDJPY,buy,100.64,100.64,100.64,1,1,2024-10-04 01:59:00,2024-10-07 17:48:00,-58.8,損切集中・恐怖の出口
FEAR_STOP,AUDJPY,buy,106.729,106.729,106.729,1,1,2026-01-22 02:49:00,2026-01-26 11:10:00,-10.9,損切集中・恐怖の出口
FEAR_STOP,AUDNZD,sell,1.10657,1.10657,1.10657,1,1,2024-10-16 20:28:00,2024-10-18 11:13:00,-62.0,損切集中・恐怖の出口
FEAR_STOP,AUDUSD,buy,0.67,0.7068,0.6884,2,2,2025-12-29 09:50:00,2026-02-13 14:53:00,-46.4,損切集中・恐怖の出口
FEAR_STOP,CHFJPY,buy,184.98,184.98,184.98,1,1,2025-10-01 10:50:00,2025-10-01 17:14:00,-85.0,損切集中・恐怖の出口
FEAR_STOP,EURAUD,buy,1.6259,1.6259,1.6259,1,1,2024-11-18 18:58:00,2024-11-19 12:30:00,-101.0,損切集中・恐怖の出口
FEAR_STOP,EURJPY,buy,185.09,185.15,185.12,2,2,2026-01-21 15:24:00,2026-01-24 02:00:00,-39.5,損切集中・恐怖の出口
FEAR_STOP,EURJPY,sell,156.64,156.64,156.64,1,1,2024-09-16 21:54:00,2024-09-17 04:20:00,-57.76,損切集中・恐怖の出口
FEAR_STOP,EURJPY,buy,159.0,159.0,159.0,1,1,2024-09-27 10:29:00,2024-09-30 10:17:00,-350.41,損切集中・恐怖の出口
FEAR_STOP,EURJPY,buy,159.266,159.266,159.266,1,1,2024-09-21 05:00:00,2024-09-23 18:00:00,-139.9,損切集中・恐怖の出口
FEAR_STOP,EURJPY,buy,160.66,160.66,160.66,1,1,2024-09-26 10:35:00,2024-09-27 15:20:00,-85.0,損切集中・恐怖の出口
FEAR_STOP,EURJPY,buy,162.74,162.74,162.74,1,1,2024-10-09 16:38:00,2024-10-10 18:32:00,-12.0,損切集中・恐怖の出口
FEAR_STOP,EURJPY,sell,163.83,163.83,163.83,1,1,2024-11-15 02:25:00,2024-11-18 22:05:00,-79.9,損切集中・恐怖の出口
FEAR_STOP,EURJPY,sell,164.1,164.1,164.1,1,1,2024-11-19 15:56:00,2024-11-20 15:23:00,-177.6,損切集中・恐怖の出口
FEAR_STOP,EURJPY,buy,172.3,172.3,172.3,1,1,2025-10-02 16:00:00,2025-10-02 18:00:00,-65.0,損切集中・恐怖の出口
FEAR_STOP,EURJPY,sell,175.0,175.0,175.0,1,1,2025-10-03 10:00:00,2025-10-06 06:00:00,-205.0,損切集中・恐怖の出口
FEAR_STOP,EURJPY,buy,177.57,177.57,177.57,1,1,2025-10-27 22:00:00,2025-10-28 10:00:00,-63.0,損切集中・恐怖の出口
FEAR_STOP,EURJPY,buy,178.979,178.979,178.979,1,1,2025-11-12 14:03:00,2025-11-14 22:44:00,-11.7,損切集中・恐怖の出口
FEAR_STOP,EURJPY,buy,180.6,180.6,180.6,1,1,2025-11-26 23:59:00,2025-11-28 19:55:00,-74.0,損切集中・恐怖の出口
FEAR_STOP,EURJPY,buy,182.72,182.72,182.72,1,1,2025-12-18 14:33:00,2026-01-07 16:44:00,-19.2,損切集中・恐怖の出口
FEAR_STOP,EURJPY,buy,183.27,183.27,183.27,1,1,2026-01-20 13:52:00,2026-01-26 07:50:00,-104.4,損切集中・恐怖の出口
FEAR_STOP,EURJPY,buy,185.59,185.59,185.59,1,1,2026-01-22 21:50:00,2026-01-23 16:43:00,-19.7,損切集中・恐怖の出口
FEAR_STOP,EURUSD,buy,1.107,1.163,1.1333371428571428,7,6,2024-09-17 00:00:00,2025-12-06 01:20:00,-42.55714285714286,損切集中・恐怖の出口
FEAR_STOP,GBPJPY,buy,191.23,191.569,191.41766666666663,6,6,2024-09-02 17:33:00,2025-01-16 06:41:00,-97.66666666666667,損切集中・恐怖の出口
FEAR_STOP,GBPJPY,buy,193.12,193.41,193.2495,6,5,2024-09-26 16:40:00,2024-12-11 16:23:00,-87.34999999999998,損切集中・恐怖の出口
FEAR_STOP,GBPJPY,buy,192.4,192.73,192.56599999999997,5,5,2024-09-26 23:00:00,2024-10-04 18:41:00,-146.79999999999998,損切集中・恐怖の出口
FEAR_STOP,GBPJPY,buy,198.703,198.85,198.75060000000002,5,5,2024-10-29 10:00:00,2025-09-30 21:42:00,-65.17999999999999,損切集中・恐怖の出口
FEAR_STOP,GBPJPY,buy,194.6,194.6,194.6,4,3,2024-10-07 08:14:00,2024-10-16 10:17:00,-83.8,損切集中・恐怖の出口
FEAR_STOP,GBPJPY,sell,185.46,185.8,185.63333333333335,3,3,2024-09-14 03:00:00,2024-09-17 00:00:00,-88.23333333333333,損切集中・恐怖の出口
FEAR_STOP,GBPJPY,sell,189.219,189.39,189.303,3,3,2025-02-07 08:09:00,2025-02-12 04:00:00,-140.33333333333334,損切集中・恐怖の出口
FEAR_STOP,GBPJPY,buy,190.9,191.0,190.96666666666667,3,3,2024-10-01 09:00:00,2025-02-17 10:03:00,-117.76666666666667,損切集中・恐怖の出口
FEAR_STOP,GBPJPY,buy,194.183,194.315,194.266,3,3,2024-10-03 09:32:00,2024-11-25 14:10:00,-66.0,損切集中・恐怖の出口
FEAR_STOP,GBPJPY,buy,195.1,195.28,195.21,3,3,2024-10-14 20:00:00,2024-10-15 14:06:00,-31.53333333333333,損切集中・恐怖の出口
FEAR_STOP,GBPJPY,buy,203.005,203.28,203.16166666666666,3,3,2025-10-10 12:57:00,2025-10-28 13:00:00,-44.5,損切集中・恐怖の出口
FEAR_STOP,GBPJPY,buy,211.1,211.29,211.21633333333332,3,3,2025-01-06 15:23:00,2026-01-07 15:00:00,-69.5,損切集中・恐怖の出口
FEAR_STOP,GBPJPY,buy,193.86,193.93,193.895,2,2,2024-09-27 08:08:00,2024-12-12 20:57:00,-319.15,損切集中・恐怖の出口
FEAR_STOP,GBPJPY,buy,197.461,197.5,197.4805,2,2,2024-10-28 17:00:00,2024-10-31 15:00:00,-162.0,損切集中・恐怖の出口
FEAR_STOP,GBPJPY,buy,197.9,197.959,197.92950000000002,2,2,2024-10-28 10:07:00,2025-10-03 05:25:00,-72.75,損切集中・恐怖の出口
FEAR_STOP,GBPJPY,sell,201.0,201.1976,201.09879999999998,2,2,2025-10-29 18:07:00,2025-11-06 00:00:00,-70.1,損切集中・恐怖の出口
FEAR_STOP,GBPJPY,sell,201.47,201.59,201.53,2,1,2025-10-17 19:26:00,2025-10-30 14:37:00,-36.6,損切集中・恐怖の出口
FEAR_STOP,GBPJPY,buy,203.78,203.837,203.80849999999998,2,1,2025-10-27 08:06:00,2025-10-28 07:13:00,-25.5,損切集中・恐怖の出口
FEAR_STOP,GBPJPY,buy,204.46,204.505,204.48250000000002,2,2,2025-10-09 17:30:00,2025-11-21 19:26:00,-29.5,損切集中・恐怖の出口
FEAR_STOP,GBPJPY,sell,206.9,206.93,206.91500000000002,2,1,2025-11-27 16:33:00,2025-12-05 19:00:00,-31.5,損切集中・恐怖の出口
FEAR_STOP,GBPJPY,buy,209.982,210.1,210.041,2,2,2025-12-20 22:00:00,2026-02-27 15:51:00,-49.5,損切集中・恐怖の出口
FEAR_STOP,GBPJPY,buy,186.798,186.798,186.798,1,1,2024-09-18 04:39:00,2024-09-18 09:07:00,-42.5,損切集中・恐怖の出口
FEAR_STOP,GBPJPY,sell,187.53,187.53,187.53,1,1,2024-09-17 10:00:00,2024-09-18 06:00:00,-203.0,損切集中・恐怖の出口
FEAR_STOP,GBPJPY,sell,188.471,188.471,188.471,1,1,2025-02-07 08:58:00,2025-02-07 10:45:00,-45.5,損切集中・恐怖の出口
FEAR_STOP,GBPJPY,buy,188.7,188.7,188.7,1,1,2024-09-20 11:25:00,2024-09-20 12:07:00,-46.9,損切集中・恐怖の出口
FEAR_STOP,GBPJPY,sell,189.6,189.6,189.6,1,1,2025-02-11 15:51:00,2025-02-12 04:33:00,-181.2,損切集中・恐怖の出口
FEAR_STOP,GBPJPY,sell,190.03,190.03,190.03,1,1,2025-01-16 19:03:00,2025-01-18 05:09:00,-23.3,損切集中・恐怖の出口
FEAR_STOP,GBPJPY,sell,190.3,190.3,190.3,1,1,2025-02-06 21:41:00,2025-02-12 09:02:00,-187.0,損切集中・恐怖の出口
FEAR_STOP,GBPJPY,buy,192.18,192.18,192.18,1,1,2024-10-03 05:34:00,2024-10-03 20:37:00,-212.7,損切集中・恐怖の出口
FEAR_STOP,GBPJPY,buy,195.798,195.798,195.798,1,1,2024-10-22 11:22:00,2024-10-22 18:46:00,-8.7,損切集中・恐怖の出口
FEAR_STOP,GBPJPY,sell,196.302,196.302,196.302,1,1,2024-11-19 18:24:00,2024-11-20 08:41:00,-235.0,損切集中・恐怖の出口
FEAR_STOP,GBPJPY,buy,196.55,196.55,196.55,1,1,2024-10-23 10:00:00,2024-10-25 01:00:00,-14.6,損切集中・恐怖の出口
FEAR_STOP,GBPJPY,buy,197.131,197.131,197.131,1,1,2024-10-23 17:00:00,2024-10-24 02:00:00,-77.6,損切集中・恐怖の出口
FEAR_STOP,GBPJPY,buy,199.503,199.503,199.503,1,1,2025-09-18 21:47:00,2025-09-19 15:46:00,-141.3,損切集中・恐怖の出口
FEAR_STOP,GBPJPY,buy,200.45,200.45,200.45,1,1,2025-11-06 10:26:00,2025-11-07 03:00:00,-59.0,損切集中・恐怖の出口
FEAR_STOP,GBPJPY,sell,202.5,202.5,202.5,1,1,2025-10-31 20:13:00,2025-11-01 03:00:00,-43.0,損切集中・恐怖の出口
FEAR_STOP,GBPJPY,sell,203.52,203.52,203.52,1,1,2025-10-14 21:00:00,2025-10-21 21:05:00,-205.7,損切集中・恐怖の出口
FEAR_STOP,GBPJPY,buy,204.05,204.05,204.05,1,1,2025-10-09 21:47:00,2025-10-09 22:07:00,-43.0,損切集中・恐怖の出口
FEAR_STOP,GBPJPY,buy,205.55,205.55,205.55,1,1,2025-11-26 03:12:00,2025-12-01 16:24:00,-32.0,損切集中・恐怖の出口
FEAR_STOP,GBPJPY,buy,206.16,206.16,206.16,1,1,2025-11-26 21:57:00,2025-12-01 10:05:00,-12.5,損切集中・恐怖の出口
FEAR_STOP,GBPJPY,sell,208.56,208.56,208.56,1,1,2026-02-17 22:14:00,2026-02-18 18:00:00,-129.0,損切集中・恐怖の出口
FEAR_STOP,GBPJPY,sell,209.63,209.63,209.63,1,1,2026-02-12 11:33:00,2026-02-16 18:51:00,-149.8,損切集中・恐怖の出口
FEAR_STOP,GBPJPY,buy,212.05,212.05,212.05,1,1,2026-01-12 13:50:00,2026-01-16 00:30:00,-15.8,損切集中・恐怖の出口
FEAR_STOP,GBPJPY,buy,213.6366,213.6366,213.6366,1,1,2026-02-04 21:09:00,2026-02-05 12:33:00,-129.0,損切集中・恐怖の出口
FEAR_STOP,GBPUSD,sell,1.315,1.35201,1.3257525,4,3,2024-09-17 13:00:00,2026-02-23 08:39:00,-31.7,損切集中・恐怖の出口
FEAR_STOP,USDCAD,buy,1.39082,1.39082,1.39082,1,1,2024-10-29 22:42:00,2024-11-01 21:38:00,-1.6,損切集中・恐怖の出口
FEAR_STOP,USDJPY,sell,140.48,140.7,140.59666666666666,3,3,2024-09-16 15:30:00,2024-09-17 11:00:00,-47.43333333333334,損切集中・恐怖の出口
FEAR_STOP,USDJPY,buy,141.9,141.9,141.9,2,2,2024-09-18 08:00:00,2024-09-19 07:26:00,-33.55,損切集中・恐怖の出口
FEAR_STOP,USDJPY,buy,143.41,143.6,143.505,2,2,2024-09-23 09:00:00,2024-09-23 19:00:00,-37.3,損切集中・恐怖の出口
FEAR_STOP,USDJPY,buy,146.1,146.22,146.16,2,2,2024-10-03 08:15:00,2024-10-04 14:33:00,-68.05,損切集中・恐怖の出口
FEAR_STOP,USDJPY,buy,156.43,156.6,156.515,2,2,2024-12-20 00:30:00,2025-01-20 08:18:00,-112.0,損切集中・恐怖の出口
FEAR_STOP,USDJPY,sell,141.0,141.0,141.0,1,1,2024-09-16 18:00:00,2024-09-17 08:00:00,-80.0,損切集中・恐怖の出口
FEAR_STOP,USDJPY,buy,143.92,143.92,143.92,1,1,2024-10-01 10:12:00,2024-10-01 10:25:00,-10.5,損切集中・恐怖の出口
FEAR_STOP,USDJPY,sell,144.21,144.21,144.21,1,1,2024-10-02 16:56:00,2024-10-02 17:31:00,-11.9,損切集中・恐怖の出口
FEAR_STOP,USDJPY,buy,144.45,144.45,144.45,1,1,2024-09-27 08:31:00,2024-09-27 15:23:00,-69.8,損切集中・恐怖の出口
FEAR_STOP,USDJPY,sell,148.35,148.35,148.35,1,1,2024-10-07 16:38:00,2024-10-07 17:52:00,-14.7,損切集中・恐怖の出口
FEAR_STOP,USDJPY,buy,151.76,151.76,151.76,1,1,2025-10-09 15:41:00,2025-10-11 00:21:00,-136.3,損切集中・恐怖の出口
FEAR_STOP,USDJPY,buy,152.48,152.48,152.48,1,1,2025-10-10 06:53:00,2025-10-10 15:35:00,-60.0,損切集中・恐怖の出口
FEAR_STOP,USDJPY,buy,153.85,153.85,153.85,1,1,2024-11-06 19:23:00,2024-11-07 16:07:00,-17.0,損切集中・恐怖の出口
FEAR_STOP,USDJPY,buy,155.32,155.32,155.32,1,1,2024-11-15 09:24:00,2024-11-15 18:40:00,-127.5,損切集中・恐怖の出口
FEAR_STOP,USDJPY,buy,157.8,157.8,157.8,1,1,2025-01-08 20:33:00,2025-01-09 13:02:00,-69.0,損切集中・恐怖の出口
FEAR_STOP,XAUUSD,buy,2929.0,2930.0,2929.6666666666665,3,3,2025-02-20 15:31:00,2025-02-25 17:00:00,-157.33333333333334,損切集中・恐怖の出口
FEAR_STOP,XAUUSD,buy,2654.7,2654.86,2654.7799999999997,2,2,2024-10-02 01:34:00,2024-11-25 23:00:00,-122.64999999999999,損切集中・恐怖の出口
FEAR_STOP,XAUUSD,buy,2688.42,2689.59,2689.005,2,2,2024-12-11 15:22:00,2024-12-12 23:20:00,-187.9,損切集中・恐怖の出口
FEAR_STOP,XAUUSD,buy,2780.0,2780.0,2780.0,2,2,2025-01-31 08:27:00,2025-02-03 10:56:00,-168.1,損切集中・恐怖の出口
FEAR_STOP,XAUUSD,sell,2591.84,2591.84,2591.84,1,1,2024-11-14 02:00:00,2024-11-14 15:00:00,-91.3,損切集中・恐怖の出口
FEAR_STOP,XAUUSD,sell,2595.0,2595.0,2595.0,1,1,2024-11-14 01:34:00,2024-11-18 10:30:00,-7.0,損切集中・恐怖の出口
FEAR_STOP,XAUUSD,buy,2613.8,2613.8,2613.8,1,1,2024-12-23 16:18:00,2024-12-24 00:22:00,-176.0,損切集中・恐怖の出口
FEAR_STOP,XAUUSD,sell,2627.09,2627.09,2627.09,1,1,2024-10-09 22:00:00,2024-10-10 21:30:00,-172.1,損切集中・恐怖の出口
FEAR_STOP,XAUUSD,buy,2641.85,2641.85,2641.85,1,1,2025-01-02 19:36:00,2025-01-04 00:29:00,-26.2,損切集中・恐怖の出口
FEAR_STOP,XAUUSD,buy,2670.8,2670.8,2670.8,1,1,2025-01-10 23:58:00,2025-01-13 21:18:00,-124.1,損切集中・恐怖の出口
FEAR_STOP,XAUUSD,buy,2673.17,2673.17,2673.17,1,1,2024-11-25 08:00:00,2024-11-25 13:00:00,-405.1,損切集中・恐怖の出口
FEAR_STOP,XAUUSD,buy,2680.0,2680.0,2680.0,1,1,2024-11-23 06:00:00,2024-11-25 15:00:00,-354.1,損切集中・恐怖の出口
FEAR_STOP,XAUUSD,buy,2683.97,2683.97,2683.97,1,1,2024-12-12 07:00:00,2024-12-13 04:00:00,-354.5,損切集中・恐怖の出口
FEAR_STOP,XAUUSD,buy,2700.78,2700.78,2700.78,1,1,2025-01-16 11:21:00,2025-01-18 04:00:00,-43.0,損切集中・恐怖の出口
FEAR_STOP,XAUUSD,buy,2744.92,2744.92,2744.92,1,1,2024-10-29 15:00:00,2024-10-31 23:00:00,-102.6,損切集中・恐怖の出口
FEAR_STOP,XAUUSD,buy,2750.8,2750.8,2750.8,1,1,2025-01-24 20:34:00,2025-01-27 23:36:00,-287.0,損切集中・恐怖の出口
FEAR_STOP,XAUUSD,buy,2755.0,2755.0,2755.0,1,1,2024-10-31 12:40:00,2024-10-31 22:50:00,-32.0,損切集中・恐怖の出口
FEAR_STOP,XAUUSD,buy,2766.0,2766.0,2766.0,1,1,2025-01-24 18:05:00,2025-01-27 08:00:00,-9.7,損切集中・恐怖の出口
FEAR_STOP,XAUUSD,buy,2774.35,2774.35,2774.35,1,1,2025-01-24 18:23:00,2025-01-25 02:47:00,-28.9,損切集中・恐怖の出口
FEAR_STOP,XAUUSD,buy,2785.0,2785.0,2785.0,1,1,2025-01-31 12:15:00,2025-02-03 10:30:00,-13.0,損切集中・恐怖の出口
FEAR_STOP,XAUUSD,buy,2883.48,2883.48,2883.48,1,1,2025-02-11 09:00:00,2025-02-12 20:00:00,-346.7,損切集中・恐怖の出口
FEAR_STOP,XAUUSD,buy,2889.67,2889.67,2889.67,1,1,2025-02-10 15:59:00,2025-02-11 22:00:00,-6.3,損切集中・恐怖の出口
FEAR_STOP,XAUUSD,buy,2900.0,2900.0,2900.0,1,1,2025-02-14 06:07:00,2025-02-15 00:27:00,-290.2,損切集中・恐怖の出口
FEAR_STOP,XAUUSD,buy,2903.2,2903.2,2903.2,1,1,2025-02-19 16:07:00,2025-02-26 00:31:00,-310.0,損切集中・恐怖の出口
FEAR_STOP,XAUUSD,buy,2915.0,2915.0,2915.0,1,1,2025-02-20 16:15:00,2025-02-26 00:24:00,-33.634,損切集中・恐怖の出口
FEAR_STOP,XAUUSD,buy,2925.44,2925.44,2925.44,1,1,2025-02-19 17:30:00,2025-02-26 21:30:00,-139.6,損切集中・恐怖の出口
FEAR_STOP,XAUUSD,buy,2936.44,2936.44,2936.44,1,1,2025-02-20 15:24:00,2025-02-20 22:48:00,-100.4,損切集中・恐怖の出口
FEAR_STOP,XAUUSD,buy,2940.0,2940.0,2940.0,1,1,2025-02-24 23:05:00,2025-02-24 23:30:00,-15.4,損切集中・恐怖の出口
FEAR_STOP,XAUUSD,buy,3845.0,3845.0,3845.0,1,1,2025-10-01 16:45:00,2025-10-02 23:15:00,-333.0,損切集中・恐怖の出口
FEAR_STOP,XAUUSD,sell,4115.0,4115.0,4115.0,1,1,2025-11-21 16:03:00,2025-11-25 03:46:00,-86.0,損切集中・恐怖の出口
FEAR_STOP,XAUUSD,buy,4150.0,4150.0,4150.0,1,1,2025-11-13 14:00:00,2025-11-14 01:00:00,-600.0,損切集中・恐怖の出口
FEAR_STOP,XAUUSD,buy,4160.67,4160.67,4160.67,1,1,2025-11-13 13:30:00,2025-11-14 02:00:00,-503.4,損切集中・恐怖の出口
FEAR_STOP,XAUUSD,buy,4210.12,4210.12,4210.12,1,1,2025-12-01 08:00:00,2025-12-02 10:05:00,-314.6,損切集中・恐怖の出口
FEAR_STOP,XAUUSD,buy,4259.23,4259.23,4259.23,1,1,2025-12-12 17:34:00,2025-12-13 17:34:00,-37.43,損切集中・恐怖の出口
FEAR_STOP,XAUUSD,buy,4350.51,4350.51,4350.51,1,1,2025-12-22 11:00:00,2025-12-30 00:05:00,-339.0,損切集中・恐怖の出口
FEAR_STOP,XAUUSD,sell,4367.5,4367.5,4367.5,1,1,2025-12-31 14:53:00,2026-01-02 12:11:00,-846.8,損切集中・恐怖の出口
FEAR_STOP,XAUUSD,buy,4417.13,4417.13,4417.13,1,1,2026-01-06 06:51:00,2026-01-08 14:43:00,-314.8,損切集中・恐怖の出口
FEAR_STOP,XAUUSD,buy,4438.12,4438.12,4438.12,1,1,2025-12-23 22:25:00,2025-12-24 00:02:00,-5156.0,損切集中・恐怖の出口
FEAR_STOP,XAUUSD,buy,4488.94,4488.94,4488.94,1,1,2025-12-24 09:37:00,2025-12-24 14:59:00,-2448.0,損切集中・恐怖の出口
FEAR_STOP,XAUUSD,buy,4557.52,4557.52,4557.52,1,1,2026-01-12 17:03:00,2026-01-17 00:31:00,-320.2,損切集中・恐怖の出口
FEAR_STOP,XAUUSD,buy,4560.0,4560.0,4560.0,1,1,2026-01-13 23:00:00,2026-01-17 00:00:00,-750.0,損切集中・恐怖の出口
FEAR_STOP,XAUUSD,buy,4591.49,4591.49,4591.49,1,1,2026-01-12 22:18:00,2026-01-15 10:34:00,-18.0,損切集中・恐怖の出口
FEAR_STOP,XAUUSD,buy,4880.211,4880.211,4880.211,1,1,2026-02-27 22:00:00,2026-03-18 21:00:00,-3422.21,損切集中・恐怖の出口
FEAR_STOP,XAUUSD,buy,5039.57,5039.57,5039.57,1,1,2026-01-26 18:51:00,2026-01-27 04:03:00,-405.0,損切集中・恐怖の出口
FEAR_ENTRY,AUDJPY,buy,101.167,101.353,101.24533333333333,3,3,2024-10-04 01:59:00,2025-11-14 22:03:00,-92.60000000000001,損切集中・恐怖の出口
FEAR_ENTRY,AUDJPY,buy,109.188,109.39,109.289,2,2,2026-02-04 04:18:00,2026-02-06 08:19:00,-60.9,損切集中・恐怖の出口
FEAR_ENTRY,AUDJPY,buy,110.54,110.57,110.555,2,2,2026-02-10 01:36:00,2026-02-10 22:35:00,-97.1,損切集中・恐怖の出口
FEAR_ENTRY,AUDJPY,buy,97.302,97.302,97.302,1,1,2025-10-02 12:48:00,2025-10-02 17:48:00,-12.1,損切集中・恐怖の出口
FEAR_ENTRY,AUDJPY,sell,99.356,99.356,99.356,1,1,2025-10-07 18:35:00,2025-10-07 22:32:00,-13.0,損切集中・恐怖の出口
FEAR_ENTRY,AUDJPY,buy,99.92,99.92,99.92,1,1,2024-09-27 08:08:00,2024-09-27 15:23:00,-81.0,損切集中・恐怖の出口
FEAR_ENTRY,AUDJPY,buy,106.838,106.838,106.838,1,1,2026-01-22 02:49:00,2026-01-26 11:10:00,-10.9,損切集中・恐怖の出口
FEAR_ENTRY,AUDNZD,sell,1.10037,1.10037,1.10037,1,1,2024-10-16 20:28:00,2024-10-18 11:13:00,-62.0,損切集中・恐怖の出口
FEAR_ENTRY,AUDUSD,buy,0.67185,0.71258,0.692215,2,2,2025-12-29 09:50:00,2026-02-13 14:53:00,-46.4,損切集中・恐怖の出口
FEAR_ENTRY,CHFJPY,buy,185.83,185.83,185.83,1,1,2025-10-01 10:50:00,2025-10-01 17:14:00,-85.0,損切集中・恐怖の出口
FEAR_ENTRY,EURAUD,buy,1.63604,1.63604,1.63604,1,1,2024-11-18 18:58:00,2024-11-19 12:30:00,-101.0,損切集中・恐怖の出口
FEAR_ENTRY,EURJPY,buy,162.322,162.51,162.416,2,2,2024-09-27 10:29:00,2024-11-20 15:23:00,-264.005,損切集中・恐怖の出口
FEAR_ENTRY,EURJPY,buy,162.85,163.032,162.941,2,2,2024-10-09 16:38:00,2024-11-18 22:05:00,-45.95,損切集中・恐怖の出口
FEAR_ENTRY,EURJPY,buy,172.95,172.95,172.95,2,1,2025-10-02 16:00:00,2025-10-06 06:00:00,-135.0,損切集中・恐怖の出口
FEAR_ENTRY,EURJPY,buy,185.64,185.785,185.71249999999998,2,2,2026-01-22 15:00:00,2026-01-24 02:00:00,-34.35,損切集中・恐怖の出口
FEAR_ENTRY,EURJPY,sell,156.06,156.06,156.06,1,1,2024-09-16 21:54:00,2024-09-17 04:20:00,-57.76,損切集中・恐怖の出口
FEAR_ENTRY,EURJPY,buy,160.665,160.665,160.665,1,1,2024-09-21 05:00:00,2024-09-23 18:00:00,-139.9,損切集中・恐怖の出口
FEAR_ENTRY,EURJPY,buy,161.503,161.503,161.503,1,1,2024-09-26 10:35:00,2024-09-27 15:20:00,-85.0,損切集中・恐怖の出口
FEAR_ENTRY,EURJPY,buy,178.2,178.2,178.2,1,1,2025-10-27 22:00:00,2025-10-28 10:00:00,-63.0,損切集中・恐怖の出口
FEAR_ENTRY,EURJPY,buy,179.096,179.096,179.096,1,1,2025-11-12 14:03:00,2025-11-14 22:44:00,-11.7,損切集中・恐怖の出口
FEAR_ENTRY,EURJPY,buy,181.34,181.34,181.34,1,1,2025-11-26 23:59:00,2025-11-28 19:55:00,-74.0,損切集中・恐怖の出口
FEAR_ENTRY,EURJPY,buy,182.92,182.92,182.92,1,1,2025-12-18 14:33:00,2026-01-07 16:44:00,-19.2,損切集中・恐怖の出口
FEAR_ENTRY,EURJPY,buy,184.32,184.32,184.32,1,1,2026-01-20 13:52:00,2026-01-26 07:50:00,-104.4,損切集中・恐怖の出口
FEAR_ENTRY,EURJPY,buy,185.38,185.38,185.38,1,1,2026-01-21 15:24:00,2026-01-23 16:43:00,-30.0,損切集中・恐怖の出口
FEAR_ENTRY,EURUSD,buy,1.11272,1.168,1.1357828571428572,7,6,2024-09-17 00:00:00,2025-12-06 01:20:00,-42.55714285714286,損切集中・恐怖の出口
FEAR_ENTRY,GBPJPY,buy,192.285,194.024,193.20023076923079,13,11,2024-09-02 17:33:00,2025-02-17 10:03:00,-116.03076923076924,損切集中・恐怖の出口
FEAR_ENTRY,GBPJPY,buy,194.309,195.08,194.59663636363638,11,9,2024-09-27 07:29:00,2024-12-12 20:57:00,-164.53636363636363,損切集中・恐怖の出口
FEAR_ENTRY,GBPJPY,buy,195.351,195.885,195.5905714285714,7,5,2024-10-07 08:14:00,2024-10-22 18:46:00,-55.785714285714285,損切集中・恐怖の出口
FEAR_ENTRY,GBPJPY,buy,203.707,204.48,204.06433333333334,6,4,2025-10-09 17:30:00,2025-10-28 13:00:00,-39.199999999999996,損切集中・恐怖の出口
FEAR_ENTRY,GBPJPY,buy,199.277,199.64,199.46939999999998,5,5,2024-10-29 10:00:00,2024-10-31 15:00:00,-98.58000000000001,損切集中・恐怖の出口
FEAR_ENTRY,GBPJPY,sell,187.788,188.14,188.01925,4,3,2025-02-07 08:09:00,2025-02-12 04:33:00,-112.9,損切集中・恐怖の出口
FEAR_ENTRY,GBPJPY,buy,191.44,191.911,191.72000000000003,4,4,2024-09-21 03:16:00,2024-10-04 18:41:00,-52.775,損切集中・恐怖の出口
FEAR_ENTRY,GBPJPY,buy,211.86,212.208,211.98549999999997,4,3,2025-01-06 15:23:00,2026-01-16 00:30:00,-56.075,損切集中・恐怖の出口
FEAR_ENTRY,GBPJPY,buy,198.931,198.989,198.95666666666668,3,3,2024-10-28 10:07:00,2025-09-30 21:42:00,-88.5,損切集中・恐怖の出口
FEAR_ENTRY,GBPJPY,buy,200.916,201.04,200.98533333333333,3,3,2025-09-18 21:47:00,2025-11-07 03:00:00,-82.43333333333334,損切集中・恐怖の出口
FEAR_ENTRY,GBPJPY,sell,201.32,201.5696,201.45186666666666,3,3,2025-10-14 21:00:00,2025-10-30 04:46:00,-89.69999999999999,損切集中・恐怖の出口
FEAR_ENTRY,GBPJPY,sell,184.914,184.934,184.92399999999998,2,2,2024-09-14 03:00:00,2024-09-17 00:00:00,-70.8,損切集中・恐怖の出口
FEAR_ENTRY,GBPJPY,buy,187.223,187.428,187.3255,2,2,2024-09-18 04:39:00,2025-02-12 04:00:00,-119.3,損切集中・恐怖の出口
FEAR_ENTRY,GBPJPY,sell,206.6,206.6,206.6,2,1,2025-11-27 16:33:00,2025-12-05 19:00:00,-31.5,損切集中・恐怖の出口
FEAR_ENTRY,GBPJPY,buy,210.524,210.554,210.539,2,2,2025-12-20 22:00:00,2026-02-27 15:51:00,-49.5,損切集中・恐怖の出口
FEAR_ENTRY,GBPJPY,sell,184.409,184.409,184.409,1,1,2024-09-16 12:33:00,2024-09-16 23:06:00,-123.1,損切集中・恐怖の出口
FEAR_ENTRY,GBPJPY,sell,185.5,185.5,185.5,1,1,2024-09-17 10:00:00,2024-09-18 06:00:00,-203.0,損切集中・恐怖の出口
FEAR_ENTRY,GBPJPY,sell,188.43,188.43,188.43,1,1,2025-02-06 21:41:00,2025-02-12 09:02:00,-187.0,損切集中・恐怖の出口
FEAR_ENTRY,GBPJPY,buy,189.169,189.169,189.169,1,1,2024-09-20 11:25:00,2024-09-20 12:07:00,-46.9,損切集中・恐怖の出口
FEAR_ENTRY,GBPJPY,sell,189.801,189.801,189.801,1,1,2025-01-16 19:03:00,2025-01-18 05:09:00,-23.3,損切集中・恐怖の出口
FEAR_ENTRY,GBPJPY,buy,196.696,196.696,196.696,1,1,2024-10-23 10:00:00,2024-10-25 01:00:00,-14.6,損切集中・恐怖の出口
FEAR_ENTRY,GBPJPY,sell,197.589,197.589,197.589,1,1,2025-10-02 23:17:00,2025-10-03 05:25:00,-37.0,損切集中・恐怖の出口
FEAR_ENTRY,GBPJPY,buy,197.907,197.907,197.907,1,1,2024-10-23 17:00:00,2024-10-24 02:00:00,-77.6,損切集中・恐怖の出口
FEAR_ENTRY,GBPJPY,sell,199.97,199.97,199.97,1,1,2025-11-05 04:00:00,2025-11-06 00:00:00,-103.0,損切集中・恐怖の出口
FEAR_ENTRY,GBPJPY,sell,202.07,202.07,202.07,1,1,2025-10-31 20:13:00,2025-11-01 03:00:00,-43.0,損切集中・恐怖の出口
FEAR_ENTRY,GBPJPY,sell,203.204,203.204,203.204,1,1,2025-10-10 12:57:00,2025-10-14 09:00:00,-7.3,損切集中・恐怖の出口
FEAR_ENTRY,GBPJPY,buy,204.942,204.942,204.942,1,1,2025-11-19 20:20:00,2025-11-21 19:26:00,-44.0,損切集中・恐怖の出口
FEAR_ENTRY,GBPJPY,buy,205.87,205.87,205.87,1,1,2025-11-26 03:12:00,2025-12-01 16:24:00,-32.0,損切集中・恐怖の出口
FEAR_ENTRY,GBPJPY,buy,206.283,206.283,206.283,1,1,2025-11-26 21:57:00,2025-12-01 10:05:00,-12.5,損切集中・恐怖の出口
FEAR_ENTRY,GBPJPY,sell,207.265,207.265,207.265,1,1,2026-02-17 22:14:00,2026-02-18 18:00:00,-129.0,損切集中・恐怖の出口
FEAR_ENTRY,GBPJPY,sell,208.132,208.132,208.132,1,1,2026-02-12 11:33:00,2026-02-16 18:51:00,-149.8,損切集中・恐怖の出口
FEAR_ENTRY,GBPJPY,buy,214.9266,214.9266,214.9266,1,1,2026-02-04 21:09:00,2026-02-05 12:33:00,-129.0,損切集中・恐怖の出口
FEAR_ENTRY,GBPUSD,sell,1.3108,1.34869,1.3239725,4,3,2024-09-17 13:00:00,2026-02-23 08:39:00,-31.7,損切集中・恐怖の出口
FEAR_ENTRY,USDCAD,buy,1.39098,1.39098,1.39098,1,1,2024-10-29 22:42:00,2024-11-01 21:38:00,-1.6,損切集中・恐怖の出口
FEAR_ENTRY,USDJPY,sell,139.972,140.228,140.14249999999998,4,4,2024-09-16 15:30:00,2024-09-17 11:00:00,-55.575,損切集中・恐怖の出口
FEAR_ENTRY,USDJPY,buy,144.011,144.088,144.042,3,2,2024-09-23 09:00:00,2024-10-02 17:31:00,-27.46666666666667,損切集中・恐怖の出口
FEAR_ENTRY,USDJPY,buy,153.08,153.121,153.1005,2,2,2025-10-09 15:41:00,2025-10-11 00:21:00,-98.15,損切集中・恐怖の出口
FEAR_ENTRY,USDJPY,buy,142.081,142.081,142.081,1,1,2024-09-18 08:00:00,2024-09-18 08:39:00,-18.1,損切集中・恐怖の出口
FEAR_ENTRY,USDJPY,buy,142.39,142.39,142.39,1,1,2024-09-19 05:12:00,2024-09-19 07:26:00,-49.0,損切集中・恐怖の出口
FEAR_ENTRY,USDJPY,sell,143.455,143.455,143.455,1,1,2024-09-23 17:25:00,2024-09-23 17:31:00,-14.6,損切集中・恐怖の出口
FEAR_ENTRY,USDJPY,buy,145.146,145.146,145.146,1,1,2024-09-27 08:31:00,2024-09-27 15:23:00,-69.8,損切集中・恐怖の出口
FEAR_ENTRY,USDJPY,buy,146.7,146.7,146.7,1,1,2024-10-03 08:15:00,2024-10-04 14:33:00,-60.0,損切集中・恐怖の出口
FEAR_ENTRY,USDJPY,buy,146.985,146.985,146.985,1,1,2024-10-03 20:16:00,2024-10-04 13:27:00,-76.1,損切集中・恐怖の出口
FEAR_ENTRY,USDJPY,sell,148.2,148.2,148.2,1,1,2024-10-07 16:38:00,2024-10-07 17:52:00,-14.7,損切集中・恐怖の出口
FEAR_ENTRY,USDJPY,buy,154.02,154.02,154.02,1,1,2024-11-06 19:23:00,2024-11-07 16:07:00,-17.0,損切集中・恐怖の出口
FEAR_ENTRY,USDJPY,sell,155.791,155.791,155.791,1,1,2025-01-16 10:28:00,2025-01-20 08:18:00,-140.0,損切集中・恐怖の出口
FEAR_ENTRY,USDJPY,buy,156.595,156.595,156.595,1,1,2024-11-15 09:24:00,2024-11-15 18:40:00,-127.5,損切集中・恐怖の出口
FEAR_ENTRY,USDJPY,buy,157.446,157.446,157.446,1,1,2024-12-20 00:30:00,2024-12-20 21:31:00,-84.0,損切集中・恐怖の出口
FEAR_ENTRY,USDJPY,buy,158.49,158.49,158.49,1,1,2025-01-08 20:33:00,2025-01-09 13:02:00,-69.0,損切集中・恐怖の出口
FEAR_ENTRY,XAUUSD,buy,2775.0,2779.5,2777.2466666666664,3,3,2025-01-24 18:05:00,2025-01-27 23:36:00,-108.53333333333335,損切集中・恐怖の出口
FEAR_ENTRY,XAUUSD,buy,2946.48,2948.634,2947.7046666666665,3,3,2025-02-20 15:24:00,2025-02-26 00:24:00,-108.01133333333333,損切集中・恐怖の出口
FEAR_ENTRY,XAUUSD,buy,2954.0,2955.85,2955.0833333333335,3,2,2025-02-20 18:15:00,2025-02-25 17:00:00,-99.13333333333333,損切集中・恐怖の出口
FEAR_ENTRY,XAUUSD,buy,2676.3,2677.23,2676.7650000000003,2,2,2024-10-02 01:34:00,2024-11-25 23:00:00,-122.64999999999999,損切集中・恐怖の出口
FEAR_ENTRY,XAUUSD,buy,2713.68,2715.41,2714.545,2,2,2024-11-23 06:00:00,2024-11-25 15:00:00,-379.6,損切集中・恐怖の出口
FEAR_ENTRY,XAUUSD,buy,2719.42,2719.85,2719.635,2,2,2024-12-12 07:00:00,2024-12-13 04:00:00,-334.4,損切集中・恐怖の出口
FEAR_ENTRY,XAUUSD,buy,2798.0,2798.42,2798.21,2,2,2025-01-31 12:15:00,2025-02-03 10:56:00,-98.6,損切集中・恐怖の出口
FEAR_ENTRY,XAUUSD,buy,4210.0,4211.01,4210.505,2,2,2025-11-13 13:30:00,2025-11-14 02:00:00,-551.7,損切集中・恐怖の出口
FEAR_ENTRY,XAUUSD,sell,2582.71,2582.71,2582.71,1,1,2024-11-14 02:00:00,2024-11-14 15:00:00,-91.3,損切集中・恐怖の出口
FEAR_ENTRY,XAUUSD,sell,2588.0,2588.0,2588.0,1,1,2024-11-14 01:34:00,2024-11-18 10:30:00,-7.0,損切集中・恐怖の出口
FEAR_ENTRY,XAUUSD,sell,2609.88,2609.88,2609.88,1,1,2024-10-09 22:00:00,2024-10-10 21:30:00,-172.1,損切集中・恐怖の出口
FEAR_ENTRY,XAUUSD,buy,2631.4,2631.4,2631.4,1,1,2024-12-23 16:18:00,2024-12-24 00:22:00,-176.0,損切集中・恐怖の出口
FEAR_ENTRY,XAUUSD,buy,2644.47,2644.47,2644.47,1,1,2025-01-02 19:36:00,2025-01-04 00:29:00,-26.2,損切集中・恐怖の出口
FEAR_ENTRY,XAUUSD,buy,2683.21,2683.21,2683.21,1,1,2025-01-10 23:58:00,2025-01-13 21:18:00,-124.1,損切集中・恐怖の出口
FEAR_ENTRY,XAUUSD,buy,2695.74,2695.74,2695.74,1,1,2024-12-11 15:22:00,2024-12-12 08:18:00,-61.5,損切集中・恐怖の出口
FEAR_ENTRY,XAUUSD,buy,2705.1,2705.1,2705.1,1,1,2025-01-16 11:21:00,2025-01-18 04:00:00,-43.0,損切集中・恐怖の出口
FEAR_ENTRY,XAUUSD,buy,2755.18,2755.18,2755.18,1,1,2024-10-29 15:00:00,2024-10-31 23:00:00,-102.6,損切集中・恐怖の出口
FEAR_ENTRY,XAUUSD,buy,2786.36,2786.36,2786.36,1,1,2024-10-31 12:40:00,2024-10-31 22:50:00,-32.0,損切集中・恐怖の出口
FEAR_ENTRY,XAUUSD,buy,2795.2,2795.2,2795.2,1,1,2025-01-31 08:27:00,2025-02-03 10:56:00,-152.0,損切集中・恐怖の出口
FEAR_ENTRY,XAUUSD,buy,2890.3,2890.3,2890.3,1,1,2025-02-10 15:59:00,2025-02-11 22:00:00,-6.3,損切集中・恐怖の出口
FEAR_ENTRY,XAUUSD,buy,2918.15,2918.15,2918.15,1,1,2025-02-11 09:00:00,2025-02-12 20:00:00,-346.7,損切集中・恐怖の出口
FEAR_ENTRY,XAUUSD,buy,2929.02,2929.02,2929.02,1,1,2025-02-14 06:07:00,2025-02-15 00:27:00,-290.2,損切集中・恐怖の出口
FEAR_ENTRY,XAUUSD,buy,2934.2,2934.2,2934.2,1,1,2025-02-19 16:07:00,2025-02-26 00:31:00,-310.0,損切集中・恐怖の出口
FEAR_ENTRY,XAUUSD,buy,2939.13,2939.13,2939.13,1,1,2025-02-19 17:30:00,2025-02-26 21:30:00,-139.6,損切集中・恐怖の出口
FEAR_ENTRY,XAUUSD,buy,3878.3,3878.3,3878.3,1,1,2025-10-01 16:45:00,2025-10-02 23:15:00,-333.0,損切集中・恐怖の出口
FEAR_ENTRY,XAUUSD,sell,4029.0,4029.0,4029.0,1,1,2025-11-21 16:03:00,2025-11-25 03:46:00,-86.0,損切集中・恐怖の出口
FEAR_ENTRY,XAUUSD,buy,4241.58,4241.58,4241.58,1,1,2025-12-01 08:00:00,2025-12-02 10:05:00,-314.6,損切集中・恐怖の出口
FEAR_ENTRY,XAUUSD,sell,4282.82,4282.82,4282.82,1,1,2025-12-31 14:53:00,2026-01-02 12:11:00,-846.8,損切集中・恐怖の出口
FEAR_ENTRY,XAUUSD,buy,4296.66,4296.66,4296.66,1,1,2025-12-12 17:34:00,2025-12-13 17:34:00,-37.43,損切集中・恐怖の出口
FEAR_ENTRY,XAUUSD,buy,4384.47,4384.47,4384.47,1,1,2025-12-22 11:00:00,2025-12-30 00:05:00,-339.0,損切集中・恐怖の出口
FEAR_ENTRY,XAUUSD,buy,4448.61,4448.61,4448.61,1,1,2026-01-06 06:51:00,2026-01-08 14:43:00,-314.8,損切集中・恐怖の出口
FEAR_ENTRY,XAUUSD,buy,4489.68,4489.68,4489.68,1,1,2025-12-23 22:25:00,2025-12-24 00:02:00,-5156.0,損切集中・恐怖の出口
FEAR_ENTRY,XAUUSD,buy,4513.42,4513.42,4513.42,1,1,2025-12-24 09:37:00,2025-12-24 14:59:00,-2448.0,損切集中・恐怖の出口
FEAR_ENTRY,XAUUSD,buy,4589.54,4589.54,4589.54,1,1,2026-01-12 17:03:00,2026-01-17 00:31:00,-320.2,損切集中・恐怖の出口
FEAR_ENTRY,XAUUSD,buy,4610.22,4610.22,4610.22,1,1,2026-01-12 22:18:00,2026-01-15 10:34:00,-18.0,損切集中・恐怖の出口
FEAR_ENTRY,XAUUSD,buy,4635.0,4635.0,4635.0,1,1,2026-01-13 23:00:00,2026-01-17 00:00:00,-750.0,損切集中・恐怖の出口
FEAR_ENTRY,XAUUSD,buy,5080.43,5080.43,5080.43,1,1,2026-01-26 18:51:00,2026-01-27 04:03:00,-405.0,損切集中・恐怖の出口
FEAR_ENTRY,XAUUSD,buy,5222.427,5222.427,5222.427,1,1,2026-02-27 22:00:00,2026-03-18 21:00:00,-3422.21,損切集中・恐怖の出口
