strategy,period,label,trades,win_rate,total_r,avg_r,median_r,pf,max_dd_r,max_losing_streak,avg_mfe_r,avg_mae_r,oos_trades,oos_total_r
BASE_RR25,OOS_2024_2026,BASE_RR25_OOS_2024_2026,9,66.66666666666666,11.157809174638444,1.2397565749598272,2.4768196298003438,4.675619563429198,1.0220143125475067,1,1.9956862211466282,0.6676884639353453,9,11.157809174638444
BASE_RR2,DEV_2015_2021,BASE_RR2_DEV_2015_2021,27,48.148148148148145,11.033481475383475,0.4086474620512398,-1.0079657852995851,1.7684701995400678,3.0865492191086927,3,1.3616609698462465,0.871555430524748,0,0.0
NO_PROGRESS_8_05R_RR2,DEV_2015_2021,NO_PROGRESS_8_05R_RR2_DEV_2015_2021,27,48.148148148148145,10.458905411247457,0.38736686708323914,-0.011850921120678936,1.9051524666192081,3.0865492191086927,3,1.1945987140963348,0.7679683140181625,0,0.0
BASE_RR2,OOS_2024_2026,BASE_RR2_OOS_2024_2026,9,66.66666666666666,8.894942922956865,0.9883269914396516,1.986205252200214,3.930183310315106,1.0220143125475067,1,1.5749173439700335,0.6592320645698232,9,8.894942922956865
BASE_RR25,DEV_2015_2021,BASE_RR25_DEV_2015_2021,27,40.74074074074074,8.593809115299067,0.31828922649255803,-1.0097758505240912,1.5238279641507653,5.120627562461279,6,1.5189815286199728,0.9555356746101381,0,0.0
NO_PROGRESS_6_05R_RR2,DEV_2015_2021,NO_PROGRESS_6_05R_RR2_DEV_2015_2021,27,48.148148148148145,7.500540091525957,0.27779778116762804,-0.01876395844107264,1.7932749236672736,3.89406820627998,6,0.9189560199051527,0.6784758114600236,0,0.0
RETURN_INSIDE_2_RR2,DEV_2015_2021,RETURN_INSIDE_2_RR2_DEV_2015_2021,27,37.03703703703704,7.069330324304304,0.26182704904830756,-0.2931364545536138,1.5708981312153232,4.550356043094726,7,1.0505100222638089,0.7121868356874103,0,0.0
BASE_RR15,DEV_2015_2021,BASE_RR15_DEV_2015_2021,27,51.85185185185185,7.033481475383508,0.2604993139030929,1.3353145605544894,1.5271300643076295,2.6206275624612783,3,1.0986159686475787,0.8130784684245441,0,0.0
BASE_RR25,VALID_2022_2023,BASE_RR25_VALID_2022_2023,7,57.14285714285714,6.789786321533457,0.9699694745047795,2.4218125295806336,3.2488287897725114,2.0101984586408257,2,1.5832157718360242,0.7077629197054701,0,0.0
RETURN3_PLUS_NOPROG6_RR2,DEV_2015_2021,RETURN3_PLUS_NOPROG6_RR2_DEV_2015_2021,27,37.03703703703704,6.739756118436432,0.2496205969791271,-0.27895522101631554,1.7404247912400208,4.068303379804043,7,0.8716356053817956,0.550600387533789,0,0.0
RETURN_INSIDE_3_RR2,DEV_2015_2021,RETURN_INSIDE_3_RR2_DEV_2015_2021,27,33.33333333333333,6.35519529452325,0.23537760350086112,-0.3298161131766572,1.5709068147317513,4.068303379804043,7,0.9515233689546789,0.6286409049956626,0,0.0
BASE_RR15,OOS_2024_2026,BASE_RR15_OOS_2024_2026,9,66.66666666666666,5.894942922956872,0.6549936581063192,1.486205252200214,2.9419195286265403,1.0220143125475067,1,1.3310518303465368,0.6592320645698232,9,5.894942922956872
RETURN_INSIDE_2_RR2,OOS_2024_2026,RETURN_INSIDE_2_RR2_OOS_2024_2026,9,44.44444444444444,5.259399722294689,0.5843777469216321,-0.21547396063271515,2.950065506848148,1.4595491872666084,3,1.104194505825107,0.5291120675036141,9,5.259399722294689
RETURN_INSIDE_3_RR2,OOS_2024_2026,RETURN_INSIDE_3_RR2_OOS_2024_2026,9,44.44444444444444,5.259399722294689,0.5843777469216321,-0.21547396063271515,2.950065506848148,1.4595491872666084,3,1.104194505825107,0.5291120675036141,9,5.259399722294689
BASE_RR2,VALID_2022_2023,BASE_RR2_VALID_2022_2023,7,57.14285714285714,4.789786321533439,0.6842551887904913,1.9218125295806299,2.586413602231046,2.0101984586408257,2,1.1845086123758595,0.7077629197054701,0,0.0
NO_PROGRESS_8_05R_RR2,OOS_2024_2026,NO_PROGRESS_8_05R_RR2_OOS_2024_2026,9,66.66666666666666,3.7189736397089126,0.4132192933009903,0.22210517610372107,2.225108984392943,1.6364602746416095,1,1.0126502992864805,0.6495976375350505,9,3.7189736397089126
RETURN3_PLUS_NOPROG6_RR2,OOS_2024_2026,RETURN3_PLUS_NOPROG6_RR2_OOS_2024_2026,9,44.44444444444444,3.5493842331177436,0.3943760259019715,-0.21547396063271515,2.3160307504700737,1.4595491872666084,3,0.9141989169783383,0.5291120675036141,9,3.5493842331177436
NO_PROGRESS_6_05R_RR2,OOS_2024_2026,NO_PROGRESS_6_05R_RR2_OOS_2024_2026,9,55.55555555555556,3.284632716588259,0.3649591907320288,0.24527061588025478,2.0241882389415142,2.1850452803090628,3,0.9614432489758118,0.6495976375350505,9,3.284632716588259
BASE_RR15,VALID_2022_2023,BASE_RR15_VALID_2022_2023,7,57.14285714285714,2.7897863215334233,0.3985409030762033,1.4218125295806259,1.9239984146895808,2.0101984586408257,2,0.987992197773646,0.7077629197054701,0,0.0
RETURN_INSIDE_2_RR2,VALID_2022_2023,RETURN_INSIDE_2_RR2_VALID_2022_2023,7,28.57142857142857,2.689873978234602,0.38426771117637176,-0.1829309421403818,3.32515398009839,0.9011894372134002,3,0.6347201398092757,0.30301719391851395,0,0.0
NO_PROGRESS_8_05R_RR2,VALID_2022_2023,NO_PROGRESS_8_05R_RR2_VALID_2022_2023,7,57.14285714285714,1.3459303057712004,0.19227575796731436,0.20378890627159174,1.445782337957582,2.010198458640826,2,0.7091099167327177,0.7077629197054701,0,0.0
NO_PROGRESS_6_05R_RR2,VALID_2022_2023,NO_PROGRESS_6_05R_RR2_VALID_2022_2023,7,28.57142857142857,1.0467614873262887,0.14953735533232695,-0.22318768767368458,1.3661133432778134,1.598988070890416,3,0.7007166271302092,0.6294279315247583,0,0.0
RETURN3_PLUS_NOPROG6_RR2,VALID_2022_2023,RETURN3_PLUS_NOPROG6_RR2_VALID_2022_2023,7,14.285714285714285,0.42387582689063846,0.06055368955580549,-0.2805584631037398,1.2829731230494874,0.9011894372134006,3,0.36106075138743066,0.291065664077023,0,0.0
RETURN_INSIDE_3_RR2,VALID_2022_2023,RETURN_INSIDE_3_RR2_VALID_2022_2023,7,14.285714285714285,0.42387582689063846,0.06055368955580549,-0.2805584631037398,1.2829731230494874,0.9011894372134006,3,0.36106075138743066,0.291065664077023,0,0.0
