timeframe,strategy,symbol,trades,win_rate,total_r_after_cost,avg_r_after_cost,pf_after_cost,max_dd_r,max_losing_streak,avg_hold_bars,avg_break_depth_atr,avg_reclaim_atr,avg_range_atr,avg_activity_ratio,avg_mfe_16_atr,avg_mae_16_atr,avg_mfe_r,avg_mae_r,hit_1atr_first_16
H4,WICK_L55_RAW_RR15,USDJPY,669,44.69357249626308,44.01601913264642,0.06579375057196775,1.1151607942267272,27.531288528044584,14,4.19880418535127,0.30457685716423427,0.4401069592656355,1.2813276866059873,1.3458610440314838,2.32503918877228,2.2716340068145495,1.2886110380455358,1.116182496141633,51.86846038863976
H4,WICK_L120_RAW_RR15,USDJPY,435,43.67816091954023,18.668806433157194,0.042916796398062514,1.0739259808032973,25.978613904874027,15,3.981609195402299,0.31254768386588705,0.4327347529590866,1.305457555508732,1.3767579132216285,2.369012550159265,2.4118381865365732,1.2766139143721364,1.1343527172170156,51.03448275862069
D1,CLOSEFAIL_L20_W6_BODY_RR15,GBPJPY,121,47.93388429752066,18.410473742206634,0.15215267555542672,1.3118875460112371,10.322367747364355,4,8.685950413223141,0.8963838211708818,0.5518587211857385,1.3035729319046916,1.358667267854523,2.479606187795922,2.067128308191147,1.0593182274746518,0.8658257009551181,54.54545454545454
D1,CLOSEFAIL_L20_W6_BODY_RR15,SILVER,106,49.056603773584904,16.35418915726757,0.15428480337044878,1.3289697155168334,6.463336287086402,6,9.481132075471699,0.8832994161933697,0.45344159939202294,1.262493033416134,1.3150852828769724,2.42472232918801,2.5430306153896014,1.0999216504831606,0.8349879787243345,55.660377358490564
D1,CLOSEFAIL_L55_W6_BODY_RR15,GBPJPY,63,52.38095238095239,15.60668845773243,0.24772521361480046,1.557024586213899,5.493320885359307,4,8.746031746031745,0.9526877153987603,0.5317436023862799,1.3062025478552268,1.3757064136978847,2.5945950264313327,2.0267840522007914,1.1201498160690324,0.8099601511477571,55.55555555555556
H4,WICK_L20_RAW_RR15,USDJPY,1080,42.5,15.312843391946343,0.014178558696246613,1.023862570937982,42.640485786526696,16,4.035185185185185,0.2952980642978757,0.43902878525234323,1.233870278731905,1.2841027635820579,2.320017325262669,2.2527166255507582,1.2509718266986638,1.1218288342813538,50.27777777777778
D1,WICK_L20_BODY_RR15,XAUUSD,53,52.83018867924528,13.180441536842162,0.24868757616683324,1.518051315058332,5.1524579488894275,5,5.0,0.2131049134532893,0.8602595104504297,1.2823952932565188,1.3188076072029453,2.661281340437741,2.155611208590767,1.1425680446230775,0.8752777797661818,54.71698113207547
D1,CLOSEFAIL_L20_W6_BODY_RR15,XAUUSD,103,49.51456310679612,12.800192039402397,0.12427370912041162,1.250257240528953,7.357069924352329,5,8.815533980582524,0.8788140024446154,0.502421350157202,1.3551741628340905,1.398529465888437,2.5982084543458903,2.1766681174555926,1.174709226812468,0.8766644006824639,58.252427184466015
D1,CLOSEFAIL_L120_W6_BODY_RR15,AUDJPY,36,61.111111111111114,12.59953820522166,0.3499871723672683,1.9598405653695288,6.049413530751782,6,9.944444444444445,0.8962000356169233,0.5760678594292558,1.3458224975839226,1.3974329832472363,2.191179627681016,1.6553128191327087,1.2938106595712453,0.7554291048993234,52.77777777777778
D1,CLOSEFAIL_L120_W6_BODY_RR15,GBPJPY,42,54.761904761904766,11.532750683586842,0.2745893019901629,1.6250420610395617,4.589648634298113,4,9.142857142857142,0.9909673391715743,0.5088326980149314,1.3487946256872216,1.4304679449332949,2.6631799593081924,2.0367628394066353,1.1384171596543253,0.7853476005699485,54.761904761904766
D1,CLOSEFAIL_L20_W6_ACTIVITY_RR15,SILVER,36,58.333333333333336,11.498105202127757,0.3193918111702155,1.781379803738951,5.200514224691804,3,9.472222222222221,0.9550270250783649,0.4495127418361418,1.526089565357995,1.608979581226679,2.5003501385194484,3.2195060822099713,1.1347458552621053,0.7149095777198669,61.111111111111114
H4,CLOSEFAIL_L120_W6_BODY_RR15,EURJPY,216,43.51851851851852,11.41673937220647,0.05285527487132625,1.0939084478164376,16.18006888203683,7,9.462962962962964,0.8520239410906304,0.503316144853461,1.257378585462271,1.3333259093297116,2.306001182021893,2.23653046733004,1.1438462989448999,0.9215545425311136,53.24074074074075
D1,WICK_L55_BODY_RR15,CHFJPY,29,55.172413793103445,11.031635038313201,0.3804012082176966,1.9047687773342665,3.098564286363125,3,6.103448275862069,0.24844337619165113,0.7109584142487331,1.199982659262325,1.2338806647843255,3.506741092328041,1.4611783045729163,1.2756156092927702,0.7350430691427977,72.41379310344827
D1,WICK_L20_BODY_RR15,CHFJPY,56,48.214285714285715,9.62097194002494,0.1718030703575882,1.337069387150779,5.792422179312217,6,5.178571428571429,0.23496973056873255,0.711152422977745,1.1720896129123315,1.1987543564068157,2.7451038019518874,1.7617847097388644,1.1347830105598724,0.8960968804848208,60.71428571428571
D1,WICK_L55_RAW_RR15,EURJPY,118,44.91525423728814,8.834149334785392,0.07486567232868976,1.1352585663634156,8.728721055047298,8,3.669491525423729,0.2816844258566436,0.4534711621473285,1.2519389452655523,1.3075535422088482,2.5252548815722817,2.1918477947218697,1.3015123505191806,1.0016876901620444,50.847457627118644
D1,WICK_L20_RAW_RR15,EURJPY,210,43.333333333333336,8.582255755793716,0.04086788455139864,1.071838254534577,13.621938238039558,8,3.566666666666667,0.27946054329911657,0.44106697530826067,1.2274737422474107,1.2766688174386476,2.3720372203932327,2.1817433347654807,1.2575549787816,1.0558663106566653,50.0
H4,CLOSEFAIL_L55_W6_BODY_RR15,EURJPY,349,42.693409742120345,8.482138591058682,0.024304122037417428,1.0421143416514227,15.779860873438938,7,8.776504297994268,0.833223598957904,0.5232004661141223,1.2568723827704735,1.3207586494314485,2.3358780305800155,2.298755738767656,1.1159497216590895,0.9633252783765809,51.57593123209169
D1,CLOSEFAIL_L120_W6_BODY_RR15,SILVER,26,57.692307692307686,8.302086913150394,0.319311035121169,1.8541306120946657,3.4968624702750013,4,11.307692307692308,0.8970248973958055,0.5107960534475967,1.3507119587094156,1.4370016997354123,2.646165362310595,3.964174665823408,1.1863722501614864,0.7349941140486481,65.38461538461539
D1,CLOSEFAIL_L55_W6_BODY_RR15,SILVER,57,47.368421052631575,8.201708895255845,0.1438896297413306,1.3012988551753613,7.537379982183366,7,10.052631578947368,0.9384421876634059,0.4726992646594571,1.3226752200649847,1.3991641280155107,2.444404983320296,3.0103518037355164,1.0568140574986826,0.8110541011650361,52.63157894736842
H4,WICK_L20_ACTIVITY_RR15,EURJPY,169,42.60355029585799,7.988754917473331,0.04727073915664693,1.0830181352729202,11.039238898929963,9,8.266272189349113,0.3088182659082275,1.0425929230372126,1.5538045358200876,1.6357799174339782,2.324515555261409,2.4684829424080306,1.0455575627911455,0.9397508042488105,56.213017751479285
D1,WICK_L55_ACTIVITY_RR15,CHFJPY,16,62.5,7.270178899497803,0.4543861812186127,2.192219276393906,4.0783917455684735,4,9.0,0.3427943575716182,0.8907191619163373,1.5810615368282885,1.6541788529474857,2.541602625535657,1.3551367769594083,1.2332078304958856,0.6803985681533978,87.5
D1,CLOSEFAIL_L20_W6_BODY_RR15,AUDJPY,101,45.54455445544555,6.920609855896552,0.0685208896623421,1.1370106731812948,7.710084451626131,7,9.594059405940595,0.8939199324377174,0.5515596306899377,1.2923079993062794,1.325830329902964,1.9916469184764387,2.144629221026263,1.06324841534617,0.9851672059725638,50.495049504950494
D1,CLOSEFAIL_L120_W6_BODY_RR15,USDJPY,42,47.61904761904761,6.7531689548268865,0.16078973701968777,1.3148241544717238,4.2993856094367615,3,7.190476190476191,0.8512512934857035,0.42512372957458533,1.279126125617302,1.3165131233372611,3.1304131206320185,2.1276929598573147,1.144360670010398,0.9783893345593381,57.14285714285714
H4,CLOSEFAIL_L120_W6_ACTIVITY_RR15,EURJPY,58,46.55172413793103,6.709737629551924,0.11568513154399869,1.228575303865252,7.099434685721027,7,11.620689655172415,0.9343761983927185,0.606141715474478,1.62413307270212,1.750006908415781,2.3936389792195407,2.1378188031250276,1.1402725970442367,0.8738826560487185,51.724137931034484
D1,WICK_L20_STRICT_RR15,XAUUSD,13,69.23076923076923,6.496891765030792,0.49976090500236864,2.6037334222934385,2.0251203219951153,2,9.846153846153847,0.27206290230548774,1.246249274704681,1.7576619241147546,1.8689898115295212,3.092484234761865,2.022386182994685,1.218862267308047,0.7612089537745163,69.23076923076923
D1,CLOSEFAIL_L55_W6_ACTIVITY_RR15,SILVER,20,55.00000000000001,6.256907689020118,0.3128453844510059,1.7039665374492634,5.29008573041059,3,8.2,0.8739485123459243,0.41079290630968546,1.4779831940741073,1.5508665708926268,2.825322403125213,4.16632809126975,1.1632873416969969,0.7520056434015778,60.0
D1,WICK_L120_RAW_RR15,EURJPY,78,44.871794871794876,6.11888618422378,0.07844725877209975,1.1396685394617612,7.276827010679565,7,3.269230769230769,0.2563354426752485,0.44661762822798867,1.2146694758569359,1.2603598268640277,2.634577327965562,2.2034929867281576,1.382821776805943,0.9598124290771545,56.41025641025641
D1,CLOSEFAIL_L20_W6_ACTIVITY_RR15,XAUUSD,42,52.38095238095239,6.083771889419247,0.14485171165283922,1.2998962591405834,5.427086791723957,4,9.30952380952381,0.9342259620600496,0.581414638872649,1.6282983969931768,1.682383506348179,2.153823739815831,2.3616455787700406,1.00375635679896,0.8145451090871015,61.904761904761905
H4,CLOSEFAIL_L120_W6_ACTIVITY_RR15,AUDJPY,57,49.122807017543856,6.028336119996787,0.10576028280696118,1.2033748394730048,9.13577551942351,5,12.0,1.1032387568875595,0.5274601009624107,1.6171960947303972,1.749376353271355,2.4962037251718354,2.4062362178239267,0.9956290168565207,0.87471781647533,45.614035087719294
D1,WICK_L120_BODY_RR15,CHFJPY,17,52.94117647058824,5.797364668204831,0.3410214510708724,1.8224522309413893,1.9280555139446243,3,6.705882352941177,0.20815610909549725,0.724516838451205,1.1530179316493872,1.200238739442559,2.3383017720670565,1.6547051527061023,1.3531759986512808,0.7481293226253337,76.47058823529412
D1,WICK_L120_BODY_RR15,SILVER,14,57.14285714285714,5.777546942729365,0.4126819244806689,2.0139368191983666,3.135759125428147,3,8.642857142857142,0.16492796490467102,0.966602363019927,1.3640407974531024,1.4007194665605136,3.0009351576445846,5.0387848113494185,1.3128693035895254,0.7300919882903721,78.57142857142857
D1,WICK_L120_ACTIVITY_RR15,SILVER,12,58.333333333333336,5.446576050714672,0.453881337559556,2.17567108962775,2.070363963874355,2,9.833333333333334,0.17843722715023733,0.9973641348536159,1.4316767469829283,1.466043403234312,2.7039608199525773,5.508776728518463,1.3404049985231428,0.6942279721429497,83.33333333333334
D1,WICK_L120_ACTIVITY_RR15,XAUUSD,19,57.89473684210527,5.426215372778664,0.28559028277782444,1.669790337026755,2.0263635429527276,2,8.263157894736842,0.2632550603068793,1.1978409312634895,1.722179255788496,1.8090749960130497,2.9259420187159533,1.9948600239644978,1.063736706021266,0.8604871252563867,63.1578947368421
D1,CLOSEFAIL_L120_W6_ACTIVITY_RR15,AUDJPY,11,63.63636363636363,5.404696645721341,0.4913360587019401,2.6047836467310237,1.013983932422165,1,10.181818181818182,0.811509301512324,0.6676780536734642,1.6052211707819175,1.6753250161817304,2.3394071748492578,1.5866718227420407,1.3132444311200446,0.6907710864072688,54.54545454545454
D1,CLOSEFAIL_L55_W6_BODY_RR15,EURJPY,74,47.2972972972973,5.380327233384853,0.07270712477547099,1.1457079509071126,7.044342850628106,5,8.256756756756756,0.8649180493707549,0.612936237725055,1.3966050085915742,1.447239997919254,2.221534773931848,2.139127801017078,1.035317382475632,0.8364210439853853,58.108108108108105
D1,WICK_L120_BODY_RR15,XAUUSD,24,54.166666666666664,5.259427483090233,0.21914281179542638,1.4706387640542475,2.0526209851003756,2,6.708333333333333,0.22761049192213553,1.01894915767662,1.4821346269335471,1.5575136566924133,2.8406282800110034,2.4404957597505175,1.0734166203248539,0.8747612900204019,54.166666666666664
D1,CLOSEFAIL_L120_W6_BODY_RR15,XAUUSD,39,51.28205128205128,5.194219102180922,0.1331851051841262,1.2691523524172204,4.122598848782092,4,8.846153846153847,0.8583624185136705,0.5385902061390101,1.4681534586125857,1.5585487417715647,2.6231173427917405,2.019329446054506,1.0768308192147247,0.9213593848975378,58.97435897435898
D1,WICK_L20_ACTIVITY_RR15,CHFJPY,30,50.0,4.970420032779549,0.16568066775931828,1.3408462102408991,4.096558926596665,3,8.4,0.3140489491890906,0.947858540395728,1.5347491415274641,1.6078093700340204,1.979880223695616,1.7282528802473147,1.0545084091523882,0.8024737969096626,63.33333333333333
D1,CLOSEFAIL_L20_W6_BODY_RR15,EURJPY,119,44.537815126050425,4.877501554014777,0.0409874080169309,1.0789464100912054,8.038978678470741,6,8.067226890756302,0.8694858784484465,0.5601173677592599,1.3433338815565101,1.3914587633286428,2.1593508136808572,2.279708283563174,1.0336251094605442,0.8598956863162264,57.14285714285714
H4,CLOSEFAIL_L120_W8_STRICT_RR15,AUDJPY,27,51.85185185185185,4.866762916988278,0.18025047840697325,1.3669949668211288,3.0607238988834813,3,14.25925925925926,1.1013754060377594,0.530541767844751,1.6091772098837798,1.7448216177939275,2.415225287231408,2.595345459956323,0.9556118960023285,0.9113331820169345,48.148148148148145
D1,WICK_L20_RAW_RR15,AUDJPY,185,42.16216216216216,4.816897394166025,0.026037283211708243,1.045287659627161,15.744517462704753,9,4.054054054054054,0.31476311295222725,0.45822947901266436,1.250452381577449,1.288472313366331,2.322148123297181,2.185273569874989,1.1782715087418751,1.091510864767635,51.891891891891895
D1,WICK_L20_ACTIVITY_RR15,XAUUSD,32,50.0,4.726011094785851,0.14768784671205784,1.291557295148939,3.102720530693846,3,6.875,0.24382548971177287,1.0753148495357567,1.57139660861968,1.6345985089089714,2.3985928259811655,2.112650463721274,1.0278790182436737,0.8962889436313504,59.375
D1,WICK_L120_STRICT_RR15,XAUUSD,10,70.0,4.5423352894153,0.45423352894153,2.495572627647717,2.029237708634112,2,10.4,0.30972186062247287,1.336656681296159,1.8837953826424993,2.0274063506299007,3.2278249684838713,1.837571842294103,1.1186330268288038,0.6733602162688292,80.0
H4,CLOSEFAIL_L55_W6_ACTIVITY_RR15,EURJPY,95,44.21052631578947,4.205462641135748,0.044268027801428925,1.0811780362750614,10.255850288304575,9,10.421052631578947,0.9327885108604977,0.6298094142022745,1.6183902138876585,1.7224759802857779,2.256780691002162,2.3192095064730656,1.0727960653453854,0.9135378324992712,51.578947368421055
D1,WICK_L120_BODY_RR15,USDJPY,20,50.0,4.00132922116598,0.200066461058299,1.4109679761329839,4.03699896432681,4,7.95,0.24900286433844618,0.9113275280330162,1.4460964622283834,1.5229516266741066,2.6193050364562973,2.2311875424060146,1.1120176245004025,0.9920181177733971,70.0
D1,CLOSEFAIL_L120_W6_ACTIVITY_RR15,USDJPY,11,54.54545454545454,4.0008590087118385,0.36371445533743985,1.9286585479721965,3.041593218864208,3,8.818181818181818,1.009437612196127,0.3955251452619958,1.5272310692551385,1.6107610623202815,3.8975528349214272,1.7728446914960132,1.0878014149637318,0.8875328140601233,63.63636363636363
D1,CLOSEFAIL_L120_W8_STRICT_RR15,XAUUSD,12,58.333333333333336,3.865599182305078,0.32213326519208985,1.76634589661993,3.0182121314737436,3,10.333333333333334,1.0643691100214552,0.7269997080520288,1.8946034182710327,2.0684718775301008,2.6970295111938576,2.0497814381111916,1.0402335649719403,0.6561268369270802,75.0
D1,CLOSEFAIL_L20_W6_ACTIVITY_RR15,AUDJPY,25,48.0,3.8259768725711165,0.15303907490284466,1.3343844146909043,4.033086072692254,4,10.24,0.957038426323103,0.6593460312849351,1.631983967706528,1.6985153631745806,2.3028687064420255,1.848933827469176,1.0461846129212768,0.76649493288456,56.00000000000001
D1,CLOSEFAIL_L55_W6_BODY_RR15,AUDJPY,63,47.61904761904761,3.763400139563088,0.05973651015179505,1.1191836318742154,7.824434186669741,5,9.19047619047619,0.925524983845698,0.5404456877084391,1.3133624080797717,1.3701691273918535,2.0106262507480244,2.1105717056181343,1.07008591776909,0.8583121636838736,47.61904761904761
D1,WICK_L55_STRICT_RR15,XAUUSD,11,63.63636363636363,3.528418773296126,0.32076534302692056,1.8709769716404985,3.043154224753286,3,9.545454545454545,0.3015867319607458,1.290201231889791,1.8448756485096653,1.9744920478194445,2.9735618135072146,2.192706492229909,1.0471216892197073,0.7544555835201524,72.72727272727273
D1,CLOSEFAIL_L55_W8_STRICT_RR15,EURJPY,9,66.66666666666666,3.482044669300293,0.386893852144477,2.1513172746877003,3.024400611243162,3,9.0,1.064218504607815,0.48966596571498555,1.539469277190247,1.6878384544598264,1.83526578460669,2.1704158052945175,1.1266417519750755,0.5489758329095635,77.77777777777779
D1,CLOSEFAIL_L20_W8_STRICT_RR15,EURJPY,14,57.14285714285714,3.3491753385263356,0.23922680989473827,1.6176343099133963,2.3981856744765393,3,9.357142857142858,0.9759929040945219,0.6291239656750349,1.65058046854864,1.798763552397612,1.7400100058589945,2.091017176839818,1.1021036657684502,0.6114712157575417,71.42857142857143
D1,WICK_L120_ACTIVITY_RR15,USDJPY,11,54.54545454545454,3.134577992445207,0.284961635676837,1.6701674869924625,3.318303060535271,3,10.727272727272727,0.3057164827742629,1.2466779701371646,1.9425348680680925,2.083401430546749,2.6286105706492733,1.7852754787048695,1.1014528335357043,0.8204922979452106,72.72727272727273
D1,CLOSEFAIL_L55_W6_ACTIVITY_RR15,EURJPY,24,50.0,3.1104411827899483,0.12960171594958117,1.2772629747541209,5.170182471672407,6,9.041666666666666,0.9929266721891455,0.5606191142129912,1.640239333801435,1.7432252080127295,2.4520782971947606,2.0500231949163115,1.071625780787354,0.7009718758542389,58.333333333333336
D1,CLOSEFAIL_L120_W8_STRICT_RR15,EURJPY,7,57.14285714285714,2.9415063537974513,0.4202151933996359,1.9725915088306913,2.019126402524636,2,6.428571428571429,1.1066659505642178,0.48921423261604996,1.5186400090479142,1.6633252651055144,1.9624410602893998,1.9117262326985733,1.196625000112306,0.5794777712775087,71.42857142857143
D1,CLOSEFAIL_L20_W6_ACTIVITY_RR15,EURJPY,39,46.15384615384615,2.862255019726735,0.07339115435196757,1.145397918651235,7.199019965367321,8,8.820512820512821,0.9795047681029808,0.5275256883205679,1.594812353550758,1.6936110081639777,2.3235805109342618,2.3434557010923154,1.060836082121032,0.766846613915631,58.97435897435898
D1,WICK_L120_STRICT_RR15,SILVER,5,60.0,2.8517001230065144,0.5703400246013028,2.8842406041616555,1.0887373141693815,1,12.0,0.1398073303098741,1.1795478577218186,1.6327584142063103,1.6740010694160277,2.3464157544540845,10.847699617294248,1.3944730952120448,0.6101038818454632,100.0
D1,WICK_L55_BODY_RR15,XAUUSD,29,48.275862068965516,2.6873989385028896,0.09266892891389275,1.1765233261511407,3.6946957980935244,3,6.206896551724138,0.23017213456117086,0.9737109447388391,1.4299511392192423,1.4927018900955156,2.5613090494117516,2.547343187004354,1.0475362077711148,0.9396843105072383,55.172413793103445
H4,CLOSEFAIL_L20_W8_STRICT_RR15,GBPJPY,91,41.75824175824176,2.680562730509446,0.029456733302301603,1.05289001063011,12.857485468932014,9,13.978021978021978,1.0597582248832655,0.6972513504637188,1.7907402348648103,1.946745344208406,2.0349814207224823,2.2286603559926412,0.9398481936626406,0.9304429486505289,45.05494505494506
D1,WICK_L55_STRICT_RR15,EURJPY,9,66.66666666666666,2.6790447922076157,0.29767164357862397,1.885896176191376,1.858720335224854,1,9.88888888888889,0.22534587049668608,1.251935051748895,1.6131032756967287,1.7689889683520938,1.6539589978379081,2.295015079419574,1.128522461016098,0.6470574903958226,77.77777777777779
D1,WICK_L20_STRICT_RR15,EURJPY,14,57.14285714285714,2.5474029998431478,0.18195735713165342,1.4882192100051268,3.041595176843765,3,11.214285714285714,0.3041175290567515,1.3345589688260042,1.7791068899293028,1.983065408546984,1.6242882572816078,2.0631368551143248,1.0565419305770924,0.6606464462218905,71.42857142857143
H4,CLOSEFAIL_L20_W6_ACTIVITY_RR15,USDJPY,162,42.592592592592595,2.545798269979687,0.01571480413567708,1.027614402729833,13.201118991858046,10,11.969135802469136,1.0517846559400215,0.5212057783003674,1.5738457595291806,1.671305171416729,2.036845263587653,2.1276101684567577,0.9984834951783169,0.8800127908744685,55.55555555555556
D1,WICK_L55_STRICT_RR15,GBPJPY,14,50.0,2.463264528423199,0.1759474663159428,1.430034623627898,2.385093541294986,3,10.071428571428571,0.30653005595712657,1.2426379308736417,1.74304137048084,1.8723945814988026,2.041025129908692,2.506375246550886,0.9502038124219359,0.8198567225927585,57.14285714285714
D1,WICK_L55_ACTIVITY_RR15,XAUUSD,22,50.0,2.3894989155575077,0.10861358707079581,1.2145341748150262,3.040280059071902,3,7.863636363636363,0.27338908687227187,1.1347964423824033,1.664760643558392,1.7372465035336788,2.6439359340110538,2.259220060106703,1.0067775844823743,0.925001968922772,63.63636363636363
D1,WICK_L55_RAW_RR15,CHFJPY,123,41.46341463414634,2.3872256007980535,0.019408338217870354,1.0330654081985515,10.563988707209425,6,3.203252032520325,0.29819525028740435,0.38174390216484366,1.153554482170756,1.1998971185175773,2.694967659639844,2.029644738515637,1.4229398670452658,1.052880774830556,52.03252032520326
D1,WICK_L55_ACTIVITY_RR15,SILVER,22,45.45454545454545,2.3664861896643536,0.10756755407565244,1.197479797227342,6.524329079664214,4,7.7727272727272725,0.17605648313562638,0.9534190422009309,1.4008291086241276,1.439056679196379,2.2869866792077094,4.249898546973131,1.1263920105309768,0.8774406100775853,63.63636363636363
D1,CLOSEFAIL_L120_W6_ACTIVITY_RR15,EURJPY,17,47.05882352941176,2.164265930591827,0.12730976062304866,1.2504039519359198,4.761556619980925,5,8.235294117647058,1.0550103454792397,0.5631568623183976,1.7216512268219788,1.8398276166739949,2.6604253907604303,1.8796041186873915,1.1282015238230314,0.7402034294797585,58.82352941176471
H4,CLOSEFAIL_L55_W8_STRICT_RR15,GBPJPY,64,42.1875,2.146152688660306,0.03353363576031728,1.0599341814290244,8.775994806108926,7,14.46875,1.0737128979439539,0.6823117767825163,1.777231154109217,1.9438720700561452,1.970339925819568,2.238639259024917,0.9516672463271771,0.9344221231175389,40.625
D1,WICK_L55_BODY_RR15,GBPJPY,30,43.333333333333336,2.1328832517929093,0.07109610839309698,1.1342625861640392,6.372480521133636,6,6.7,0.2059360830168501,0.9821695477549344,1.4357074876129459,1.518795801575668,2.526032901956272,2.457472580324621,1.0660387767531927,0.9865306810357309,56.666666666666664
D1,WICK_L120_ACTIVITY_RR15,AUDJPY,10,60.0,2.0599192114481335,0.20599192114481335,1.6136662128204777,1.9062554486149663,1,13.2,0.39959795591494146,1.145327188622058,1.7037386355521722,1.742386056380337,2.3361408202668006,1.729532906863827,1.2217156310586714,0.7663986350882468,60.0
D1,WICK_L120_ACTIVITY_RR15,CHFJPY,9,55.55555555555556,1.898050993204591,0.21089455480051011,1.4678149526071649,2.033930112680012,3,10.0,0.2709341325128338,0.975888787576819,1.5246207699505778,1.6343553866298786,2.1101381205369156,1.7489355857759872,1.1799470422193936,0.7995460874660483,88.88888888888889
D1,WICK_L20_ACTIVITY_RR15,SILVER,36,44.44444444444444,1.8182815068184817,0.050507819633846714,1.0947655094606934,6.705984441585931,6,8.86111111111111,0.2329676285015555,1.017262260037086,1.5095254154889068,1.5662026602173114,2.1474501267255626,3.699859598322087,1.0901628070102511,0.9068451667687203,61.111111111111114
D1,WICK_L20_STRICT_RR15,SILVER,14,50.0,1.8023805765635221,0.1287414697545373,1.2831860398555137,3.450772034222153,3,10.214285714285714,0.19260755692337808,1.0956392600467826,1.5125790514980337,1.5985105742991645,1.973660123631016,5.234635197120289,1.1044794325747358,0.8149863146058228,78.57142857142857
D1,CLOSEFAIL_L120_W6_ACTIVITY_RR15,SILVER,10,50.0,1.7355578364801758,0.17355578364801758,1.3700208185276042,2.9851557713072587,2,11.0,0.95735530656785,0.4737041819599196,1.5249574997899202,1.595409846130273,2.632745490895365,6.4318022668249935,1.104779742039011,0.7493019263078504,70.0
H4,CLOSEFAIL_L55_W6_ACTIVITY_RR15,GBPJPY,116,41.37931034482759,1.7011897812608732,0.01466542914880063,1.025283362567015,12.003640116771948,9,12.155172413793103,1.0170799009386047,0.606542964023976,1.6198073420208692,1.7302279633527684,2.0340695925453813,2.194078743272578,1.0081533797717344,0.8974977324139491,50.0
D1,WICK_L120_STRICT_RR15,EURJPY,5,60.0,1.6519677690177967,0.33039355380355934,1.8179724120182517,1.330901071594178,1,8.6,0.2639464120158036,1.2530991275199683,1.6878982774292737,1.8849649026494117,1.7035622101912853,2.1438325569922236,1.3075927454180742,0.6709229852775244,80.0
H4,CLOSEFAIL_L20_W6_ACTIVITY_RR15,EURJPY,155,42.58064516129032,1.6433406285030916,0.010602197603245753,1.0187706996101618,17.139883277062196,10,10.658064516129032,0.9618088662444906,0.5728147869877447,1.6021773774055705,1.7009817075387028,2.213572522533237,2.436980157572719,1.0569458242613743,0.9439817525277336,53.5483870967742
H4,WICK_L120_STRICT_RR15,CHFJPY,30,40.0,1.4912372204640576,0.04970790734880192,1.092973091386713,8.476839804329597,9,13.066666666666666,0.27734762761211956,1.1763528994262715,1.6366716803709371,1.734720831671391,2.5454846635561506,1.7830115102705193,1.1258174910794028,0.8439475921386053,56.666666666666664
D1,CLOSEFAIL_L55_W6_ACTIVITY_RR15,AUDJPY,22,45.45454545454545,1.36268657826566,0.061940299012075456,1.1248785350374264,4.048525895166858,4,9.909090909090908,0.9798170355253183,0.6213221363148365,1.596698651261535,1.6758399858977278,2.1337309171642134,2.0150157944849325,1.0355997326521353,0.7852202382921021,54.54545454545454
D1,CLOSEFAIL_L20_W8_STRICT_RR15,XAUUSD,18,50.0,1.3572664599772146,0.07540369222095637,1.1490977112298324,3.021436945754227,3,10.0,0.9239364141450397,0.7247977191142766,1.7972940287907886,1.9311536970866838,2.1423406827903153,2.524697352411077,0.9120567221498751,0.8588461013018344,55.55555555555556
H4,CLOSEFAIL_L120_W6_BODY_RR15,AUDJPY,197,43.65482233502538,1.3367263545233183,0.006785412967123443,1.0117910661353695,10.896568927137654,5,9.868020304568528,0.9210974512626849,0.4813961441329098,1.2709619223269475,1.338227807599827,2.339346846311186,2.5161633244469237,1.062291215543839,0.9966471907638464,45.17766497461929
D1,CLOSEFAIL_L120_W6_ACTIVITY_RR15,XAUUSD,17,47.05882352941176,1.2762451255806897,0.07507324268121704,1.1398767343800849,3.5381947071402475,3,8.764705882352942,0.9539882439395316,0.6271880213863833,1.7391651881196493,1.8770802643740163,2.3057729164286296,2.477322116055567,0.9403449509141205,0.925488508956771,58.82352941176471
D1,CLOSEFAIL_L55_W6_ACTIVITY_RR15,USDJPY,17,47.05882352941176,1.1911973553619948,0.07007043266835264,1.1525840693079639,2.7032188867589877,3,10.058823529411764,0.9838983039304339,0.5387368703857944,1.6525126021384793,1.7599406186694742,3.3656509817774802,2.1976450282346787,1.0505972944510111,0.914128937625116,64.70588235294117
D1,WICK_L55_STRICT_RR15,SILVER,9,44.44444444444444,1.1566500303417744,0.12851667003797493,1.2488092909870598,2.138235661020448,2,8.88888888888889,0.15063552806423885,1.0654542051245077,1.4778899560807512,1.5245045913789936,2.0494701189599795,7.020389587016025,1.1544467725776373,0.882279393195643,77.77777777777779
D1,CLOSEFAIL_L20_W6_BODY_RR15,CHFJPY,117,41.02564102564102,1.0404864974152948,0.008893046986455511,1.0163852879665782,9.598802817465392,6,8.076923076923077,0.7401587958594998,0.5923209785540365,1.3238953174783,1.3632494059757712,2.0588628313303157,2.16404487957798,1.0419844404022691,0.877729761942439,56.41025641025641
D1,CLOSEFAIL_L120_W6_BODY_RR15,EURJPY,58,44.827586206896555,1.0288714131088121,0.01773916229497952,1.03393692454047,8.004924004261884,5,8.155172413793103,0.8931238372155285,0.6305972770505801,1.4319746822278325,1.482853062179445,2.1742259522310103,2.238497570524493,0.9846742126084157,0.8849841045066865,55.172413793103445
D1,WICK_L20_BODY_RR15,EURJPY,55,43.63636363636363,1.00930383729996,0.018350978859999274,1.0330597488284572,7.664720372710063,5,6.9818181818181815,0.26061646219295126,0.9118917084938598,1.4591253298696596,1.547719840964487,1.9206283604737842,2.3380514108389208,1.1120797072509863,0.8977872207012528,52.72727272727272
D1,CLOSEFAIL_L120_W8_STRICT_RR15,USDJPY,4,50.0,0.968659085398236,0.242164771349559,1.479737995855929,1.0133964208390616,1,8.75,1.231227169457716,0.32300702054383457,1.871181615199445,2.0437553043979575,5.903137726426055,2.440372508252625,1.1372799305536183,0.760401718396763,75.0
H4,CLOSEFAIL_L120_W8_STRICT_RR15,GBPJPY,39,41.02564102564102,0.9021012069851224,0.023130800179105702,1.0406913314319113,6.593583218395756,7,14.025641025641026,1.0782896511206075,0.6664688582105688,1.70108669733083,1.8540504548884207,2.1318949829727245,2.0023712267828424,0.9709371485308006,0.9049207661020809,46.15384615384615
D1,CLOSEFAIL_L20_W6_ACTIVITY_RR15,USDJPY,41,46.34146341463415,0.8857407898507561,0.02160343389879893,1.0436849001554724,8.125917793952691,4,10.487804878048781,0.9419715028966095,0.5735040729188214,1.578194549074062,1.6682492588208906,2.7994971534242006,1.8246489603804008,0.9714321722653202,0.8484919527132552,53.65853658536586
D1,WICK_L120_STRICT_RR15,USDJPY,3,66.66666666666666,0.8340981975906498,0.2780327325302166,1.8230719789794025,1.0133964208390616,1,14.0,0.37075415910629217,1.4040502621538333,2.139734363342341,2.3817809703010377,1.7260138989510228,2.571866952742772,1.1415261528313652,0.6008781158617734,100.0
D1,CLOSEFAIL_L55_W8_STRICT_RR15,USDJPY,7,57.14285714285714,0.6500505784322002,0.09286436834745716,1.2147719093111988,1.0133964208390616,2,11.428571428571429,1.0760540675159098,0.6531062952694648,2.008833577196666,2.219102609409577,4.02068685396471,2.3505503922069004,0.9601311750713977,0.810933355600266,71.42857142857143
D1,WICK_L120_ACTIVITY_RR15,EURJPY,16,43.75,0.5442795301542707,0.034017470634641916,1.0598453417537523,4.898235888314445,3,7.1875,0.26196363599691597,1.17730501689406,1.7666507812636052,1.857416531254438,2.1830363713799317,2.2174062802303114,1.0231713507042375,0.8513023868574751,50.0
H4,CLOSEFAIL_L55_W6_ACTIVITY_RR15,USDJPY,91,41.75824175824176,0.5095754348110169,0.005599730052868317,1.009703010864504,8.12986902402885,8,11.516483516483516,1.0272590455159718,0.5316218490778736,1.5412903164304246,1.640914260845928,2.228885618714508,1.895222171226396,0.9959401740167929,0.8792416299149878,52.74725274725275
D1,WICK_L120_RAW_RR15,USDJPY,67,41.7910447761194,0.502504357164903,0.007500065032311986,1.0129592861408077,9.36623952040825,8,4.08955223880597,0.3403440674613364,0.4865261083267023,1.3708119559270397,1.448496441308121,2.3109012766855592,2.433791793637193,1.0652989547120015,1.172752569459712,50.74626865671642
D1,WICK_L120_BODY_RR15,AUDJPY,14,50.0,0.48875981861251394,0.03491141561517957,1.0761796657746947,1.348149726528002,3,9.642857142857142,0.3571483862436943,0.9351381069833734,1.4439819571504935,1.4753427073429815,2.134518867960062,1.7779586653656805,1.1597948713368154,0.9533615025171083,50.0
D1,CLOSEFAIL_L120_W8_STRICT_RR15,AUDJPY,7,42.857142857142854,0.38183154158010635,0.054547363082872335,1.1133749133207955,1.0139839324221647,2,10.285714285714286,0.683064355671472,0.7243506477557254,1.5976587212835303,1.7121373433421325,2.0478215835163356,1.8019267028877268,1.1529096683620386,0.865331072859151,42.857142857142854
D1,CLOSEFAIL_L20_W8_STRICT_RR15,SILVER,13,46.15384615384615,0.34010421013050934,0.026161862317731488,1.0534787276167394,4.2564198749689925,3,11.461538461538462,0.8544211813093912,0.5517520147405548,1.5260330334572674,1.6100206259765932,1.803580923530936,5.4143388870117555,0.9608122740345493,0.7598024771264217,61.53846153846154
D1,WICK_L20_ACTIVITY_RR15,EURJPY,36,44.44444444444444,0.31634150830360075,0.008787264119544466,1.0163349359372162,6.55948599341255,5,8.63888888888889,0.28463605645921664,1.1199194368126997,1.6763626539120469,1.8083319929056847,2.0111783116861717,2.4909029710463275,1.0380896693151511,0.8594236100298294,58.333333333333336
D1,CLOSEFAIL_L55_W8_STRICT_RR15,SILVER,9,44.44444444444444,0.2838573488652729,0.03153970542947477,1.0602560668352405,2.994726092745422,2,10.555555555555555,0.81256409607417,0.47412909826870464,1.4381300227018126,1.4982603635604894,1.7190443718799828,7.3003448531845025,1.0026052304046744,0.8183182927837531,55.55555555555556
D1,CLOSEFAIL_L55_W6_ACTIVITY_RR15,GBPJPY,19,47.368421052631575,0.217717563246967,0.011458819118261422,1.02433212396437,5.951314307375355,4,13.578947368421053,1.3084471096175245,0.5302228553627677,1.6802115210962754,1.850440744405171,2.4956740421543517,1.6962118431954594,1.0204795590541094,0.8072496719528766,52.63157894736842
D1,WICK_L120_RAW_RR15,AUDJPY,57,42.10526315789473,0.08465179757029251,0.001485119255619167,1.0026177896634172,8.700170278280119,6,4.7368421052631575,0.3478444595814464,0.5193723509533219,1.4093937566576407,1.5110884316232933,2.497004024509059,2.0455620338234213,1.885783839163331,1.1903601347236135,49.122807017543856
D1,WICK_L120_STRICT_RR15,AUDJPY,6,50.0,0.0202645718251432,0.0033774286375238666,1.0086191518412035,1.011678620131859,2,14.833333333333334,0.359636315726578,1.2385674509301021,1.8254934065112731,1.927922985578929,2.461738346671068,1.525187616865308,1.2316110540514196,0.816299568550008,50.0
D1,CLOSEFAIL_L55_W6_BODY_RR15,XAUUSD,56,44.642857142857146,0.01858421734258764,0.0003318610239747793,1.000603806735456,6.293937350290202,4,8.125,0.9065354220004826,0.5253246983873995,1.4234177463013842,1.5012770090701788,2.301071909422565,2.5077743206171803,0.9613243418623896,0.9700064742861753,50.0
D1,WICK_L20_STRICT_RR15,USDJPY,10,50.0,-0.024317754496369526,-0.0024317754496369524,0.9951754426979433,2.3435195502550616,3,11.3,0.2998990940638127,1.4418605507351758,1.9322195289613677,2.107757732195678,1.5392718789743705,2.6971327397599745,0.8504693189141992,0.8041115268077608,70.0
D1,CLOSEFAIL_L20_W8_STRICT_RR15,USDJPY,10,50.0,-0.038569512308632925,-0.0038569512308632924,0.9923638940798839,2.348682650139266,2,12.2,1.0282612869801449,0.6513437545188714,1.9098485213839431,2.1172618852032934,3.2997193278577313,2.2059404150076465,0.8996003991054206,0.908769048548179,60.0
D1,WICK_L20_STRICT_RR15,GBPJPY,19,42.10526315789473,-0.07837981236838965,-0.004125253282546823,0.9919704451850065,4.566008699358833,4,10.157894736842104,0.3444486015604884,1.2602257514377158,1.802025170996473,1.9510694973208744,1.9293028488506958,2.584041393199268,0.8932575822012074,0.8669853685464087,57.89473684210527
D1,CLOSEFAIL_L120_W8_STRICT_RR15,SILVER,7,42.857142857142854,-0.11152122905713724,-0.015931604151019605,0.9695794743969839,2.1989520292640474,2,12.857142857142858,0.951045155042033,0.4597695728374762,1.4482910925806105,1.5394804495296845,1.6318426224184657,8.542133165684334,1.03541740310112,0.7423403055264279,71.42857142857143
D1,WICK_L55_ACTIVITY_RR15,USDJPY,23,43.47826086956522,-0.12307791797926848,-0.005351213825185586,0.9903456449876165,4.043060144003908,2,8.217391304347826,0.24190292760278967,1.1689838641561807,1.7414723617890144,1.8680526623262153,2.737083480225141,2.17499727517327,0.9992915868754849,0.8898448129484879,60.86956521739131
H4,CLOSEFAIL_L55_W8_STRICT_RR15,SILVER,47,44.680851063829785,-0.13357050137532211,-0.002841925561177066,0.9947961326976846,9.131993095810387,6,15.46808510638298,1.2748235648414639,0.5699578853027498,1.8920871986580885,2.0618873750776596,2.136330860824216,1.8979879051983946,1.0849151304065408,0.9108423891100781,38.297872340425535
H4,WICK_L55_STRICT_RR15,CHFJPY,49,38.775510204081634,-0.15977686819013504,-0.003260752412043572,0.9942880369851029,10.478515811174521,8,13.73469387755102,0.28780561339730637,1.2245989235809724,1.7045164841503404,1.8289123105137073,2.224899033983974,1.9197540871864986,1.0941756084426355,0.9024263499826317,55.10204081632652
D1,CLOSEFAIL_L55_W6_BODY_RR15,CHFJPY,67,40.298507462686565,-0.1663251878036739,-0.002482465489607073,0.9954584155996374,6.996211501808222,5,7.417910447761194,0.7016036624534445,0.5989605759762564,1.3220588389967587,1.3553934669320127,2.061088211367421,2.2438613898537163,0.9957732391833344,0.8826935851109499,53.73134328358209
H4,WICK_L120_STRICT_RR15,SILVER,33,45.45454545454545,-0.1698976696914396,-0.005148414233073927,0.9911321620918238,6.767800024386133,5,12.393939393939394,0.30465433637664224,1.3249490385189568,1.9112879561001208,2.0339546565672304,2.4724609497092254,1.8361552946978321,1.1246118940174588,0.9521661668118191,48.484848484848484
H4,CLOSEFAIL_L55_W8_STRICT_RR15,AUDJPY,49,40.816326530612244,-0.317312865674898,-0.00647577276887547,0.9889347210725443,12.261655729571673,7,11.959183673469388,1.0307718679136642,0.5437525789790545,1.6106278534614131,1.7333938214126166,2.2134306597222184,2.510041243962024,0.9567254641267545,0.922804256575901,44.89795918367347
D1,WICK_L55_STRICT_RR15,USDJPY,8,50.0,-0.35470994771408204,-0.044338743464260255,0.912095762361819,1.332004927805097,2,10.5,0.2222673921292308,1.3501997584152217,1.8328844751143356,2.0038796265994403,1.8121860508252556,2.4725426805674466,0.8839586310292149,0.8689338308639338,75.0
D1,CLOSEFAIL_L120_W8_STRICT_RR15,GBPJPY,7,42.857142857142854,-0.4002909653732316,-0.05718442362474737,0.9004474262313581,3.017516897120915,4,12.285714285714286,1.8622140724214737,0.3556698912431118,1.6888972168934644,1.9501748091502937,1.9322646798752203,2.369954174471849,0.8732587488361803,0.88023159482388,28.57142857142857
D1,WICK_L120_BODY_RR15,EURJPY,22,40.909090909090914,-0.5539903518190552,-0.025181379628138875,0.9579047064079104,4.596083999304082,4,6.590909090909091,0.23311539521493865,1.0385697272262902,1.553706080089453,1.6147009279921152,2.0687792440344044,2.134175766967434,1.0530673012607557,0.9489274738702183,45.45454545454545
D1,WICK_L20_RAW_RR15,CHFJPY,214,41.1214953271028,-0.6130152119254904,-0.0028645570650723848,0.9951766309015538,22.212099710212403,8,3.5,0.27317832379642115,0.39659619268967705,1.1579843882545902,1.1892418780655951,2.399907173680598,2.1105508374905875,1.3519467265563003,1.1506809081554854,50.467289719626166
D1,WICK_L20_ACTIVITY_RR15,AUDJPY,30,43.333333333333336,-0.6442679109770528,-0.021475597032568426,0.9609053818132379,8.652523188077788,5,8.333333333333334,0.4149532662490602,1.092902234994564,1.6837402222624596,1.7448123542653542,2.1488215626781115,2.385701076079622,0.9880791163072299,0.8564783911921546,50.0
H4,CLOSEFAIL_L55_W6_ACTIVITY_RR15,SILVER,86,45.348837209302324,-0.648400010112361,-0.0075395350013065235,0.9864370914312696,17.638471237200577,9,15.976744186046512,1.2021343640103717,0.5100932499978198,1.7822534237867314,1.930474269805031,2.137963792583886,1.7434750873558633,1.1032630670340549,0.8607512131173414,46.51162790697674
D1,WICK_L55_RAW_RR15,AUDJPY,110,40.909090909090914,-0.7063858424171046,-0.006421689476519133,0.9890173370633265,14.633899155436678,15,4.409090909090909,0.3265530433248614,0.4950588517316119,1.402161156998965,1.4929239850557094,2.213219360266631,2.3399546079879694,1.1411792737282211,1.1424133224592212,51.81818181818182
D1,WICK_L55_BODY_RR15,USDJPY,36,41.66666666666667,-0.8282233783107871,-0.023006204953077418,0.9602986720222807,4.827892571340351,3,6.694444444444445,0.21562746783829623,0.939515892382808,1.4142746202415841,1.4923411529537318,2.54952416230999,2.3092597957823924,1.0134637755019733,0.9962414177119422,61.111111111111114
D1,CLOSEFAIL_L55_W8_STRICT_RR15,GBPJPY,10,40.0,-1.0213930150906774,-0.10213930150906773,0.7915022111440879,4.112125272869721,5,14.6,1.695698722721951,0.4892855683813567,1.7305018241989027,1.9441447014083455,1.7594436558346689,2.004747055810074,0.7904889261244382,0.7860321151011906,40.0
H4,CLOSEFAIL_L120_W6_ACTIVITY_RR15,GBPJPY,68,39.705882352941174,-1.0448131933900737,-0.015364899902795201,0.9741170112332517,8.273651515346891,6,11.823529411764707,1.0175593946990729,0.5917378409358001,1.583300826532355,1.6787771190785683,2.0892876900174366,2.00372228520352,1.0231069612209025,0.8720276101921657,55.88235294117647
D1,WICK_L20_ACTIVITY_RR15,USDJPY,34,41.17647058823529,-1.0540045564071303,-0.03100013401197442,0.9439610399963241,7.126498211500314,5,8.5,0.26717117044004995,1.1214884807994865,1.6613226829534338,1.7635424187211124,2.3043276200589573,2.231376328144514,0.9468280369737014,0.8810666162757345,55.88235294117647
D1,WICK_L55_STRICT_RR15,CHFJPY,7,42.857142857142854,-1.058933441607762,-0.151276205943966,0.7390033779000375,2.033930112680012,3,13.285714285714286,0.30470717340367276,1.0656665433394001,1.6175226200347996,1.7327008063465161,1.742280442917517,2.0883038956177717,1.0554113763019035,1.0047325910290505,85.71428571428571
H4,CLOSEFAIL_L55_W8_STRICT_RR15,USDJPY,51,41.17647058823529,-1.133536399088563,-0.02222620390369731,0.9628748509570964,7.929298139659883,6,13.098039215686274,1.041831323171321,0.5833085593853299,1.590877500374209,1.7089252438075506,2.17351012170468,1.8102881571753202,0.9959684798374528,0.9058632158869802,45.09803921568628
D1,CLOSEFAIL_L55_W8_STRICT_RR15,XAUUSD,17,41.17647058823529,-1.1981311436459219,-0.07047830256740717,0.8814661818531218,4.345881454046989,4,8.705882352941176,0.99381295322248,0.7067543701544405,1.7971997321541335,1.9497470803268533,2.042634395099405,2.7778936721805447,0.8140593920320035,0.8892553312861106,52.94117647058824
H4,CLOSEFAIL_L120_W8_STRICT_RR15,SILVER,31,45.16129032258064,-1.440499205809812,-0.04646771631644555,0.9162892869961635,9.571693570782937,5,15.064516129032258,1.2387739752247735,0.5600158799306102,1.8726623706656444,2.034055998468682,1.8518326512432435,1.9701342894546128,1.0213547323306247,0.8923341518179918,38.70967741935484
D1,WICK_L55_ACTIVITY_RR15,EURJPY,23,43.47826086956522,-1.4519069879580646,-0.06312639078078541,0.8893578654330611,5.404222212752779,2,7.521739130434782,0.25555155248807326,1.1416875688380932,1.6856048840882052,1.7923727216619343,1.8957887842505705,2.746219741702287,0.9293438622219763,0.9104110032351567,47.82608695652174
D1,WICK_L55_BODY_RR15,SILVER,28,39.285714285714285,-1.7175360616437225,-0.06134057363013295,0.9016517692875946,10.775679848890855,7,6.607142857142857,0.16135514609427118,0.9216399453051303,1.3277078821690667,1.369841516801696,2.389849778253891,4.001939932421926,1.0070416040201913,0.9264661511879805,57.14285714285714
D1,CLOSEFAIL_L55_W6_ACTIVITY_RR15,CHFJPY,19,36.84210526315789,-1.7679981812660894,-0.09305253585610997,0.8544791779031329,3.033235069076304,3,7.368421052631579,0.7536004601446835,0.5624229514751861,1.5273684337372895,1.622425269921625,1.9598743108995316,2.4464317507634825,1.1625271604097729,0.9865452755956708,63.1578947368421
D1,WICK_L120_BODY_RR15,GBPJPY,21,38.095238095238095,-1.8044010437809146,-0.0859238592276626,0.8632107072768891,7.65867349587193,6,5.523809523809524,0.169475513740806,0.9491471955342092,1.391185536734712,1.4724882178116456,2.249272930314089,3.0784118984205753,1.0417885366311583,1.091010214822715,52.38095238095239
D1,WICK_L20_BODY_RR15,SILVER,53,41.509433962264154,-1.905825984286017,-0.03595898083558523,0.9392453052289174,10.199816530340726,8,7.226415094339623,0.20149349838983482,0.9187118195692121,1.3358644717915844,1.3778889508605332,2.2479961952315723,3.258086949255411,1.010065843062207,0.9683548987219959,52.83018867924528
D1,CLOSEFAIL_L20_W6_ACTIVITY_RR15,CHFJPY,34,38.23529411764706,-2.0465787011329915,-0.060193491209793865,0.898022279953863,4.386223344324852,4,8.235294117647058,0.8762057355249123,0.58077792655434,1.5643537437963018,1.660835119529361,2.1990202255123044,2.148542690614839,1.0957896078369362,0.8872038911730127,64.70588235294117
H4,WICK_L20_STRICT_RR15,USDJPY,48,39.58333333333333,-2.108167662956393,-0.04392015964492485,0.928687082088129,8.291833814891596,6,10.145833333333334,0.31494777881320096,1.2073178324087495,1.7418263325307246,1.8698325111978988,2.43734696112189,2.223895976142518,0.9860931227478954,0.969533099679594,47.91666666666667
D1,CLOSEFAIL_L120_W6_ACTIVITY_RR15,GBPJPY,14,42.857142857142854,-2.1451443319391768,-0.15322459513851264,0.7341770159536718,4.32682893874323,3,12.642857142857142,1.4110232661197433,0.441691040140903,1.7029489214043037,1.9055174869267473,2.6031818035038117,1.8591586911983229,0.9699117645636981,0.8506094895810464,50.0
D1,CLOSEFAIL_L20_W8_STRICT_RR15,AUDJPY,15,33.33333333333333,-2.1565334249079484,-0.14376889499386322,0.7573731177288824,4.033086072692254,4,9.6,0.871725851938921,0.721125702721974,1.6617878791045386,1.7367088550054202,1.719805329958383,1.7327730619907986,0.8706662822541819,0.8574466111918927,46.666666666666664
D1,WICK_L120_STRICT_RR15,CHFJPY,6,33.33333333333333,-2.528584958477735,-0.4214308264129558,0.37677656883376165,2.033930112680012,3,14.166666666666666,0.2909815665196796,1.1266890030769077,1.6626682092899887,1.7785928479928363,1.5357308770212983,2.408467350772175,0.9700634134080364,1.152208604806633,83.33333333333334
H4,WICK_L120_ACTIVITY_RR15,CHFJPY,68,39.705882352941174,-2.555064423253522,-0.03757447681255179,0.9359153139263674,13.087171851114974,9,11.073529411764707,0.28287548944913743,1.0597494735289241,1.5332953639421114,1.5865813289615418,2.377690865741054,1.7437072486062897,1.056336345631397,0.9131364955751871,48.529411764705884
D1,WICK_L120_STRICT_RR15,GBPJPY,7,28.57142857142857,-2.5729472030196296,-0.3675638861456614,0.4923538030986293,2.568811622087242,3,6.142857142857143,0.24094679693231943,1.1255505959090615,1.6078041000802892,1.716152600902935,1.4977573352947877,4.033455908871494,0.8378664604273217,1.1630329232664072,57.14285714285714
D1,WICK_L55_ACTIVITY_RR15,GBPJPY,20,35.0,-2.656605101310552,-0.1328302550655276,0.7747434307241129,5.649995573043299,4,7.8,0.2547240769184488,1.168558311279152,1.729649653076605,1.861997567132308,2.3274086603782798,2.8603891477297196,0.8316020085626097,0.9919750871922428,55.00000000000001
D1,CLOSEFAIL_L20_W6_ACTIVITY_RR15,GBPJPY,40,40.0,-2.7673992801805043,-0.0691849820045126,0.8689171742743121,9.80998999421515,9,12.05,1.091461434748161,0.6111753573188752,1.6492758567169155,1.7680234488005553,2.2829312549018708,2.0683833950325106,0.9569069559340802,0.9811422064103595,52.5
D1,WICK_L55_STRICT_RR15,AUDJPY,9,33.33333333333333,-3.006554923199255,-0.33406165813325056,0.4409456143700699,3.0296242963755406,4,11.444444444444445,0.348125873399405,1.2975167365624078,1.838625862282453,1.9448811234328771,2.047598656665502,2.00888140219804,0.8903192732348408,0.9413379739213747,33.33333333333333
D1,WICK_L55_BODY_RR15,EURJPY,32,40.625,-3.0847538658815483,-0.09639855830879838,0.8394534293954086,7.037069090676263,3,7.03125,0.23205914186893184,0.9904571754457405,1.4728429293565268,1.5428440331604347,1.8547600249142273,2.4256618086643287,1.0291603609978508,0.9636085005795209,46.875
H4,CLOSEFAIL_L55_W6_ACTIVITY_RR15,AUDJPY,103,40.77669902912621,-3.096727011276922,-0.03006531078909633,0.9490425948797853,22.92149646180181,7,10.699029126213592,1.0071633517273981,0.5274199208559557,1.5791924567596933,1.6814473665805931,2.2250030107189063,2.3503686178003718,0.9920895018305379,0.922733080400248,45.63106796116505
H4,CLOSEFAIL_L20_W8_STRICT_RR15,AUDJPY,80,40.0,-3.1269801626352267,-0.039087252032940334,0.9344286601303737,16.553873742516487,9,12.775,1.046828408987429,0.5773256950442307,1.6130621968827898,1.7296667959622816,2.1178178432954944,2.4941200180692946,0.9521854721122507,0.9114493319143968,48.75
D1,CLOSEFAIL_L120_W6_BODY_RR15,CHFJPY,44,38.63636363636363,-3.141486599243661,-0.0713974227100832,0.8799436308015159,6.702784402603015,6,6.7727272727272725,0.7268368317284183,0.6192256681865449,1.357030029962963,1.3925316006017354,2.1322215716313297,2.4981938115935662,1.0166599280206803,0.9299142030951248,54.54545454545454
H4,CLOSEFAIL_L120_W8_STRICT_RR15,CHFJPY,29,34.48275862068966,-3.233565659900483,-0.11150226413449942,0.8195074812270042,11.825501349501934,9,12.793103448275861,0.9530594745889007,0.6662964314801771,1.6202785117869187,1.7404394321492835,2.1778791042692776,1.735418049886639,0.9891182441571624,0.8627547005456926,51.724137931034484
H4,WICK_L55_STRICT_RR15,EURJPY,60,38.333333333333336,-3.3410568551912188,-0.05568428091985365,0.9082788137633218,8.20133249435191,5,8.9,0.29452383838136964,1.1746984598867227,1.6477081492842958,1.7672982294385091,2.253499329392929,2.7296801073772152,1.0007281630656724,0.9302897902933063,51.66666666666667
D1,WICK_L20_STRICT_RR15,AUDJPY,12,33.33333333333333,-3.5308480047287887,-0.2942373337273991,0.5224167378687865,3.3110502284376477,3,10.416666666666666,0.35874266466685784,1.2950507980933954,1.8303449956576687,1.9303834097713584,1.7029057022893863,1.9822907255579674,0.8071705166032608,0.9167612791808043,33.33333333333333
D1,CLOSEFAIL_L55_W8_STRICT_RR15,CHFJPY,6,16.666666666666664,-3.5827329716622733,-0.5971221619437123,0.29088275451041873,2.576833699703234,3,10.0,0.8196614583873131,0.6077261104123343,1.5376556400887635,1.7013156273707775,1.3375100796964488,2.277473853443118,0.7289267259021175,1.063290455360872,66.66666666666666
D1,CLOSEFAIL_L55_W8_STRICT_RR15,AUDJPY,14,28.57142857142857,-3.6529957045911488,-0.2609282646136535,0.5892648418321655,3.846546387944067,6,10.142857142857142,0.8740742498236809,0.6968447042637261,1.6267075332901473,1.7123607649408241,1.7998268418575252,1.8480966258880538,0.8725524525469538,0.9127456579110138,42.857142857142854
H4,WICK_L55_STRICT_RR15,USDJPY,30,36.666666666666664,-3.7567173678056447,-0.12522391226018817,0.8061515327858032,8.51771823945856,5,11.033333333333333,0.32755904010684606,1.278403041223803,1.807571043346729,1.9345425025205638,2.2927271252279504,2.4371133735337493,0.9112267652808919,1.0043910301904662,40.0
H4,WICK_L120_STRICT_RR15,EURJPY,36,36.11111111111111,-3.872346702365561,-0.10756518617682115,0.8252560394085018,5.3544746928430405,3,9.944444444444445,0.3081807433736483,1.1685590976879636,1.6623423634141519,1.767844486910548,2.016465166998485,2.799126993877096,1.0019623266811326,0.941906489464185,47.22222222222222
D1,WICK_L20_STRICT_RR15,CHFJPY,13,30.76923076923077,-4.0095415518234105,-0.3084262732171854,0.5275025086129426,4.423507480411622,5,10.23076923076923,0.32946495847458357,1.1699724075196474,1.728732195905734,1.8510962674486797,1.4980185366929382,2.1245831033163967,0.808253371407418,0.9673446340529132,69.23076923076923
D1,CLOSEFAIL_L120_W8_STRICT_RR15,CHFJPY,4,0.0,-4.046485216573207,-1.0116213041433018,0.0,3.0319558364497983,4,8.75,0.7675935958410716,0.5929411502983124,1.6198200473208386,1.7964789374951649,1.1961017654240171,2.8868339146549253,0.6878732340316089,1.2633662770442682,75.0
H4,CLOSEFAIL_L120_W8_STRICT_RR15,EURJPY,32,34.375,-4.29523137408071,-0.13422598044002218,0.7761477492215889,6.4474383539151505,5,12.96875,1.0142444000754,0.6158010765012005,1.6757092775223856,1.8321636879296008,1.9753754174215536,2.530484833440295,1.0059973342785522,0.9963319179040504,50.0
D1,CLOSEFAIL_L55_W6_ACTIVITY_RR15,XAUUSD,25,36.0,-4.318865337999352,-0.17275461351997407,0.7334414283224487,7.00549825084202,4,7.44,0.9368199486377385,0.6415075348363206,1.6857003257188723,1.8009759506193788,1.8569710339452785,3.021339360137423,0.7622503205818965,1.020856588874885,44.0
H4,CLOSEFAIL_L20_W8_STRICT_RR15,USDJPY,87,40.229885057471265,-4.4647289481315,-0.05131872354174138,0.9153769645849136,13.739544583928016,6,12.448275862068966,1.0798418590717584,0.5751070191356386,1.6062451622613463,1.73141012088044,2.120994203135473,2.0424503493840467,0.9596220803215264,0.9025369337550052,47.12643678160919
H4,CLOSEFAIL_L55_W8_STRICT_RR15,EURJPY,51,37.254901960784316,-4.561216051059745,-0.08943560884430872,0.8498881171171419,8.496263436380223,7,10.980392156862745,0.9955041298670352,0.6904611518798404,1.715612864921104,1.8458557737614527,2.093052732977927,2.510271533570736,0.9476233033674286,0.9709862452333339,47.05882352941176
D1,CLOSEFAIL_L120_W6_ACTIVITY_RR15,CHFJPY,12,25.0,-4.6444603514511815,-0.3870383626209318,0.4895615329997171,5.112900833419541,4,7.0,0.7711282628264967,0.5797799120278981,1.5849326831008723,1.700595159147826,2.002420099577954,2.8797027930623105,1.2098958897516188,1.137998705612448,58.333333333333336
H4,WICK_L120_ACTIVITY_RR15,SILVER,65,43.07692307692308,-4.7222578271917754,-0.072650120418335,0.882275167405726,11.59509379840259,7,11.753846153846155,0.3162161205042469,1.1677261397963132,1.7685411823381298,1.880277045056415,2.2913643666267687,1.8340352467588008,1.1250446895421313,0.9280444526776082,47.69230769230769
H4,WICK_L20_STRICT_RR15,CHFJPY,66,36.36363636363637,-5.187150455554372,-0.07859318872052079,0.8713677438481375,15.765350112825937,10,12.212121212121213,0.27575867218130695,1.2214975317059773,1.6859616167018618,1.7930655854560402,2.1125415892050823,2.019312647646839,1.058896742620862,0.9064833288904375,53.03030303030303
H4,WICK_L120_ACTIVITY_RR15,EURJPY,63,38.095238095238095,-5.349238060878895,-0.08490854064887135,0.8612321022251509,9.049891758935168,5,10.047619047619047,0.2956808235440488,1.0468335307383196,1.5418651231964309,1.6228054642499108,2.1283859365436144,2.3705887072185297,1.050881147905446,0.9676123168730283,52.38095238095239
D1,CLOSEFAIL_L55_W6_BODY_RR15,USDJPY,66,39.39393939393939,-5.3621883761913995,-0.08124527842714242,0.8594217720270634,9.951791515139835,4,8.151515151515152,0.8327206362249551,0.5001180714636628,1.3253088190160336,1.3773771792728466,2.6054393344876527,2.471559992823531,1.012267795647103,1.0646384667393276,53.03030303030303
H4,WICK_L55_STRICT_RR15,SILVER,48,39.58333333333333,-5.426806866961729,-0.11305847639503602,0.8172933062693748,11.157208616832307,8,13.25,0.3049399559433245,1.3517943894259588,1.933184847186529,2.0739981037172015,2.215722521872776,1.9478641214083598,1.0712026028881596,0.9962048483984282,39.58333333333333
D1,WICK_L55_ACTIVITY_RR15,AUDJPY,20,35.0,-5.553291304799122,-0.2776645652399561,0.554023911615297,5.63421227883758,4,9.05,0.37212457219889317,1.0994500652940276,1.6288523827495023,1.682890808207961,1.9918119524762965,2.9053247159641518,0.942408346361565,0.945140707381638,50.0
H4,CLOSEFAIL_L120_W6_BODY_RR15,CHFJPY,226,41.150442477876105,-5.609054169248352,-0.02481882375773607,0.9589396169106776,27.905675494150216,9,9.18141592920354,0.8249084606698572,0.4805744709424956,1.1886671517437963,1.2375888980674994,2.39307123323991,2.0095220698767693,1.2504547756672109,0.9640250262031574,52.21238938053098
D1,CLOSEFAIL_L20_W8_STRICT_RR15,GBPJPY,19,31.57894736842105,-5.652103211254087,-0.2974791163817941,0.498125282682268,8.754096628886792,7,12.578947368421053,1.352658352053076,0.5854561256735787,1.7538545311613687,1.9342536410883118,1.6365712134613926,2.2511719293453254,0.7085292134767994,0.8965337436081287,36.84210526315789
H4,CLOSEFAIL_L120_W6_ACTIVITY_RR15,SILVER,59,44.06779661016949,-5.76164660279859,-0.09765502716607781,0.8357997357404293,15.395916294854846,9,16.1864406779661,1.1468297744818803,0.4914574914713443,1.7323642587301973,1.8733614934123444,1.7984108565682686,1.773871720062623,0.9961575108833826,0.8791317336144138,42.3728813559322
H4,WICK_L120_STRICT_RR15,USDJPY,18,27.77777777777778,-5.854253856367096,-0.3252363253537276,0.5588315227612564,10.217230895972396,10,8.055555555555555,0.3351237782099632,1.2300983258185358,1.7939473685742966,1.9454207301228574,2.448282953025522,2.664367368259941,0.8613476816657694,1.1230282443638582,38.88888888888889
D1,CLOSEFAIL_L20_W8_STRICT_RR15,CHFJPY,12,16.666666666666664,-5.96603194471406,-0.49716932872617164,0.33180647957412723,4.960132672755021,4,10.5,1.0813056202593676,0.5713645545992664,1.5857611944427088,1.7395904450203545,1.6134848412952352,2.1811667512143953,0.7201936265087965,0.9328143641987142,66.66666666666666
H4,CLOSEFAIL_L55_W8_STRICT_RR15,CHFJPY,50,34.0,-5.988391618257036,-0.11976783236514071,0.8064550238545063,14.512227992471384,7,12.92,0.9057364932338794,0.665553210380952,1.6503964063908336,1.772694025585091,2.033779241810576,1.9890970577497373,0.9896106339974001,0.9323257928223362,48.0
H4,WICK_L120_BODY_RR15,XAUUSD,84,39.285714285714285,-6.031546836447994,-0.07180412900533326,0.8859930902660437,14.938287567429192,8,8.380952380952381,0.2680043704345457,0.9770090838639509,1.4864552491802978,1.5654865340586124,2.1879030642377786,2.281168106345828,1.2689177311698658,1.1416039975016001,47.61904761904761
H4,WICK_L120_ACTIVITY_RR15,XAUUSD,58,37.93103448275862,-6.101544685037592,-0.10519904629375158,0.8350994790780747,18.764092303458845,8,10.017241379310345,0.3095226830737905,1.1442854195345462,1.7451123938492101,1.850453396995097,2.195082486682248,2.312858078586589,1.1777410077799049,1.0992198731496428,44.827586206896555
H4,CLOSEFAIL_L120_W6_ACTIVITY_RR15,CHFJPY,68,36.76470588235294,-6.127267527321008,-0.09010687540177953,0.856735983178663,21.339347693816336,9,11.426470588235293,0.9376353836383733,0.5811019544936669,1.5076459710441568,1.5827041162566526,2.0192333020653437,1.796880746309471,0.9969279877280492,0.9006290197023733,50.0
D1,WICK_L120_ACTIVITY_RR15,GBPJPY,13,23.076923076923077,-6.136474134258203,-0.47203647186601566,0.39391845659505803,6.623742290393767,5,5.846153846153846,0.21391463492278356,1.1300317764531205,1.6955333475009127,1.841113922134117,2.1721095190327864,3.8450573671194688,0.6934809466898357,1.194375651372502,46.15384615384615
H4,CLOSEFAIL_L20_W8_STRICT_RR15,CHFJPY,81,37.03703703703704,-6.184734444225234,-0.07635474622500289,0.8681575022833935,17.05729484298261,12,14.382716049382717,0.9695211298000856,0.6236217550346272,1.6568398091122578,1.7704639822277948,1.9657010585827663,2.005570270882445,1.0280128514690878,0.9189636848576301,50.617283950617285
D1,WICK_L55_RAW_RR15,USDJPY,119,38.655462184873954,-6.238927006236189,-0.05242795803559822,0.9148606953576258,16.01420568232361,8,3.5210084033613445,0.2934958897016705,0.4915388597510059,1.279677630408178,1.3370721556479015,2.287405265352961,2.3507577128000277,1.1335455760362696,1.136428434638289,49.57983193277311
H4,CLOSEFAIL_L120_W6_ACTIVITY_RR15,XAUUSD,64,37.5,-6.273795144960205,-0.09802804914000321,0.838416990093284,12.231312647471281,8,12.359375,1.1458723968115665,0.5155372617485358,1.7116452566580875,1.8240953583922601,2.1351817622587537,2.2811524973144857,1.0117699165566503,0.9294867966910039,46.875
H4,CLOSEFAIL_L120_W8_STRICT_RR15,XAUUSD,38,34.21052631578947,-6.39547472448959,-0.16830196643393658,0.7341114154422312,7.588237278953154,5,12.5,1.0963538284211978,0.5638830563658,1.6985946082818641,1.8140496659582859,1.993133710616421,2.439036453289744,0.9622430447560745,0.9776265304127456,39.473684210526315
H4,WICK_L55_ACTIVITY_RR15,EURJPY,104,38.46153846153847,-6.568840832832915,-0.06316193108493187,0.8964299746646476,11.865614310602153,5,8.846153846153847,0.301652687043103,1.0775168776350514,1.588418296862302,1.6791690001391637,2.207570983141051,2.429644779413595,1.0106141580650512,0.9518622747570377,54.807692307692314
H4,WICK_L55_BODY_RR15,XAUUSD,139,39.568345323741006,-6.579717401404199,-0.04733609641297985,0.9226691755337652,22.896088446028237,10,9.53956834532374,0.2951278884059798,1.0353991225609873,1.5768415438357255,1.6669401240814812,2.239351049021278,2.2086084774337813,1.237736837953557,1.0421975212343793,51.07913669064749
H4,CLOSEFAIL_L55_W8_STRICT_RR15,XAUUSD,48,35.41666666666667,-7.009455168120696,-0.1460303160025145,0.7682978237254422,7.53405178362301,4,12.020833333333334,1.080240561024363,0.6306337264569046,1.7202796513820415,1.8501747938722497,1.990460744428655,2.5305348198055975,0.9238123581083785,0.9421392995018806,39.58333333333333
H4,WICK_L120_ACTIVITY_RR15,AUDJPY,46,34.78260869565217,-7.505151764439185,-0.1631554731399823,0.7558871094169111,14.858589298283189,7,8.891304347826088,0.316544796952135,1.1563656829051456,1.6855842038352957,1.7952686081589544,2.347400857469766,2.689357349273775,1.0833482187998247,1.0208260013541541,45.65217391304348
D1,WICK_L120_RAW_RR15,CHFJPY,84,36.904761904761905,-7.5656069045108,-0.09006674886322381,0.8564393547937569,12.826130396105848,6,3.0238095238095237,0.27103443759699536,0.3437570040881305,1.100096918566272,1.1389718870721695,2.1989943055552934,2.2476796111887554,1.2405803282161887,1.1249626324839919,47.61904761904761
H4,WICK_L20_ACTIVITY_RR15,USDJPY,136,39.705882352941174,-7.798212694484926,-0.057339799224153866,0.9049647925814926,16.333407406547202,5,9.683823529411764,0.31081699237746163,1.1113931528569718,1.6637535185047185,1.7434765262059595,2.165954345302126,2.385944981284884,0.9980559807559527,0.9863755170107905,50.73529411764706
H4,WICK_L120_STRICT_RR15,XAUUSD,33,33.33333333333333,-7.899209515985432,-0.2393699853328919,0.6514973254507678,14.637666045194585,9,10.848484848484848,0.25880139396105395,1.2226751668701143,1.7070613054622084,1.819154713288265,1.8564011990799134,2.2809587474211828,1.2128019261886318,1.1776944074075744,36.36363636363637
D1,WICK_L20_BODY_RR15,USDJPY,63,36.507936507936506,-7.9790267871197615,-0.12665121884317082,0.7957941612882387,15.012953883929056,7,6.5396825396825395,0.22691550570502256,0.8540502617212863,1.295012673069604,1.3425349987233812,2.176484533969419,2.3343287403383277,0.9892594705950425,1.0418958190144378,57.14285714285714
H4,CLOSEFAIL_L20_W8_STRICT_RR15,EURJPY,89,38.20224719101123,-8.131820774881067,-0.09136877275147266,0.8489163350500357,18.574617959124616,13,11.752808988764045,1.0260408584923562,0.6111858911745724,1.6731158588061876,1.791649740019565,2.130209175866262,2.499017479639177,0.9811091369589855,0.9714084315512449,50.56179775280899
D1,WICK_L20_BODY_RR15,GBPJPY,54,35.18518518518518,-8.465992959641111,-0.15677764740076133,0.7519550239493238,13.945748711499053,7,6.833333333333333,0.23477853378269523,0.9544756330801625,1.3988388150170559,1.466524356190362,2.257863218767596,2.5294380024691994,0.9596455095333363,1.0287563988372244,46.2962962962963
D1,WICK_L20_ACTIVITY_RR15,GBPJPY,37,32.432432432432435,-8.628236784157,-0.233195588761,0.6392848357109158,13.109803210468122,6,8.0,0.2961585277359882,1.118619854962835,1.6671543969500973,1.762491175497359,2.155652000661769,2.7450560644160893,0.8013663937326692,1.0007093128173146,45.94594594594595
H4,WICK_L20_STRICT_RR15,EURJPY,88,36.36363636363637,-8.854371416461092,-0.10061785700523967,0.8399153230737921,17.30476990290767,10,9.090909090909092,0.28922494858004505,1.1536817357780842,1.6237939868189684,1.7399763765220262,2.1026115266379404,2.6949234201245957,0.9564171780700381,0.9329091761860017,50.0
H4,WICK_L120_BODY_RR15,AUDJPY,81,37.03703703703704,-9.014345797284122,-0.11128821971955706,0.8289792329939826,12.261391643253987,5,6.333333333333333,0.26399725706496696,0.8916415191602206,1.3459660718665891,1.4107580591727098,2.214342828545076,2.5812621209710636,1.1195474446040432,1.0496264279674663,51.85185185185185
H4,CLOSEFAIL_L20_W6_ACTIVITY_RR15,GBPJPY,174,38.50574712643678,-9.096479995589307,-0.052278620664306365,0.9136211667264984,23.79701486044899,9,11.557471264367816,1.0108913700482,0.6157798776441944,1.6311391266972455,1.7419238509696984,2.0507978706057406,2.3239941412267386,0.963648317899281,0.9267910404807145,50.0
D1,WICK_L20_BODY_RR15,AUDJPY,46,34.78260869565217,-9.453859657556215,-0.2055186882077438,0.682136878481147,12.580361987414005,6,6.717391304347826,0.319577091231893,0.8769158615895746,1.3601394253114267,1.3891062249634907,1.9542048483511836,2.5213376551745483,0.9812411201890111,1.0373786598157078,39.130434782608695
H4,WICK_L120_BODY_RR15,CHFJPY,117,38.46153846153847,-9.507525582739008,-0.08126090241657272,0.869236125148448,17.844344969177413,11,7.615384615384615,0.2345924351563404,0.8562833005421469,1.2712946530537774,1.3035000022818497,2.39585915590689,1.9206612774585354,1.0722696240825547,0.9598435102799618,49.572649572649574
H4,CLOSEFAIL_L120_W6_BODY_RR15,XAUUSD,189,40.21164021164021,-10.22913413416838,-0.054122402826287726,0.9099138298989873,24.182105097484612,8,10.88888888888889,0.9848078128467951,0.45101888059216144,1.3154359794602133,1.3917173569536778,2.1898505997774573,2.240880882960547,1.0467539327744013,0.9782871092809485,49.735449735449734
D1,WICK_L20_RAW_RR15,XAUUSD,217,40.09216589861751,-10.396831288020923,-0.04791166492175541,0.92229959082924,21.746931621577897,6,3.129032258064516,0.309656692883704,0.44351837667525806,1.229321682509037,1.2741647647417524,2.5076530545850617,2.4107036326669258,1.1628614125143535,1.1931196390900465,54.83870967741935
H4,CLOSEFAIL_L20_W8_STRICT_RR15,SILVER,75,40.0,-10.509534335512933,-0.14012712447350578,0.7727030464090653,24.878001192211322,10,14.72,1.1748434360726983,0.6591581719186579,1.8737226986911413,2.0422678025194725,1.8827790498327108,2.1073882578228136,0.972264434375024,0.9743665856009106,38.666666666666664
H4,CLOSEFAIL_L55_W6_ACTIVITY_RR15,CHFJPY,110,36.36363636363637,-10.529189974262822,-0.09571990885693475,0.8477684956798497,24.86418033951246,10,11.636363636363637,0.8939415573904017,0.5687088698088892,1.5281573525945062,1.6078600394028713,2.0066644522794177,2.0222010710233396,1.011165504916121,0.9689066755501852,47.27272727272727
H4,CLOSEFAIL_L55_W6_ACTIVITY_RR15,XAUUSD,92,36.95652173913043,-10.546371288087995,-0.1146344705226956,0.8148706027119778,18.349512077124484,8,12.141304347826088,1.0951963244805696,0.5428717706325722,1.7060090766481644,1.818596411884304,2.1250031128741305,2.258816646655233,1.0300602369232517,0.9287831183529308,50.0
D1,WICK_L55_RAW_RR15,GBPJPY,115,36.52173913043478,-10.727241836944161,-0.09328036379951445,0.8517449781286722,20.529446433374687,8,3.252173913043478,0.27256897024609356,0.4532348606535648,1.2882511063220368,1.3615635698039787,2.5582931728079443,2.7420998148383458,1.160911891324849,1.1568712309861953,52.17391304347826
H4,WICK_L55_ACTIVITY_RR15,SILVER,100,41.0,-10.993770690984238,-0.10993770690984238,0.8257122148150356,19.580375169291564,12,12.4,0.3316410937917235,1.1767637496933816,1.7867381798226005,1.9034243775847124,2.2292398098790005,1.9241134910023927,1.1444003055414032,0.9768156982315904,49.0
H4,WICK_L55_ACTIVITY_RR15,XAUUSD,96,36.45833333333333,-11.247750913268693,-0.11716407201321555,0.8148101117280743,25.204835876342777,10,11.40625,0.3513432536737298,1.2119662603024073,1.8604583905252738,1.984084070781772,2.1987524393608413,2.2503338147554257,1.1569554841017604,1.0266348904760922,47.91666666666667
H4,WICK_L120_STRICT_RR15,AUDJPY,23,21.73913043478261,-11.38491858266343,-0.4949964601158013,0.38157323219873684,13.306031808121473,13,11.08695652173913,0.2730034993374928,1.1652603802212105,1.5995327866727214,1.7289995378580918,1.7770775825817986,3.266235826819255,0.880844809504749,1.1770696479419025,47.82608695652174
H4,CLOSEFAIL_L55_W6_BODY_RR15,USDJPY,318,39.937106918238996,-11.460236178184042,-0.03603847854774856,0.9399724040482111,24.8638622710961,12,9.5062893081761,0.8784610035944557,0.47047105944474343,1.2466839863176118,1.309044590302931,2.2421940185557085,2.0889535239905044,1.068826838778507,1.0104398742017688,49.056603773584904
H4,CLOSEFAIL_L20_W6_ACTIVITY_RR15,SILVER,134,41.7910447761194,-11.511008855534683,-0.0859030511607066,0.855672614988481,28.248564898083746,8,14.64179104477612,1.1331395210336261,0.5626183364018184,1.761683393259314,1.9037725407721995,1.9522242454042482,1.9660731205245698,1.0214940498886584,0.9276031955410567,44.776119402985074
H4,CLOSEFAIL_L120_W8_STRICT_RR15,USDJPY,35,28.57142857142857,-11.626400998638347,-0.33218288567538135,0.5427791906506048,13.495954396882993,11,12.714285714285714,1.0818045675093584,0.6070565722090117,1.6061013112182858,1.7292714504469693,2.128909405467847,2.002991871530533,0.9145709660026264,1.0159336711947031,42.857142857142854
D1,WICK_L120_RAW_RR15,SILVER,56,35.714285714285715,-12.11451980198749,-0.21633071074977658,0.6907397415428235,15.836743583223319,8,4.482142857142857,0.28408904411501135,0.5796478417919361,1.4436172500409623,1.5479569872666876,2.5827487267458342,3.5904359785678737,1.1196304952640173,1.1888483484795687,50.0
H4,WICK_L120_STRICT_RR15,GBPJPY,29,24.137931034482758,-12.262132728581445,-0.4228321630545326,0.4235639608968193,11.381887743617261,6,14.89655172413793,0.2757322010378821,1.3931765645117995,1.8805853404375545,2.1167793863372673,1.6375632810329153,2.0881809466219083,0.7161956384401518,1.0303433747040127,41.37931034482759
H4,WICK_L55_ACTIVITY_RR15,CHFJPY,114,36.84210526315789,-12.303305797624539,-0.10792373506688192,0.8279585791717846,21.708146438118767,9,10.798245614035087,0.2900895110830029,1.0556685490283713,1.5527667120570636,1.6234718741939982,2.2276595681158544,2.0079889209821573,1.0287112117563404,0.9558307393005164,45.614035087719294
H4,CLOSEFAIL_L120_W6_ACTIVITY_RR15,USDJPY,60,33.33333333333333,-12.653545753305263,-0.21089242922175438,0.6835980800666098,14.280740072625703,7,10.85,1.0711552087811158,0.5236582987948124,1.5197764437918964,1.6143862894860599,2.1418287556782674,2.1221607270163694,0.9122863133548578,0.9602282523568084,50.0
H4,WICK_L20_ACTIVITY_RR15,XAUUSD,155,38.064516129032256,-12.786372957349482,-0.08249272875709343,0.866883217434485,26.869907551973434,9,11.658064516129032,0.329400541673606,1.1816563479353026,1.8157546874802302,1.9194925879701552,2.1695119519957853,2.1629807557867897,1.1622009326992966,1.005928342149827,50.967741935483865
H4,WICK_L55_STRICT_RR15,AUDJPY,45,28.888888888888886,-12.974905830702891,-0.2883312406822865,0.5919670985620721,18.451340496039514,12,10.822222222222223,0.2643367921727484,1.1494145334967922,1.5868952693970688,1.6869909820943478,1.7878204011041816,2.60884526412131,0.9497192520613417,1.0597017101150543,51.11111111111111
H4,WICK_L120_BODY_RR15,EURJPY,98,35.714285714285715,-13.123444248152046,-0.13391269640971476,0.7898327272308454,17.997589292064767,8,8.520408163265307,0.25761177296766313,0.8746855647852259,1.3114217732370566,1.3747356951492158,2.093065285960835,2.21921318881682,1.024534273710989,0.9993067028018341,50.0
H4,WICK_L55_STRICT_RR15,XAUUSD,48,31.25,-13.29385519994652,-0.2769553166655525,0.608522856224695,18.428041271880332,9,11.041666666666666,0.28386535877945607,1.358700735079605,1.86822150187189,2.0143813618043587,1.9467737256095232,2.3596982398398576,1.1292667501224416,1.1196308863553683,35.41666666666667
D1,WICK_L55_BODY_RR15,AUDJPY,28,25.0,-13.71088139646151,-0.48967433558791107,0.334732727206257,12.695172358356732,7,7.142857142857143,0.31604297670763615,0.9388061793362297,1.414866770889166,1.4533059644743642,1.6757013964882215,3.1293091868389387,0.8492143224708011,1.1359520380060208,35.714285714285715
H4,WICK_L55_ACTIVITY_RR15,USDJPY,82,35.36585365853659,-13.813552190150329,-0.16845795353841864,0.7410748423379039,17.71264094715752,5,9.439024390243903,0.32307967302044877,1.1456840428712023,1.7135795993085101,1.807317287646202,2.1688459708772463,2.5067763000933545,0.8792356196916866,1.033571103061807,43.90243902439025
D1,WICK_L120_RAW_RR15,GBPJPY,68,32.35294117647059,-14.150083866854315,-0.20808946863021052,0.6935200979996469,20.592179539091404,13,3.5,0.25270363846849037,0.4654389621444624,1.2341522126600393,1.2917221911823642,2.519132658023507,2.8850504692011127,1.1837255969600557,1.2719135888841162,48.529411764705884
H4,WICK_L120_BODY_RR15,SILVER,91,40.65934065934066,-14.41441362996547,-0.15840014977984032,0.765210741476312,22.66657569510272,6,9.538461538461538,0.26538506284674224,1.0017226956601473,1.5135192402461382,1.5920893330282542,2.3018810664886513,1.83809523033894,1.1596865208449019,0.9797125856557675,48.35164835164835
H4,WICK_L120_ACTIVITY_RR15,USDJPY,52,30.76923076923077,-14.771775837642135,-0.28407261226234876,0.5898198929465791,18.049540947593037,6,8.326923076923077,0.33133010262388524,1.1283569484914633,1.7205663209828377,1.815094113167674,2.0519973550875275,2.6635229075377187,0.8023348508583557,1.0827071975204146,40.38461538461539
H4,WICK_L120_RAW_RR15,AUDJPY,379,40.369393139841684,-14.929416690050743,-0.039391600765305394,0.9369778312780143,38.79196253422961,11,3.474934036939314,0.3059250251589718,0.4110711978759902,1.2509214397458583,1.305814666996289,2.36117872415871,2.484171680851075,1.2694970478353373,1.1485479184066034,48.284960422163586
H4,WICK_L55_BODY_RR15,USDJPY,150,38.0,-15.391973322179858,-0.10261315548119905,0.8375259162578749,19.82814478901436,8,7.04,0.2514225085502574,0.8970397654526986,1.3905280268289186,1.4527170277291603,2.334065438318609,2.5329004979922716,1.0741908818955566,1.1097611556131541,46.666666666666664
H4,CLOSEFAIL_L120_W6_BODY_RR15,GBPJPY,228,38.15789473684211,-15.666071565356804,-0.06871084019893335,0.8905382357770145,24.774939579512953,10,8.43859649122807,0.8568867423569553,0.4914406620182659,1.244853666648574,1.2932917129155392,2.1905757844316414,2.415984954230724,1.0462333447370213,0.9872088838035653,49.122807017543856
H4,CLOSEFAIL_L120_W6_BODY_RR15,USDJPY,209,38.75598086124402,-15.703775308388291,-0.07513768090137939,0.878584054916165,24.163075965668444,13,9.009569377990431,0.8670861027699697,0.5009574792395209,1.2626621144460393,1.3247450288890352,2.314383780754911,2.2065553382261216,1.0951979763187119,1.0308231129718934,49.760765550239235
H4,WICK_L120_BODY_RR15,USDJPY,98,35.714285714285715,-15.75169036898895,-0.16073153437743826,0.7536184855283634,17.74254412047211,6,5.86734693877551,0.25242530401117896,0.8737485738037903,1.3747186464395045,1.4364941193679566,2.423031386037413,2.6698086026064227,1.0357951516461394,1.129757582796295,45.91836734693878
H4,WICK_L20_STRICT_RR15,SILVER,75,36.0,-15.79921604235941,-0.21065621389812547,0.6899882397704162,19.727494638965624,11,12.52,0.3047189036267817,1.3417584802437594,1.9199986785480174,2.0527595005675545,1.9439965488078137,2.092283454960596,0.9952485476765494,1.0472378981447494,42.66666666666667
H4,WICK_L20_BODY_RR15,XAUUSD,229,38.864628820960704,-15.924613407085717,-0.06953979653749222,0.888390099488127,27.259636614669063,11,9.270742358078603,0.2766821697317838,0.9859712029890172,1.511646847260445,1.582668214026048,2.1457763652383055,2.212536130141181,1.193183562626536,1.0404438732224321,50.65502183406113
H4,WICK_L120_BODY_RR15,GBPJPY,109,36.69724770642202,-16.2252299609885,-0.14885532074301377,0.7677528481574779,20.52940114025452,8,8.577981651376147,0.22051343054546674,0.9289410424228097,1.33427971516341,1.4175806546712526,1.84895628254752,2.300623565572387,1.0405295947053066,0.9837968609628248,44.95412844036697
D1,CLOSEFAIL_L20_W6_BODY_RR15,USDJPY,112,37.5,-16.561921872716958,-0.14787430243497285,0.7555368193830224,20.197098578830815,7,8.482142857142858,0.8721513561878289,0.5065832967799492,1.3412842279862751,1.3965403357573842,2.3292479796781445,2.4284303507316127,0.9312852100325024,1.0165131428559244,49.107142857142854
H4,WICK_L20_STRICT_RR15,GBPJPY,80,32.5,-17.451842970166805,-0.21814803712708505,0.6642446466733262,16.436147602547287,6,13.3375,0.28877434733768625,1.3369679244831967,1.8167019855550255,1.9764372935270003,1.7651022853413534,2.281956361705041,0.8398550827009685,0.9683972147696641,42.5
H4,WICK_L55_BODY_RR15,CHFJPY,188,37.765957446808514,-17.79651779569211,-0.09466232870048995,0.8502439040592648,26.143552214926274,11,8.079787234042554,0.24333987237041368,0.8705299936374796,1.2990666128289632,1.3430515104839442,2.3266050054064005,2.02267589707753,1.0721922817312097,0.9671220727759775,47.340425531914896
H4,CLOSEFAIL_L20_W8_STRICT_RR15,XAUUSD,70,31.428571428571427,-18.446869946002067,-0.2635267135143152,0.6163266038358008,18.81346829138145,6,12.571428571428571,1.0193953102620064,0.6857685998507256,1.8170272779504566,1.94037555203167,1.9090973249929126,2.4519128800154033,0.8968123076505686,1.009257409465394,35.714285714285715
H4,WICK_L55_ACTIVITY_RR15,AUDJPY,96,33.33333333333333,-18.46353096996941,-0.192328447603848,0.714230322397037,27.93084102853068,8,9.427083333333334,0.2752629439493261,1.1333073404556313,1.617167415513962,1.6971829444732311,2.0639664660785177,2.3179287137558893,1.0141935907653366,1.0131739331830962,48.95833333333333
H4,WICK_L20_STRICT_RR15,XAUUSD,72,30.555555555555557,-19.05921965986395,-0.2647113841647771,0.6188018290653103,25.161473849880192,8,12.152777777777779,0.2682172408629288,1.3569920998938823,1.8530070610347724,1.9910577937479976,2.000820797450281,2.2052719561648244,1.1381069850712582,1.0784655977187887,37.5
H4,WICK_L20_STRICT_RR15,AUDJPY,72,31.944444444444443,-19.179634441292563,-0.26638381168461894,0.6074689042591913,22.41119264337777,8,12.097222222222221,0.2653040036370082,1.1786310191168827,1.616672564280794,1.6955776525054636,1.7291466454276074,2.431727142280172,0.9678690236448401,1.0391439085644647,50.0
H4,WICK_L120_RAW_RR15,CHFJPY,444,40.99099099099099,-19.49444190879779,-0.04390640069549052,0.9301471747847286,34.44354322625503,10,4.04954954954955,0.2819429175467406,0.41387640225981687,1.215157511515629,1.2647410499087377,2.6716244152461748,2.0724969437802754,1.2026882984482021,1.1115105478834155,50.0
H4,CLOSEFAIL_L55_W6_BODY_RR15,CHFJPY,346,39.59537572254335,-19.704597225822113,-0.0569497029648038,0.9075668723747002,41.378708504993305,11,9.239884393063583,0.8196127188156906,0.46852039566728143,1.1964617193668128,1.2435731848066123,2.3311697878577955,2.0790841979691304,1.1892623328654317,0.9948438171999304,50.28901734104046
H4,CLOSEFAIL_L55_W6_BODY_RR15,GBPJPY,365,38.9041095890411,-20.36061090299502,-0.055782495624643894,0.9095799755216714,33.4249410482334,10,8.983561643835616,0.8677629133962643,0.5130673427439723,1.2667074473789492,1.3243093247551312,2.1318266028843453,2.4487838035885754,1.0435503138570943,0.9764255294341343,47.94520547945205
D1,WICK_L55_RAW_RR15,SILVER,118,38.13559322033898,-20.408720101691966,-0.17295525509908447,0.7475620726659279,28.841165289110428,10,4.016949152542373,0.2826146747136152,0.4921023261365188,1.2855327067796773,1.350109648406429,2.3176377464492344,2.65185282869855,1.1469982795813545,1.1161881172473076,48.30508474576271
H4,CLOSEFAIL_L55_W6_BODY_RR15,XAUUSD,289,39.10034602076124,-20.51476248540852,-0.07098533731975266,0.8836541861256729,39.64152325479964,14,10.176470588235293,0.9337452617377154,0.44470138957797406,1.2640399509444573,1.327613679374695,2.263711724282927,2.2691622748272224,1.054902071180369,0.9973777844357169,50.17301038062284
H4,WICK_L55_BODY_RR15,EURJPY,174,36.206896551724135,-20.568608413890537,-0.11821039318327894,0.8150089542878729,27.338162557478245,9,7.35632183908046,0.24834832386995345,0.8864668427169975,1.3235468820308645,1.3846890992284515,2.187980975764447,2.223553776847336,1.0181628046485838,0.9852370473978641,50.0
H4,CLOSEFAIL_L20_W6_ACTIVITY_RR15,AUDJPY,164,35.97560975609756,-20.60077445739915,-0.12561447839877532,0.8003081098329875,38.55661508081052,10,11.573170731707316,0.9997644387364878,0.5318276924806531,1.5473397199775532,1.6296762973709868,2.08260256898933,2.3917454447644464,0.9612340937179253,0.9666035877821544,46.95121951219512
D1,WICK_L55_RAW_RR15,XAUUSD,128,35.9375,-20.744779014131815,-0.1620685860479048,0.7541607698488608,24.307847526740087,8,3.6484375,0.36373177445407,0.46967509829556103,1.2981862164024198,1.3594182593807684,2.2725366341772903,2.879442150633918,1.0079065354111583,1.2358383572496958,50.78125
H4,WICK_L20_BODY_RR15,EURJPY,296,37.83783783783784,-21.93541527488918,-0.07410613268543642,0.8813313091370575,37.80143294419613,14,6.554054054054054,0.24975129685327765,0.8397657889961225,1.2649604937912924,1.3118108120187186,2.286353052393576,2.308693648940189,1.0203124830543395,1.0018092125025013,49.66216216216216
D1,WICK_L120_RAW_RR15,XAUUSD,89,32.58426966292135,-22.292587895284775,-0.250478515677357,0.638684357820359,25.4024894884814,8,3.561797752808989,0.3644885780718136,0.5293281326459843,1.3785051289512804,1.4529466895604424,2.4634615275552147,3.024622815304487,0.9984539637650912,1.3334977424742893,48.31460674157304
H4,CLOSEFAIL_L55_W6_BODY_RR15,AUDJPY,333,39.33933933933934,-23.041211103204574,-0.06919282613574947,0.8873687505799195,36.37302060810468,8,9.258258258258259,0.8971060054431508,0.48079491080423536,1.2683720542525598,1.32891399012444,2.143380320601176,2.460128317394186,1.001222174743976,0.9984831619490507,43.24324324324324
H4,WICK_L120_ACTIVITY_RR15,GBPJPY,64,28.125,-23.37705357415464,-0.36526646209616626,0.4808461281162956,22.959016503838658,7,12.921875,0.2691596852330617,1.2101670832702278,1.7049018720248177,1.8277622436441145,1.75620950149486,2.106721512641613,0.8524944814678987,1.0161330450649246,42.1875
H4,CLOSEFAIL_L55_W6_BODY_RR15,SILVER,265,43.39622641509434,-23.728496457128553,-0.08954149606463604,0.8595960367139145,32.814841096762365,8,10.984905660377358,0.9529214196760027,0.4736873932824307,1.3160908624029803,1.389005563042284,2.218222079294932,1.9412297171779405,1.141334404375591,1.0103890514948979,51.698113207547166
D1,WICK_L20_RAW_RR15,USDJPY,208,36.05769230769231,-23.92604500503689,-0.11502906252421582,0.8203863899508593,31.466719081201383,9,3.3798076923076925,0.2881953435867652,0.4446966194645366,1.197696368061418,1.2376926444421332,2.0915875704410616,2.318334051602655,1.1369472778245902,1.1476536875236958,48.55769230769231
H4,WICK_L55_STRICT_RR15,GBPJPY,53,22.641509433962266,-24.78220146443635,-0.46758870687615756,0.37953658374698307,23.90195647947217,8,13.773584905660377,0.2969061943944903,1.3758388283349692,1.8727521510795013,2.0697018898209483,1.4705185201895559,2.574952383145357,0.6561844435182311,1.0877297607578031,33.9622641509434
H4,WICK_L120_RAW_RR15,XAUUSD,389,40.102827763496144,-24.967592717560695,-0.06418404297573443,0.8992776348243335,41.063470224734665,8,4.249357326478149,0.32797524000508127,0.4385584440441193,1.336676670719258,1.398176234665586,2.1251301986774993,2.5066872135697804,1.2749511050888003,1.2325514686345,48.84318766066838
H4,WICK_L20_BODY_RR15,USDJPY,251,37.84860557768924,-25.472179834983585,-0.1014827881871856,0.8393787432735371,30.495428038004896,7,6.8804780876494025,0.23670243158737753,0.8880203621354412,1.3441601185359526,1.3959780607818861,2.197705386091894,2.4561872406030236,1.0902737804063514,1.0870289410758518,49.00398406374502
H4,WICK_L20_ACTIVITY_RR15,SILVER,155,38.70967741935484,-25.840398422587548,-0.1667122478876616,0.7521293443001952,34.67861160605456,11,11.316129032258065,0.3176166252928793,1.1924484409357736,1.8009596473208045,1.910469189494888,2.1285907750067876,2.0243706999161146,1.0694278091524676,0.9996570717788612,47.74193548387097
H4,CLOSEFAIL_L20_W6_ACTIVITY_RR15,XAUUSD,142,34.50704225352113,-26.128847929282564,-0.1840059713329758,0.7198182393312151,30.340957770190087,9,12.690140845070422,1.0210052644579417,0.5881905039474313,1.731044375799041,1.8264111675050612,1.9678853276559702,2.220130143184052,0.993001089278837,0.992149189502157,47.183098591549296
H4,WICK_L55_BODY_RR15,SILVER,141,39.00709219858156,-26.597148603062962,-0.18863225959619123,0.7256994488285107,37.0226278810279,11,9.907801418439716,0.285698246880601,0.9921593273557328,1.5186934108537995,1.6010804221127881,2.238416206588753,1.9227591484701383,1.1456495125360755,1.024450238648655,49.645390070921984
H4,WICK_L55_BODY_RR15,AUDJPY,155,34.193548387096776,-27.425621523984553,-0.17693949370312614,0.7366652936065529,30.71340076897175,8,7.225806451612903,0.24501394278050923,0.9374637870217005,1.3874639205045902,1.4451018781692615,1.97538457319463,2.3587945125933967,1.0331290934044377,1.0781166897727221,51.61290322580645
H4,CLOSEFAIL_L120_W6_BODY_RR15,SILVER,160,41.25,-28.58352029505132,-0.17864700184407073,0.7378929688690085,39.4520260218458,9,10.94375,0.9406312672079921,0.47358906591599376,1.3306107514441243,1.4053631582883273,2.019643833547639,2.055631450984538,1.1053069502129327,1.0670081222778829,46.25
H4,WICK_L20_BODY_RR15,GBPJPY,280,37.857142857142854,-28.865745610460067,-0.10309194860878595,0.8358886262329979,31.497171349667862,11,8.196428571428571,0.2543693671289799,0.9446459562633298,1.3902291286202901,1.455202096647373,2.033474209569223,2.323629114120897,1.0436388229915037,0.9735920382097455,46.07142857142857
D1,WICK_L20_RAW_RR15,SILVER,222,39.63963963963964,-28.953578661718872,-0.13042152550323816,0.8031623156465246,32.90779979629938,12,3.779279279279279,0.28623260247773896,0.43452166929932506,1.2007806066549596,1.2389235054888998,2.295555292921857,2.4339114564349855,1.2067019532028271,1.1325615772912008,48.1981981981982
H4,WICK_L55_BODY_RR15,GBPJPY,171,35.08771929824561,-30.45905631012188,-0.17812313631650223,0.7285907448940169,31.924747196744658,10,8.415204678362572,0.25274329007954394,0.9585931463616837,1.4022546403971163,1.4866482862445016,1.880944911373248,2.4933756346464513,1.0114650506062566,1.024608731828442,42.10526315789473
H4,CLOSEFAIL_L20_W6_ACTIVITY_RR15,CHFJPY,180,35.0,-30.675348898813528,-0.1704186049934085,0.7356103873440052,44.40181802260866,9,11.877777777777778,0.926909766129103,0.5491970565505488,1.5123725970805761,1.584922684938328,1.9150129182917757,2.1700232000193838,0.9625425112954569,1.0129892061444883,43.333333333333336
H4,WICK_L20_ACTIVITY_RR15,AUDJPY,152,34.21052631578947,-30.792168960864863,-0.2025800589530583,0.6958721080426903,38.286978466716704,9,10.657894736842104,0.2824367696194141,1.1242989129006227,1.6146267443104818,1.6761867726909394,1.9973524904980517,2.224674489248268,1.0187620222428635,1.0235240741470908,51.31578947368421
H4,WICK_L20_ACTIVITY_RR15,GBPJPY,171,34.50292397660819,-32.02859110785114,-0.1873017023850944,0.7102105535740308,32.93750284017124,10,11.216374269005849,0.3054194120863067,1.1790424508835244,1.7063077118046424,1.8099295871204342,1.9417225117762573,2.3496914774799533,0.9721892604957397,0.9812647369035323,46.198830409356724
H4,CLOSEFAIL_L20_W6_BODY_RR15,EURJPY,561,39.39393939393939,-33.188789024408706,-0.05916005173691392,0.9029906312140974,50.20594231534841,10,8.705882352941176,0.8589626900016399,0.4969099951744815,1.2294438889674064,1.2834088302432038,2.252923968105535,2.4054470642524763,1.0674575674852695,0.9945267186886126,48.484848484848484
H4,WICK_L120_RAW_RR15,EURJPY,419,38.424821002386636,-34.741800002923725,-0.08291599046043849,0.8697621945469958,47.69228859971373,14,4.212410501193317,0.2935005934848234,0.435084187719325,1.2432939387568969,1.3028545178340645,2.3321580401033764,2.362771228960605,1.2188693811158449,1.1639079237231547,49.64200477326969
H4,CLOSEFAIL_L20_W6_BODY_RR15,GBPJPY,552,38.405797101449274,-36.88270274327402,-0.06681649047694568,0.8921401481576473,69.23803910800592,11,9.221014492753623,0.880067414701751,0.5193334701197027,1.2708986966932794,1.3239909941177364,2.1720062112089273,2.4133106171963474,1.006315956588687,0.97163972041604,47.10144927536232
H4,CLOSEFAIL_L20_W6_BODY_RR15,USDJPY,545,38.899082568807344,-37.17345241097758,-0.06820816956142675,0.8885252011469642,53.013325433398784,15,9.460550458715597,0.8762687980707575,0.46574164373982196,1.235049335220211,1.2868932798003292,2.1192111809244376,2.163038912380335,1.0570881215344683,1.0027857760991374,50.825688073394495
H4,WICK_L55_ACTIVITY_RR15,GBPJPY,108,27.77777777777778,-38.851510144312584,-0.3597362050399313,0.4953719114831709,38.4334730739966,7,11.824074074074074,0.3010851124520799,1.2098233898328141,1.7300657686398158,1.8545450893273048,1.7351790279590231,2.6123190990955374,0.8349777946793241,1.0608339279719066,39.81481481481482
D1,WICK_L20_RAW_RR15,GBPJPY,207,33.33333333333333,-39.27067089584685,-0.18971338597027462,0.7169368348004849,43.82119342805055,9,3.207729468599034,0.29063786199378766,0.4192064126392357,1.2059690885441465,1.2465241619641505,2.303983726663647,2.520947740405197,1.1601963807953986,1.1484033818765857,45.893719806763286
H4,CLOSEFAIL_L20_W6_BODY_RR15,CHFJPY,544,39.154411764705884,-39.36569833509874,-0.0723634160571668,0.8829714389576239,52.7714885199178,11,9.547794117647058,0.8494704548970006,0.4575064392123235,1.1949818444527969,1.2377574705762893,2.1820996451079933,2.09734300684024,1.1292669341366803,0.9820880435946026,48.713235294117645
H4,WICK_L20_BODY_RR15,AUDJPY,268,35.82089552238806,-41.5117544971433,-0.15489460633262425,0.764431302172048,46.00799350133763,7,7.735074626865671,0.2362756632308074,0.906262770039744,1.3270930481207217,1.3623239361792951,1.955062314281085,2.3097838010297433,1.0497937730258529,1.0813389325626372,50.74626865671642
H4,WICK_L55_RAW_RR15,XAUUSD,623,39.807383627608345,-42.18603604289552,-0.0677143435680506,0.8939017793595437,62.732078634430344,13,4.414125200642054,0.33182929533103017,0.4435976320714883,1.3650636890031345,1.4302343378555735,2.226978060700099,2.3611615406429682,1.2543175921335776,1.233992629190263,48.95666131621188
H4,WICK_L20_ACTIVITY_RR15,CHFJPY,183,31.693989071038253,-43.96435194543281,-0.24024236035755633,0.6527650991338563,54.278952836342555,11,9.502732240437158,0.28222936210693284,1.0542169025536139,1.5402430529811275,1.5974141021925727,2.0499874263665703,2.1926879754891937,0.9494901150567637,0.9944349507781731,42.62295081967213
H4,CLOSEFAIL_L20_W6_BODY_RR15,AUDJPY,538,38.47583643122677,-45.72549122212072,-0.08499161937197161,0.8630022000493835,58.74887742145909,14,9.853159851301115,0.8781914024251993,0.48389486840953083,1.2449747925060661,1.2906340299988999,2.0318240592516714,2.3302579727525994,0.9988639501362317,1.0005739125116178,44.98141263940521
H4,CLOSEFAIL_L20_W6_BODY_RR15,XAUUSD,460,37.608695652173914,-47.96703234548113,-0.10427615727278507,0.8333456311495786,55.34615265309309,16,10.197826086956521,0.910032911717824,0.45232577889938835,1.2309018489825418,1.281866616459426,2.160964801271583,2.179366328611395,1.0465110797147479,1.020010899709077,49.78260869565217
H4,WICK_L20_BODY_RR15,CHFJPY,306,35.294117647058826,-50.16315194876201,-0.16393186911360133,0.7533884560800755,63.6491694617503,10,7.46078431372549,0.2417848752783662,0.8709864595430264,1.2997932362626565,1.334704561468671,2.1235533882292996,2.122331436250794,1.0222904167478497,0.9902738011591898,43.13725490196079
H4,WICK_L120_RAW_RR15,GBPJPY,444,37.83783783783784,-50.750817376700454,-0.11430364274031633,0.8238937035856378,58.90291359530053,15,3.9684684684684686,0.30172745953978936,0.4298893832164761,1.2453522779864683,1.304101672335226,2.2275771461238016,2.4619364639517243,1.2080846258849702,1.149588562174336,47.52252252252252
H4,WICK_L20_BODY_RR15,SILVER,227,37.44493392070485,-52.9794005697137,-0.2333894298225273,0.6758005634134187,61.188936485948304,15,9.026431718061675,0.2708643936736521,0.976470145145497,1.4925506147726593,1.5639073368126641,2.1183658568621104,2.0651019209209074,1.0900448559744076,1.0484560502130822,46.69603524229075
H4,CLOSEFAIL_L20_W6_BODY_RR15,SILVER,411,40.38929440389295,-63.98045493903319,-0.15567020666431433,0.7647882075613935,69.26795487882521,12,10.671532846715328,0.926205406469623,0.47638051857433306,1.297783672381472,1.3638263777131858,2.0786227408390006,2.0732795010765157,1.0951371274048427,1.02221420185,49.63503649635037
H4,WICK_L55_RAW_RR15,CHFJPY,715,38.6013986013986,-73.38520868725388,-0.10263665550664879,0.8430836285762723,87.48441971009568,9,4.0531468531468535,0.2821378534371525,0.42871078164417087,1.2359750552946556,1.284862718385359,2.4896531449672974,2.0649207201419335,1.1826367948733558,1.109279741830925,49.790209790209786
H4,WICK_L55_RAW_RR15,AUDJPY,624,37.17948717948718,-73.60830720227452,-0.11796203077287583,0.8200321369716258,95.3244582961682,13,3.7836538461538463,0.29690780263174105,0.43769384039810105,1.2553516149156692,1.304881877124936,2.136357199343241,2.529283823412145,1.1852475336210107,1.1664333058573515,46.63461538461539
H4,WICK_L20_RAW_RR15,XAUUSD,993,38.972809667673715,-90.85543410103557,-0.09149590543910933,0.8587088192041973,94.16930333936091,10,4.520644511581067,0.32170033650463553,0.4564661837949721,1.3254846118173884,1.372030448893375,2.148111989146172,2.425445074247955,1.2349433450855811,1.2456053200373256,48.338368580060425
H4,WICK_L55_RAW_RR15,GBPJPY,664,36.44578313253012,-95.79336778893065,-0.1442671201640522,0.7827482952307261,103.22916797533226,16,3.8689759036144578,0.29518034033872176,0.4338976023297093,1.2392306035213432,1.2956604520813748,2.2035162410091917,2.4793742259348077,1.1728498678569932,1.1927074600018073,46.98795180722892
H4,WICK_L55_RAW_RR15,EURJPY,660,35.75757575757576,-96.93823034432546,-0.14687610658231132,0.7791078946144828,106.9886402666498,16,4.140909090909091,0.2933866236272745,0.45898381699487895,1.2528949997226781,1.3109168782046872,2.3172998728065655,2.3960755833105583,1.1788013883197423,1.1843988450228218,48.18181818181818
H4,WICK_L20_RAW_RR15,GBPJPY,1037,37.51205400192864,-119.8019996777272,-0.11552748281362314,0.8229597134198713,126.55014800762699,16,4.017357762777242,0.29653637139989,0.43507342864509696,1.223017170260649,1.273603453109137,2.1969528778876777,2.4035523435127693,1.1859830515118726,1.1602536358132653,48.02314368370299
H4,WICK_L20_RAW_RR15,AUDJPY,1052,37.452471482889734,-122.88170136725648,-0.11680770091944533,0.8217877531726094,144.47481583919637,14,3.8631178707224336,0.28019365099229576,0.4206995545682324,1.1867310177079073,1.2202803769565311,2.1250705062065616,2.3699833811054893,1.17746148984941,1.1872376989451356,47.43346007604563
H4,WICK_L120_RAW_RR15,SILVER,396,37.37373737373738,-123.2384269445914,-0.31120814884997827,0.5978655933470198,129.2165664020257,11,4.866161616161616,0.33803726860712663,0.49650394737908016,1.4402544669144293,1.5133122371402468,2.186932035694224,2.115739794847623,1.260695326124214,1.1582435814045946,50.0
H4,WICK_L20_RAW_RR15,EURJPY,1098,36.79417122040073,-135.72103496396818,-0.12360749996718413,0.8117221523104083,146.15868462194675,16,3.748633879781421,0.2897561767747658,0.4361198671868141,1.2073876375628219,1.2509301872452987,2.2056442580555515,2.410411548817592,1.162927513166172,1.1597326466561202,46.26593806921676
H4,WICK_L20_RAW_RR15,CHFJPY,1176,37.84013605442177,-148.58785721834485,-0.12635021872308236,0.8098339737440626,170.45597987883906,15,3.9591836734693877,0.27815349919522125,0.42122295838457413,1.187718195361113,1.2201988032525726,2.2859254974285736,2.0576340449997117,1.1724386732721759,1.1010841434259506,48.80952380952381
H4,WICK_L55_RAW_RR15,SILVER,613,37.19412724306688,-195.95135024054784,-0.31965962518849567,0.5900456831071226,200.91359825153697,11,5.117455138662317,0.32759724583861527,0.4873813976924294,1.4105112567634153,1.4784316488516376,2.1736733534212713,2.3027425735387133,1.247838435756504,1.19500964747967,50.57096247960848
H4,WICK_L20_RAW_RR15,SILVER,978,38.24130879345603,-293.2494906576375,-0.29984610496690955,0.610950683730725,296.7267082698804,11,4.751533742331288,0.3284052434317065,0.4669698099805806,1.3459127997870357,1.3985241732211524,2.1242262646304244,2.311277814639989,1.2364545957879889,1.1699035778118838,49.79550102249489
