symbol,timeframe,strategy,family,signal_time,direction,trigger_type,v_start_i,v_extreme_i,candidate_i,v_start,v_extreme,v_move_atr,v_move_bars,v_drop_speed_atr_per_bar,candidate_recovery_bars,candidate_recovery_to_drop_bars,signal_recovery_bars,signal_fib_ratio,candidate_fib_min,candidate_fib_max,trigger_level,entry_time,entry,stop,target,exit_time,exit,exit_reason,bars_held,risk,r_clean,r_after_cost,period,open,high,low,close,atr,body_ratio,ema20,ema50,ema200,ema20_slope_10_atr,rsi14,adx14,bb_width_atr,bb_pos,donchian20_high_prev,donchian55_high_prev,donchian20_break,donchian55_break,atr50,atr_ratio_50,atr_pctile_252,close_location,range5_atr,macd,macd_signal,macd_hist,macd_hist_slope3,stoch_k14,stoch_d3,cci20,roc10,williams_r14,chop14,aroon_up25,aroon_down25,ichi_tenkan,ichi_kijun,ichi_cloud_top,ichi_cloud_bottom,kc_mid,kc_pos,bb_kc_width_ratio,month,year
XAUUSD,H4,REC1.20_T5_STAG_OR_REBREAK_BROAD,V候補後トリガー,2015-07-27 04:00:00,long,stagnation+rebreak,2483,2488,2492,1105.873,1077.219,3.782627603358024,5,0.7565255206716048,4,0.8,8,0.9279681719829664,0.618,0.8,1103.809,2015-07-27 08:00:00,1103.801,1075.3252106157,1160.7765787686,2015-08-21 00:00:00,1160.7765787686,TP,115,28.475789384300015,2.00084282123583,1.9885516782133612,Research_2015_2024,1097.95,1105.001,1096.689,1103.809,7.575157537200446,0.7048845043310871,1096.860834583143,1111.1267229690395,1149.47016842136,-0.717125531446779,53.72269790435295,52.44482505243374,3.699599048682231,0.8689075172555392,1105.873,1159.738,False,False,6.57908861600472,1.1513992255359844,91.26984126984128,0.8565928777670812,2.7316923639382824,-3.965918223497738,-6.913789949751202,2.9478717262534637,0.975073120891107,92.79681719829664,78.43000395523586,61.33181559750836,1.4111823337611409,-7.203182801703352,51.47291165483722,4.0,68.0,1091.11,1093.549,1113.59,1092.3295,1096.860834583143,0.7293076210869393,0.9248997621705578,2015-07,2015
SILVER,H4,REC1.20_T5_STAG_OR_REBREAK_BROAD,V候補後トリガー,2015-10-12 04:00:00,long,stagnation,2820,2825,2829,16.11,15.385,4.607562565680536,5,0.9215125131361072,4,0.8,11,0.8427586206896565,0.618,0.8,15.996,2015-10-12 08:00:00,15.994,15.345662498356496,17.296675003287007,2015-11-02 12:00:00,15.345662498356496,SL,94,0.6483375016435033,-1.0,-1.0539842287562833,Research_2015_2024,15.798,16.035,15.788,15.996,0.157350006574011,0.8016194331983826,15.779599814960113,15.514998399512567,15.081711971752124,0.756269572677173,65.13860478449236,22.272725429586117,3.2275800384302165,0.8325721387401661,16.11,16.11,False,False,0.1498138773327667,1.0503032788111153,77.38095238095238,0.8421052631578959,1.7159198520465424,0.1071500770162181,0.1267470530494447,-0.0195969760332265,0.0101448227521133,94.00000000000004,72.6802684240618,53.117618119476845,1.982786101370726,-5.999999999999951,45.539618325937695,36.0,56.0,15.8125,15.7475,15.78,15.25,15.779599814960113,0.8438197902745274,0.8068950096075541,2015-10,2015
AUDJPY,H4,REC1.20_T5_STAG_OR_REBREAK_BROAD,V候補後トリガー,2016-10-03 20:00:00,long,stagnation,4410,4416,4418,78.17,76.494,4.698578365130716,6,0.7830963941884528,2,0.3333333333333333,11,1.0429594272076388,0.618,0.8,78.242,2016-10-04 00:00:00,78.242,76.40482409030155,81.91635181939692,2016-11-09 00:00:00,81.91635181939692,TP,161,1.837175909698459,2.0,1.9931960788653929,Research_2015_2024,77.955,78.287,77.902,78.242,0.3567036387938109,0.7454545454545515,77.60337489688268,77.33378052347052,77.31389672679815,1.0055336934877188,65.76535234708467,13.01228264541373,3.996782438793387,0.9384965566497756,78.17,78.17,True,True,0.3544234635128968,1.006433477226124,80.15873015873017,0.8831168831168802,2.326861600870256,0.21607188090438,0.1610287560842813,0.0550431248200986,0.0308567682071224,97.49023982152808,93.52098201637538,97.1479441135612,1.389140857846316,-2.5097601784719212,39.23742152336027,100.0,56.0,77.83000000000001,77.3905,77.61025000000001,77.2345,77.60337489688268,0.9475880210227352,0.9991956096983468,2016-10,2016
CHFJPY,H4,REC1.20_T5_STAG_OR_REBREAK_BROAD,V候補後トリガー,2016-11-30 08:00:00,long,rebreak,4662,4674,4678,111.889,110.247,3.620436711821172,12,0.301703059318431,4,0.3333333333333333,9,0.8544457978075575,0.618,0.8,111.65,2016-11-30 12:00:00,111.66,110.13361588844802,114.68276822310398,2016-12-14 20:00:00,114.68276822310398,TP,64,1.5263841115519767,1.9803457073662345,1.967242845610372,Research_2015_2024,111.01,111.719,110.988,111.65,0.4535364462079018,0.8755129958960401,111.0149017836666,110.50801476556153,108.1868772001364,0.224582536334055,62.7037216078147,20.828838815174873,3.3015015088082587,0.9008411489344242,111.796,111.889,False,False,0.4102572873655045,1.1054927241398136,86.11111111111111,0.905608755129974,1.9248728680997904,0.1594606102756302,0.14143145039217,0.0180291598834601,0.0470570969319105,95.31250000000075,75.58486012608341,73.42583033644154,0.8335816919089245,-4.687499999999231,55.12875845816843,16.0,64.0,111.009,111.068,111.0385,110.4805,111.0149017836666,0.850081135509382,0.8253753772020647,2016-11,2016
XAUUSD,H4,REC1.20_T5_STAG_OR_REBREAK_BROAD,V候補後トリガー,2017-05-26 04:00:00,long,rebreak,5403,5410,5414,1263.728,1247.952,3.634503442325443,7,0.5192147774750633,4,0.5714285714285714,12,0.8462221095334592,0.618,0.8,1261.302,2017-05-26 08:00:00,1261.311,1246.8668448852543,1290.1723102294911,2017-06-06 08:00:00,1290.1723102294911,TP,44,14.444155114745628,1.9981307317883563,1.9738994771930056,Research_2015_2024,1257.118,1263.971,1257.091,1261.302,4.34062045898248,0.6081395348837068,1256.268349106887,1252.093602215685,1249.19069261324,0.5662104852083352,62.4990571654309,16.642776013095897,3.307905212714128,0.8611589083590395,1263.728,1265.002,False,False,4.754804974721014,0.9128913766304712,33.33333333333333,0.6120639534883643,2.5187643341115535,1.4799556275577288,1.4195678071608433,0.0603878203968855,0.2470954299784022,83.33853548910609,74.58091630002856,110.42279845659442,0.8112523498343904,-16.66146451089391,47.659867618794024,100.0,52.0,1258.5045,1255.9615,1257.233,1246.99,1256.268349106887,0.7899154015352998,0.826976303178532,2017-05,2017
USDJPY,H4,REC1.20_T5_STAG_OR_REBREAK_BROAD,V候補後トリガー,2018-10-30 00:00:00,long,rebreak,7752,7757,7763,112.674,111.377,4.313017123771187,5,0.8626034247542375,6,1.2,10,0.9876638396299112,0.618,0.8,112.658,2018-10-30 04:00:00,112.659,111.30182060917105,115.37035878165794,2018-12-10 04:00:00,112.639,max_hold,180,1.3571793908289749,-0.014736445406671,-0.022104668109996,Research_2015_2024,112.324,112.711,112.303,112.658,0.3007175633158509,0.8186274509803975,112.2440340035364,112.3176026712478,112.40024687240012,-0.0258317912299364,60.4578381193309,21.298738005732012,3.8177243858428462,0.9153975748415392,112.674,112.885,False,False,0.2606647312449075,1.153656506883978,93.25396825396824,0.8700980392156934,2.7833425848854794,0.0115503525492925,-0.0635644465136515,0.0751147990629441,0.0346247480318031,96.02698650674684,84.55670906097349,98.14853754219232,0.9082440614811338,-3.973013493253159,46.3666750374103,12.0,60.0,112.233,112.0605,112.14675,112.131,112.2440340035364,0.844148502584127,0.9544310964607116,2018-10,2018
CHFJPY,H4,REC1.20_T5_STAG_OR_REBREAK_BROAD,V候補後トリガー,2019-06-03 16:00:00,long,rebreak,8697,8703,8708,108.995,107.92,3.9686573127421942,6,0.6614428854570324,5,0.8333333333333334,8,0.8316279069767338,0.618,0.8,108.814,2019-06-03 20:00:00,108.814,107.85228188305976,110.73743623388046,2019-06-30 20:00:00,110.73743623388046,TP,118,0.9617181169402328,2.0,1.9792038855796523,Research_2015_2024,108.44,108.918,108.43,108.814,0.270872467760946,0.7663934426229417,108.53209446287296,108.69173083567831,109.19926778309538,-0.6252999394022407,56.159306474454546,21.44146493575559,3.659279166614601,0.7927770298321565,108.995,109.626,False,False,0.2256120379134248,1.200611768175638,100.0,0.7868852459016117,2.517790034688538,-0.0741339388896449,-0.1256641804216995,0.0515302415320546,0.0377869060115842,89.57915831663198,64.12328533034979,74.80053032370023,0.5507401726145167,-10.420841683368028,53.27245666150285,44.0,68.0,108.419,108.4575,108.773,108.43825,108.53209446287296,0.7601829003306427,0.9148197916536502,2019-06,2019
GBPJPY,H4,REC1.20_T5_STAG_OR_REBREAK_BROAD,V候補後トリガー,2020-07-16 12:00:00,long,rebreak,11972,11978,11983,135.44,133.96,3.948083008558404,6,0.658013834759734,5,0.8333333333333334,12,0.7499999999999952,0.618,0.8,135.07,2020-07-16 16:00:00,135.06,133.86628363203158,137.47743273593682,2020-07-31 08:00:00,137.47743273593682,TP,66,1.1937163679684204,2.025131598095643,2.0083771993652144,Research_2015_2024,134.41,135.13,134.39,135.07,0.3748654718737523,0.8918918918918763,134.6602809470092,134.59892997441924,134.16127375737446,-0.2047291368948605,57.9092596320092,15.411983270660716,2.8442739120734375,0.9023559555544804,135.44,135.89,False,False,0.3627715294958638,1.0333376282165672,18.253968253968253,0.9189189189189167,2.9343860198744944,-0.051700326071483,-0.0565576875735414,0.0048573615020584,0.0403118901991127,94.87179487179462,53.94809064533792,55.81973956138077,0.2300385871178312,-5.128205128205377,55.93477162002265,28.0,52.0,134.57999999999998,134.7,134.925,134.64,134.6602809470092,0.7732440593573702,0.7110684780183594,2020-07,2020
AUDJPY,H4,REC1.20_T5_STAG_OR_REBREAK_BROAD,V候補後トリガー,2021-01-29 08:00:00,long,rebreak,11355,11363,11364,80.441,79.201,4.015199027479994,8,0.5018998784349993,1,0.125,6,0.9112903225806462,0.618,0.8,80.331,2021-01-29 12:00:00,80.33,79.12379336643629,82.74541326712743,2021-02-19 12:00:00,82.74541326712743,TP,93,1.2062066335637098,2.0024871360482828,1.992124069180496,Research_2015_2024,80.012,80.401,79.923,80.331,0.3088265342548296,0.6673640167364149,79.97673528234535,80.03805388898397,79.39652325505729,-0.3845392837073406,57.31987940911596,18.749057878074193,3.9800172350555374,0.7948008322419725,80.441,80.515,False,False,0.2369876215414541,1.303133607764443,100.0,0.8535564853556611,1.9234098567121576,-0.0176731559389509,-0.064441212149654,0.0467680562107031,0.0353885549216901,94.16666666666724,70.82437275985693,77.09512101193799,0.6477560327762255,-5.833333333332751,52.22077436337224,44.0,76.0,79.80099999999999,79.821,79.858,79.81099999999999,79.97673528234535,0.7867829334269073,0.9950043087638843,2021-01,2021
USDJPY,H4,REC1.20_T5_STAG_OR_REBREAK_BROAD,V候補後トリガー,2022-10-06 12:00:00,long,rebreak,14075,14086,14089,145.318,143.521,4.55387820859191,11,0.41398892805381,3,0.2727272727272727,9,0.7918753478018818,0.618,0.8,144.944,2022-10-06 16:00:00,144.944,143.42234782279587,147.98730435440822,2022-10-14 12:00:00,147.98730435440822,TP,36,1.5216521772041176,2.0,1.993428195911128,Research_2015_2024,144.695,144.958,144.57,144.944,0.3946087088164947,0.6417525773195667,144.55869358739767,144.37721181520627,142.15050925246584,0.1790166026621681,58.77889618566064,13.39679452799039,2.8073200763323487,0.8785003323856654,145.318,145.318,False,False,0.489370303679141,0.8063601445567539,3.1746031746031744,0.9639175257731706,1.4622079723747838,0.0571671201226422,0.0194972024699798,0.0376699176526624,0.0388909282054172,99.0257480862902,85.89274345193161,112.24302410631996,0.7591135333537169,-0.9742519137098044,52.11896652250603,20.0,64.0,144.477,144.4195,144.44825,144.4085,144.55869358739767,0.7441066327184767,0.7018300190830872,2022-10,2022
USDJPY,H4,REC1.20_T5_STAG_OR_REBREAK_BROAD,V候補後トリガー,2024-04-08 00:00:00,long,stagnation+rebreak,16498,16507,16510,151.953,150.81,5.236536032351582,9,0.5818373369279536,3,0.3333333333333333,7,0.837270341207343,0.618,0.8,151.767,2024-04-08 04:00:00,151.769,150.7554314840508,153.79013703189838,2024-04-15 04:00:00,153.79013703189838,TP,31,1.0135685159492027,1.9940803212554312,1.9842141900145391,Research_2015_2024,151.679,151.816,151.67,151.767,0.2182740637968476,0.6027397260272933,151.56190687218535,151.4248472271628,150.29652199802257,-0.2431345682691367,59.787847848057964,16.251263302393607,3.194081033262759,0.7751780187529389,151.953,151.97,False,False,0.2322159891800313,0.9399613892548336,9.126984126984128,0.664383561643825,2.501442409154787,0.031404540606303,0.0110934323943099,0.020311108211993,0.0313870753563523,95.12922465208682,89.93890821736163,81.49495664990498,0.0692328994738256,-4.870775347913179,46.189566454446116,36.0,72.0,151.313,151.38150000000002,151.39,151.34725,151.56190687218535,0.7349032269879993,0.7985202583156897,2024-04,2024
CHFJPY,H4,REC1.20_T5_STAG_OR_REBREAK_BROAD,V候補後トリガー,2024-08-07 00:00:00,long,rebreak,17020,17032,17035,172.195,166.803,4.411782049680807,12,0.3676485041400671,3,0.25,10,0.8690652818991118,0.618,0.8,171.489,2024-08-07 04:00:00,171.475,166.4974545345123,181.47209093097544,2024-09-12 12:00:00,166.4974545345123,SL,163,4.977545465487708,-1.0,-1.0040180446645146,Research_2015_2024,169.72,171.901,169.429,171.489,1.222181861950798,0.7156148867313914,170.2470799493955,171.51171396384814,174.5456706814611,-0.3044371446625128,57.04783393706901,26.360421252624924,3.2977227069516153,0.8650987092592426,171.595,175.159,False,False,0.8976679734998136,1.3615077044419606,99.6031746031746,0.8333333333333314,2.3777148806328743,-0.3883802447272728,-0.6571228081930514,0.2687425634657785,0.102487426679831,91.91839937230276,76.24137165832542,69.86142535164916,2.203323162010107,-8.081600627697236,52.00789125779445,12.0,60.0,170.22899999999998,169.499,170.9625,169.86399999999998,170.2470799493955,0.7540374900962364,0.8244306767379038,2024-08,2024
XAUUSD,H4,REC1.20_T5_STAG_OR_REBREAK_BROAD,V候補後トリガー,2024-08-26 04:00:00,long,stagnation+rebreak,16976,16988,16994,2531.558,2470.705,5.367778850665489,12,0.447314904222124,6,0.5,11,0.8315120043383211,0.618,0.8,2521.305,2024-08-26 08:00:00,2521.305,2467.8708202725484,2628.1733594549028,2024-09-23 00:00:00,2628.1733594549028,TP,122,53.434179727451465,2.0,1.9934498854144456,Research_2015_2024,2509.725,2521.715,2508.585,2521.305,11.336718909806727,0.881949733434869,2505.1800856399504,2491.5513558239586,2439.525850217298,0.4584078487359374,62.35329625326743,15.51804504180807,3.917945099026859,0.8878838901609288,2519.795,2531.558,True,False,12.615329488043974,0.8986462795562308,28.57142857142857,0.9687738004569456,1.768324694251575,4.977115605236577,3.670825016852969,1.3062905883836078,1.196237910300909,99.19623603214995,92.10942127582454,100.91066226092036,1.5510744946723332,-0.803763967850044,42.34470065780559,8.0,56.0,2504.035,2501.1315,2502.5832499999997,2481.7865,2505.1800856399504,0.8555904157176542,0.9794862747567148,2024-08,2024
SILVER,H4,REC1.20_T5_STAG_OR_REBREAK_BROAD,V候補後トリガー,2025-06-25 16:00:00,long,rebreak,18315,18320,18324,36.354,35.266,3.674076409418562,5,0.7348152818837124,4,0.8,7,0.9531249999999982,0.618,0.8,36.303,2025-06-25 20:00:00,36.307,35.19196778899243,38.525064422015134,2025-12-31 20:00:00,38.525064422015134,TP,43,1.1150322110075734,1.9892379790632495,1.957848751331096,OOS_2025_2026,36.002,36.313,35.999,36.303,0.2961288440302692,0.958598726114633,36.06078606289154,36.130378126476366,34.96894037743999,-0.4610940745894338,55.14904065566389,49.531987541445474,2.2063486523785754,0.9137819298885136,36.354,37.303,False,False,0.31141415525347,0.9509164533296196,30.15873015873016,0.968152866242022,2.205121227344063,-0.0776928982607287,-0.1077663420162909,0.0300734437555621,0.0301684387532527,95.31249999999984,69.0870098039216,66.35661680729909,0.5149929396129238,-4.687500000000173,53.92319531924165,4.0,72.0,35.789500000000004,35.841499999999996,36.284499999999994,35.8155,36.06078606289154,0.7044835736127245,0.5515871630946438,2025-06,2025
GBPJPY,H4,REC1.20_T5_STAG_OR_REBREAK_BROAD,V候補後トリガー,2026-02-19 00:00:00,long,rebreak,20561,20568,20574,209.678,207.229,3.812738810402139,7,0.5446769729145913,6,0.8571428571428571,9,0.8436096365863568,0.618,0.8,209.295,2026-02-19 04:00:00,209.294,207.06841989460972,213.74816021078053,2026-04-01 04:00:00,210.548,max_hold,180,2.225580105390293,0.5634486024398033,0.5544621813482675,OOS_2025_2026,208.745,209.449,208.639,209.295,0.6423204215611301,0.6790123456789894,208.67470443489725,209.49027274092128,210.6514339527437,-0.2760519366004689,56.10479344020108,23.416799174641685,3.7922340833068335,0.793534514959688,209.678,214.41,False,False,0.7927717478557436,0.8102211302287853,59.523809523809526,0.8098765432098465,1.8184070765821776,-0.1570131323021826,-0.354055292105878,0.1970421598036953,0.0477286820646747,91.41592920353904,76.96165191740347,78.20626384791139,0.758717305590717,-8.584070796460956,52.07024273390389,36.0,64.0,208.533,208.4535,210.8195,208.49325,208.67470443489725,0.7414276209664731,0.9480585208267084,2026-02,2026
SILVER,H4,REC1.20_T5_STAG_OR_REBREAK_BROAD,V候補後トリガー,2026-03-24 20:00:00,long,rebreak,18708,18716,18720,74.353,60.683,4.763862796477056,8,0.595482849559632,4,0.5,10,0.8810534016093642,0.618,0.8,72.727,2026-03-25 00:00:00,72.714,59.965619977525954,98.2497600449481,2026-05-06 00:00:00,75.496,max_hold,180,12.748380022474043,0.218223805306684,0.2154783584390588,OOS_2025_2026,69.483,72.884,69.313,72.727,2.8695200898961977,0.9084290114813782,70.21254069017068,73.99941314454577,79.65530299390049,-0.3905656617363566,54.67618803193311,37.928405399848685,3.6704909804100545,0.8289375115044015,74.353,87.393,False,False,2.302367433910381,1.246334554438409,58.333333333333336,0.9560347241669008,2.4694024708000315,-1.2924878089062588,-2.144520710607163,0.8520329017009041,0.2554060184909605,98.7132202278502,87.17024812512902,47.15329240623016,13.933232027321306,-1.2867797721497949,48.71004210815482,4.0,60.0,69.34100000000001,68.605,73.1245,68.97300000000001,70.21254069017068,0.719066187991062,0.9176227451025136,2026-03,2026
