trades,win_rate,total_r,pf,max_dd_r,shelf_bars,drop_win,shelf_atr,move_atr,rr
123,44.71544715447154,10.865258655851342,1.1567323953498814,10.039868216565928,4,6,2.0,2.0,1.5
117,38.46153846153847,13.975649139289263,1.190369150632778,11.583433967874393,4,6,2.0,2.0,2.0
65,41.53846153846154,-0.13338756921031525,0.9965601189096396,6.905328913199333,4,6,2.0,2.5,1.5
63,33.33333333333333,-3.088694621964738,0.9279380740872006,8.7822211256345,4,6,2.0,2.5,2.0
35,31.428571428571427,-8.248942249735986,0.663297861540288,7.567776563042702,4,6,2.0,3.0,1.5
34,17.647058823529413,-16.722121421138514,0.4150129171878564,15.691244359284596,4,6,2.0,3.0,2.0
18,33.33333333333333,-3.3085669778548104,0.7291848350663043,4.664943607992069,4,6,2.0,3.5,1.5
18,22.22222222222222,-6.30856697785481,0.5570313311653692,8.177594921204767,4,6,2.0,3.5,2.0
9,33.33333333333333,-1.6836319462357543,0.7251545876881657,4.116851223413735,4,6,2.0,4.0,1.5
9,33.33333333333333,-0.1836319462357625,0.9700229031115536,4.116851223413735,4,6,2.0,4.0,2.0
128,43.75,8.296916171147524,1.1130774654627988,11.053973127087186,4,6,2.5,2.0,1.5
122,37.704918032786885,11.90730665458544,1.1537150226333208,11.583433967874393,4,6,2.5,2.0,2.0
69,40.57971014492754,-1.6884184805062976,0.9596203427308732,7.91943382372059,4,6,2.5,2.5,1.5
67,32.83582089552239,-4.143725533260725,0.9097197389842999,9.796326036155758,4,6,2.5,2.5,2.0
36,33.33333333333333,-6.767178548088942,0.7237799199584454,8.598653624896615,4,6,2.5,3.0,1.5
35,20.0,-14.740357719491469,0.4843406141619985,16.72212142113851,4,6,2.5,3.0,2.0
19,36.84210526315789,-1.8268032762077648,0.8504712058546902,4.664943607992068,4,6,2.5,3.5,1.5
19,26.31578947368421,-4.326803276207765,0.6961848397109649,8.177594921204767,4,6,2.5,3.5,2.0
9,33.33333333333333,-1.6836319462357543,0.7251545876881657,4.116851223413735,4,6,2.5,4.0,1.5
9,33.33333333333333,-0.1836319462357625,0.9700229031115536,4.116851223413735,4,6,2.5,4.0,2.0
128,43.75,8.296916171147524,1.1130774654627988,11.053973127087186,4,6,3.0,2.0,1.5
122,37.704918032786885,11.90730665458544,1.1537150226333208,11.583433967874393,4,6,3.0,2.0,2.0
69,40.57971014492754,-1.6884184805062976,0.9596203427308732,7.91943382372059,4,6,3.0,2.5,1.5
67,32.83582089552239,-4.143725533260725,0.9097197389842999,9.796326036155758,4,6,3.0,2.5,2.0
36,33.33333333333333,-6.767178548088942,0.7237799199584454,8.598653624896615,4,6,3.0,3.0,1.5
35,20.0,-14.740357719491469,0.4843406141619985,16.72212142113851,4,6,3.0,3.0,2.0
19,36.84210526315789,-1.8268032762077648,0.8504712058546902,4.664943607992068,4,6,3.0,3.5,1.5
19,26.31578947368421,-4.326803276207765,0.6961848397109649,8.177594921204767,4,6,3.0,3.5,2.0
9,33.33333333333333,-1.6836319462357543,0.7251545876881657,4.116851223413735,4,6,3.0,4.0,1.5
9,33.33333333333333,-0.1836319462357625,0.9700229031115536,4.116851223413735,4,6,3.0,4.0,2.0
128,43.75,8.296916171147524,1.1130774654627988,11.053973127087186,4,6,3.5,2.0,1.5
122,37.704918032786885,11.90730665458544,1.1537150226333208,11.583433967874393,4,6,3.5,2.0,2.0
69,40.57971014492754,-1.6884184805062976,0.9596203427308732,7.91943382372059,4,6,3.5,2.5,1.5
67,32.83582089552239,-4.143725533260725,0.9097197389842999,9.796326036155758,4,6,3.5,2.5,2.0
36,33.33333333333333,-6.767178548088942,0.7237799199584454,8.598653624896615,4,6,3.5,3.0,1.5
35,20.0,-14.740357719491469,0.4843406141619985,16.72212142113851,4,6,3.5,3.0,2.0
19,36.84210526315789,-1.8268032762077648,0.8504712058546902,4.664943607992068,4,6,3.5,3.5,1.5
19,26.31578947368421,-4.326803276207765,0.6961848397109649,8.177594921204767,4,6,3.5,3.5,2.0
9,33.33333333333333,-1.6836319462357543,0.7251545876881657,4.116851223413735,4,6,3.5,4.0,1.5
9,33.33333333333333,-0.1836319462357625,0.9700229031115536,4.116851223413735,4,6,3.5,4.0,2.0
214,44.85981308411215,19.828085629464464,1.1654983472357963,16.410167273366923,4,9,2.0,2.0,1.5
207,40.57971014492754,35.425855805269634,1.2821042944143144,12.850286785842572,4,9,2.0,2.0,2.0
150,44.0,10.62159738676754,1.1237021239175375,19.31499363149284,4,9,2.0,2.5,1.5
145,37.93103448275862,14.382156712879278,1.1563302564249927,22.976391521292275,4,9,2.0,2.5,2.0
93,40.86021505376344,-1.224302123859561,0.9782220998051011,12.690665449835391,4,9,2.0,3.0,1.5
91,32.967032967032964,-5.553315349082398,0.9109315513470636,24.19493991127448,4,9,2.0,3.0,2.0
49,38.775510204081634,-2.503093035661972,0.9183155645867468,7.613532186709976,4,9,2.0,3.5,1.5
49,30.612244897959183,-5.877796599600375,0.8307412298754572,13.773026000644442,4,9,2.0,3.5,2.0
26,42.30769230769231,0.9379424904801423,1.0611707352746302,6.3037145182839875,4,9,2.0,4.0,1.5
26,34.61538461538461,0.4379424904801368,1.0252063314159305,6.4354837719184,4,9,2.0,4.0,2.0
220,44.09090909090909,16.248853004147122,1.1301267520366731,16.056099811473548,4,9,2.5,2.0,1.5
213,39.906103286384976,32.346623179952296,1.2476045811105696,13.195955375980004,4,9,2.5,2.0,2.0
155,43.225806451612904,8.053325492830503,1.0895665670508643,18.84700136083119,4,9,2.5,2.5,1.5
150,37.333333333333336,12.313884818942244,1.1282046565912844,22.008399250630628,4,9,2.5,2.5,2.0
95,40.0,-3.256671604970281,0.944091230081025,13.548170199244055,4,9,2.5,3.0,1.5
93,32.25806451612903,-7.585684830193115,0.8821750215276647,25.209044821795743,4,9,2.5,3.0,2.0
50,40.0,-1.0213293340149265,0.9666705516609215,7.762611158336718,4,9,2.5,3.5,1.5
50,32.0,-3.8960328979533294,0.8878086838327864,13.874016275821484,4,9,2.5,3.5,2.0
26,42.30769230769231,0.9379424904801423,1.0611707352746302,6.3037145182839875,4,9,2.5,4.0,1.5
26,34.61538461538461,0.4379424904801368,1.0252063314159305,6.4354837719184,4,9,2.5,4.0,2.0
220,44.54545454545455,17.297879357122856,1.139666587229031,16.056099811473548,4,9,3.0,2.0,1.5
214,40.654205607476634,35.377457516361595,1.2729267412146936,11.647879822153348,4,9,3.0,2.0,2.0
156,43.58974358974359,9.545212433873914,1.1061588669468805,18.84700136083119,4,9,3.0,2.5,1.5
151,37.74834437086093,14.305771759985655,1.1489429682614003,22.008399250630628,4,9,3.0,2.5,2.0
96,40.625,-1.7647846639268723,0.9697031350715746,13.548170199244055,4,9,3.0,3.0,1.5
94,32.97872340425532,-5.593797889149711,0.9131140917898011,23.21715788075234,4,9,3.0,3.0,2.0
50,40.0,-1.0213293340149265,0.9666705516609215,7.762611158336718,4,9,3.0,3.5,1.5
50,32.0,-3.8960328979533294,0.8878086838327864,13.874016275821484,4,9,3.0,3.5,2.0
26,42.30769230769231,0.9379424904801423,1.0611707352746302,6.3037145182839875,4,9,3.0,4.0,1.5
26,34.61538461538461,0.4379424904801368,1.0252063314159305,6.4354837719184,4,9,3.0,4.0,2.0
220,44.54545454545455,17.297879357122856,1.139666587229031,16.056099811473548,4,9,3.5,2.0,1.5
214,40.654205607476634,35.377457516361595,1.2729267412146936,11.647879822153348,4,9,3.5,2.0,2.0
156,43.58974358974359,9.545212433873914,1.1061588669468805,18.84700136083119,4,9,3.5,2.5,1.5
151,37.74834437086093,14.305771759985655,1.1489429682614003,22.008399250630628,4,9,3.5,2.5,2.0
96,40.625,-1.7647846639268723,0.9697031350715746,13.548170199244055,4,9,3.5,3.0,1.5
94,32.97872340425532,-5.593797889149711,0.9131140917898011,23.21715788075234,4,9,3.5,3.0,2.0
50,40.0,-1.0213293340149265,0.9666705516609215,7.762611158336718,4,9,3.5,3.5,1.5
50,32.0,-3.8960328979533294,0.8878086838327864,13.874016275821484,4,9,3.5,3.5,2.0
26,42.30769230769231,0.9379424904801423,1.0611707352746302,6.3037145182839875,4,9,3.5,4.0,1.5
26,34.61538461538461,0.4379424904801368,1.0252063314159305,6.4354837719184,4,9,3.5,4.0,2.0
258,44.96124031007752,26.29479893498522,1.182183853055092,17.68965037061029,4,12,2.0,2.0,1.5
242,40.082644628099175,37.83266801608859,1.255464120459408,17.395355190058304,4,12,2.0,2.0,2.0
194,43.81443298969072,13.297368511334287,1.1194354974190344,17.20667810655479,4,12,2.0,2.5,1.5
186,37.634408602150536,16.603623330408666,1.1401003414542183,21.667999054104513,4,12,2.0,2.5,2.0
131,41.98473282442748,2.4817496137293418,1.0319417710348522,14.78182603389758,4,12,2.0,3.0,1.5
129,35.65891472868217,2.6574528436047213,1.031320097143119,19.666522142788132,4,12,2.0,3.0,2.0
78,41.02564102564102,0.3651438418427133,1.007764670273266,11.994699651741039,4,12,2.0,3.5,1.5
78,34.61538461538461,0.49044027790430644,1.009407941799705,15.68533246028544,4,12,2.0,3.5,2.0
48,43.75,3.529040704280968,1.1279872817788075,6.137131001712135,4,12,2.0,4.0,1.5
48,33.33333333333333,-1.845662859657462,0.9435188609966685,11.75397330778727,4,12,2.0,4.0,2.0
270,44.81481481481481,26.611495981432306,1.1757354789551995,16.255815191546162,4,12,2.5,2.0,1.5
252,40.07936507936508,39.704406566611695,1.257547345133898,13.598636280440505,4,12,2.5,2.0,2.0
203,43.34975369458128,11.671590241426937,1.0994054439947665,16.387951796215063,4,12,2.5,2.5,1.5
193,37.30569948186528,15.532886564577334,1.1257085154517774,20.690896587229307,4,12,2.5,2.5,2.0
135,41.48148148148148,0.9034488247561434,1.0111875352600725,15.904824773113896,4,12,2.5,3.0,1.5
132,35.60606060606061,2.6076457260118993,1.0300148339090605,18.698064689791494,4,12,2.5,3.0,2.0
81,39.50617283950617,-2.6940112839683765,0.9462114394343702,13.865065453899732,4,12,2.5,3.5,1.5
81,33.33333333333333,-2.5687148479067785,0.953456327721128,17.726223015507067,4,12,2.5,3.5,2.0
49,44.89795918367347,5.010804405928013,1.1817262222739549,6.137131001712135,4,12,2.5,4.0,1.5
49,34.69387755102041,0.13610084198958305,1.0041649700727635,11.753973307787268,4,12,2.5,4.0,2.0
270,44.81481481481481,25.16090327562781,1.166159045953665,16.255815191546162,4,12,3.0,2.0,1.5
253,40.316205533596836,39.73562184424077,1.2577500675155993,13.598636280440505,4,12,3.0,2.0,2.0
203,43.84236453201971,12.720853522780953,1.109289624416939,16.387951796215063,4,12,3.0,2.5,1.5
193,37.82383419689119,16.582149845931347,1.1353152981600243,20.690896587229307,4,12,3.0,2.5,2.0
136,42.64705882352941,3.4367896785269494,1.0431016994523066,15.904824773113896,4,12,3.0,3.0,1.5
133,36.84210526315789,5.640986579782709,1.0656995343027356,17.991626147521714,4,12,3.0,3.0,2.0
81,39.50617283950617,-2.6940112839683765,0.9462114394343702,13.865065453899732,4,12,3.0,3.5,1.5
81,33.33333333333333,-2.5687148479067785,0.953456327721128,17.726223015507067,4,12,3.0,3.5,2.0
49,44.89795918367347,5.010804405928013,1.1817262222739549,6.137131001712135,4,12,3.0,4.0,1.5
49,34.69387755102041,0.13610084198958305,1.0041649700727635,11.753973307787268,4,12,3.0,4.0,2.0
271,44.64944649446495,24.150982051897756,1.1584330195360253,16.255815191546162,4,12,3.5,2.0,1.5
254,40.15748031496063,38.72570062051071,1.2495641974614928,13.598636280440505,4,12,3.5,2.0,2.0
204,43.627450980392155,11.7109322990509,1.0997475416219924,16.387951796215063,4,12,3.5,2.5,1.5
194,37.628865979381445,15.572228622201296,1.1260353492141781,20.690896587229307,4,12,3.5,2.5,2.0
136,42.64705882352941,3.4367896785269494,1.0431016994523066,15.904824773113896,4,12,3.5,3.0,1.5
133,36.84210526315789,5.640986579782709,1.0656995343027356,17.991626147521714,4,12,3.5,3.0,2.0
81,39.50617283950617,-2.6940112839683765,0.9462114394343702,13.865065453899732,4,12,3.5,3.5,1.5
81,33.33333333333333,-2.5687148479067785,0.953456327721128,17.726223015507067,4,12,3.5,3.5,2.0
49,44.89795918367347,5.010804405928013,1.1817262222739549,6.137131001712135,4,12,3.5,4.0,1.5
49,34.69387755102041,0.13610084198958305,1.0041649700727635,11.753973307787268,4,12,3.5,4.0,2.0
56,58.92857142857143,24.671743580946266,2.049902135761157,3.218393462743978,6,6,2.0,2.0,1.5
54,51.85185185185185,27.704840401673547,2.0429122867665463,5.409854596801212,6,6,2.0,2.0,2.0
29,58.620689655172406,12.875479170714522,2.0467458183423375,4.741029245285246,6,6,2.0,2.5,1.5
28,46.42857142857143,10.391256973626389,1.6762378724351499,8.269305414595488,6,6,2.0,2.5,2.0
15,53.333333333333336,4.648621902510523,1.648022611312163,2.661142118947067,6,6,2.0,3.0,1.5
15,33.33333333333333,-0.3513780974894889,0.9656835231628187,6.189418288257309,6,6,2.0,3.0,2.0
6,66.66666666666666,3.839896811714236,2.8562573824081507,1.0407979235473133,6,6,2.0,3.5,1.5
6,33.33333333333333,-0.16010318828577108,0.9612075548200874,3.09889827260082,6,6,2.0,3.5,2.0
3,66.66666666666666,1.916900268396539,2.841760273563228,1.0407979235473133,6,6,2.0,4.0,1.5
3,33.33333333333333,-0.08309973160345563,0.9598372373950665,1.0407979235473133,6,6,2.0,4.0,2.0
71,57.74647887323944,29.513144043419267,1.9656721693486412,4.664746630766144,6,6,2.5,2.0,1.5
69,49.275362318840585,30.546240864146572,1.8568403350411773,7.5304787167852165,6,6,2.5,2.0,2.0
36,58.333333333333336,15.799846511456021,2.0309180142815633,4.7410292452852465,6,6,2.5,2.5,1.5
35,48.57142857142857,15.315624314367891,1.8327425033482423,9.288930142939305,6,6,2.5,2.5,2.0
21,57.14285714285714,8.57767726385341,1.9329266292624407,2.6611421189470676,6,6,2.5,3.0,1.5
21,42.857142857142854,5.577677263853402,1.4549430179737812,7.209043016601127,6,6,2.5,3.0,2.0
9,77.77777777777779,8.298890018319199,5.01179422720507,1.0407979235473133,6,6,2.5,3.5,1.5
9,55.55555555555556,5.798890018319193,2.4050508646865114,4.12717444191105,6,6,2.5,3.5,2.0
3,66.66666666666666,1.916900268396539,2.841760273563228,1.0407979235473133,6,6,2.5,4.0,1.5
3,33.33333333333333,-0.08309973160345563,0.9598372373950665,1.0407979235473133,6,6,2.5,4.0,2.0
75,57.333333333333336,29.691397263514716,1.9114136264866965,4.664746630766144,6,6,3.0,2.0,1.5
73,49.31506849315068,31.224494084242014,1.8290080856078867,7.5304787167852165,6,6,3.0,2.0,2.0
37,56.75675675675676,14.794551796510543,1.9059021142748238,4.7410292452852465,6,6,3.0,2.5,1.5
36,47.22222222222222,14.310329599422413,1.7377567626674042,9.288930142939305,6,6,3.0,2.5,2.0
22,54.54545454545454,7.572382548907929,1.7424144870313132,2.6611421189470676,6,6,3.0,3.0,1.5
22,40.909090909090914,4.572382548907922,1.3446832633502674,7.209043016601127,6,6,3.0,3.0,2.0
9,77.77777777777779,8.298890018319199,5.01179422720507,1.0407979235473133,6,6,3.0,3.5,1.5
9,55.55555555555556,5.798890018319193,2.4050508646865114,4.12717444191105,6,6,3.0,3.5,2.0
3,66.66666666666666,1.916900268396539,2.841760273563228,1.0407979235473133,6,6,3.0,4.0,1.5
3,33.33333333333333,-0.08309973160345563,0.9598372373950665,1.0407979235473133,6,6,3.0,4.0,2.0
75,57.333333333333336,29.691397263514716,1.9114136264866965,4.664746630766144,6,6,3.5,2.0,1.5
73,49.31506849315068,31.224494084242014,1.8290080856078867,7.5304787167852165,6,6,3.5,2.0,2.0
37,56.75675675675676,14.794551796510543,1.9059021142748238,4.7410292452852465,6,6,3.5,2.5,1.5
36,47.22222222222222,14.310329599422413,1.7377567626674042,9.288930142939305,6,6,3.5,2.5,2.0
22,54.54545454545454,7.572382548907929,1.7424144870313132,2.6611421189470676,6,6,3.5,3.0,1.5
22,40.909090909090914,4.572382548907922,1.3446832633502674,7.209043016601127,6,6,3.5,3.0,2.0
9,77.77777777777779,8.298890018319199,5.01179422720507,1.0407979235473133,6,6,3.5,3.5,1.5
9,55.55555555555556,5.798890018319193,2.4050508646865114,4.12717444191105,6,6,3.5,3.5,2.0
3,66.66666666666666,1.916900268396539,2.841760273563228,1.0407979235473133,6,6,3.5,4.0,1.5
3,33.33333333333333,-0.08309973160345563,0.9598372373950665,1.0407979235473133,6,6,3.5,4.0,2.0
88,53.40909090909091,27.9485640459892,1.6818388515603482,5.088505926561645,6,9,2.0,2.0,1.5
85,48.23529411764706,35.02685495352852,1.795057034899481,5.088505926561645,6,9,2.0,2.0,2.0
63,57.14285714285714,25.840973411512092,1.9649910854629555,3.7188855004663557,6,9,2.0,2.5,1.5
61,50.81967213114754,29.37878668733758,1.984403587076192,5.506305930414183,6,9,2.0,2.5,2.0
38,60.526315789473685,18.67907644777583,2.2160854397856093,3.709363812735927,6,9,2.0,3.0,1.5
38,52.63157894736842,20.18379290287407,2.0954096014234844,7.378006679375544,6,9,2.0,3.0,2.0
20,60.0,9.598759772283023,2.1721573149175266,2.6611421189470676,6,9,2.0,3.5,1.5
20,45.0,6.5987597722830245,1.5863083169666736,6.189418288257309,6,9,2.0,3.5,2.0
13,61.53846153846154,6.721721882226861,2.3103489119237666,2.056014935868431,6,9,2.0,4.0,1.5
13,38.46153846153847,1.721721882226864,1.2100810923693355,4.127088080006029,6,9,2.0,4.0,2.0
118,50.847457627118644,30.071894804637935,1.516617679674517,5.638007725262761,6,9,2.5,2.0,1.5
113,45.13274336283185,36.675906350495644,1.5888483823892914,7.816368743609156,6,9,2.5,2.0,2.0
77,51.94805194805194,21.670941020547847,1.58731428664505,5.689007313718221,6,9,2.5,2.5,1.5
75,46.666666666666664,27.20875429637334,1.680828816157788,8.571280054808255,6,9,2.5,2.5,2.0
49,55.10204081632652,17.52798454983105,1.7803749939272813,6.442980803769609,6,9,2.5,3.0,1.5
49,48.97959183673469,21.032701004929297,1.8239468712143465,10.442980803769615,6,9,2.5,3.0,2.0
28,53.57142857142857,8.97807957568706,1.676638904361159,4.7076407054340095,6,9,2.5,3.5,1.5
28,42.857142857142854,7.478079575687062,1.4578107544535899,9.253000026893128,6,9,2.5,3.5,2.0
15,66.66666666666666,9.689586369434073,2.888911677490136,2.056014935868431,6,9,2.5,4.0,1.5
15,46.666666666666664,5.689586369434078,1.6942320545258052,5.155364249316258,6,9,2.5,4.0,2.0
125,51.2,30.750263500086525,1.5021610193151613,6.341455603776061,6,9,3.0,2.0,1.5
118,46.61016949152542,40.420673173293295,1.639051884860645,7.774637015729293,6,9,3.0,2.0,2.0
82,52.4390243902439,21.87577162403881,1.56213775105845,6.700662673227116,6,9,3.0,2.5,1.5
80,47.5,27.913584899864297,1.6649081540547375,9.58293541431715,6,9,3.0,2.5,2.0
52,55.769230769230774,17.249361698819005,1.7350704080544757,6.442980803769609,6,9,3.0,3.0,1.5
52,50.0,20.75407815391725,1.7822263205456765,10.442980803769615,6,9,3.0,3.0,2.0
29,55.172413793103445,9.681489543459527,1.7296518617422878,4.7076407054340095,6,9,3.0,3.5,1.5
29,44.827586206896555,8.181489543459529,1.5008737687979514,9.253000026893128,6,9,3.0,3.5,2.0
15,66.66666666666666,9.689586369434073,2.888911677490136,2.056014935868431,6,9,3.0,4.0,1.5
15,46.666666666666664,5.689586369434078,1.6942320545258052,5.155364249316258,6,9,3.0,4.0,2.0
125,51.2,30.757874469907804,1.502347745242523,6.341455603776061,6,9,3.5,2.0,1.5
118,46.61016949152542,40.42828414311457,1.6392491351010334,7.774637015729293,6,9,3.5,2.0,2.0
82,52.4390243902439,21.883382593860087,1.5624433301569658,6.700662673227116,6,9,3.5,2.5,1.5
80,47.5,27.921195869685576,1.665210048460807,9.58293541431715,6,9,3.5,2.5,2.0
52,55.769230769230774,17.249361698819005,1.7350704080544757,6.442980803769609,6,9,3.5,3.0,1.5
52,50.0,20.75407815391725,1.7822263205456765,10.442980803769615,6,9,3.5,3.0,2.0
29,55.172413793103445,9.681489543459527,1.7296518617422878,4.7076407054340095,6,9,3.5,3.5,1.5
29,44.827586206896555,8.181489543459529,1.5008737687979514,9.253000026893128,6,9,3.5,3.5,2.0
15,66.66666666666666,9.689586369434073,2.888911677490136,2.056014935868431,6,9,3.5,4.0,1.5
15,46.666666666666664,5.689586369434078,1.6942320545258052,5.155364249316258,6,9,3.5,4.0,2.0
118,49.152542372881356,24.94885660713904,1.41346498528765,5.3003432520460585,6,12,2.0,2.0,1.5
113,44.24778761061947,31.65696209315548,1.4993258540389902,5.71562855004752,6,12,2.0,2.0,2.0
85,49.411764705882355,18.517450657182714,1.4302381638241115,5.465990107973388,6,12,2.0,2.5,1.5
83,44.57831325301205,25.055263933008202,1.543429856931982,6.602279325086272,6,12,2.0,2.5,2.0
59,50.847457627118644,14.924416258752322,1.517802578543533,5.430615042841249,6,12,2.0,3.0,1.5
59,45.76271186440678,19.42913271385057,1.6092854496150375,9.430615042841257,6,12,2.0,3.0,2.0
37,51.35135135135135,10.594296909804578,1.6027463846599999,4.831280377273721,6,12,2.0,3.5,1.5
37,43.24324324324324,11.094296909804573,1.5374493057731795,9.33128037727374,6,12,2.0,3.5,2.0
23,52.17391304347826,6.538158695642375,1.580869540510178,6.289283327029414,6,12,2.0,4.0,1.5
23,39.130434782608695,3.5381586956423834,1.2470504423704212,8.289283327029425,6,12,2.0,4.0,2.0
161,46.58385093167702,22.672765370576506,1.261560389641118,9.646461327697093,6,12,2.5,2.0,1.5
153,41.17647058823529,28.418393291107513,1.3131491245563294,12.032781937609986,6,12,2.5,2.0,2.0
112,44.642857142857146,9.99301485415591,1.1604782984272477,9.555768535938904,6,12,2.5,2.5,1.5
109,40.36697247706422,18.0426299261776,1.276151489556536,10.827155253501333,6,12,2.5,2.5,2.0
78,46.15384615384615,9.46801189270953,1.2253715274670438,10.106797882140905,6,12,2.5,3.0,1.5
78,42.30769230769231,16.472728347807788,1.3654395841399636,13.606797882140897,6,12,2.5,3.0,2.0
50,46.0,7.41311967614161,1.27749755426052,8.92565857263254,6,12,2.5,3.5,1.5
50,40.0,9.913119676141598,1.3328787441091674,13.42565857263256,6,12,2.5,3.5,2.0
29,51.724137931034484,7.9633480112677315,1.5570414777592942,7.314087630600857,6,12,2.5,4.0,1.5
29,41.37931034482759,6.46334801126774,1.3722787521147872,10.3423637999111,6,12,2.5,4.0,2.0
170,47.05882352941176,25.039687638241123,1.2759968369356023,9.17112772716629,6,12,3.0,2.0,1.5
160,42.5,34.851713686121194,1.375831106264171,11.991050209730123,6,12,3.0,2.0,2.0
116,44.827586206896555,9.913349437969458,1.1542042270729627,10.567423895447797,6,12,3.0,2.5,1.5
113,40.707964601769916,18.462964509991142,1.2741226369028344,11.838810613010226,6,12,3.0,2.5,2.0
80,46.25,8.904893022020074,1.2070136123304736,10.106797882140905,6,12,3.0,3.0,1.5
80,42.5,15.909609477118327,1.3452473615933187,13.606797882140897,6,12,3.0,3.0,2.0
51,47.05882352941176,8.116529643914077,1.3038285126460358,8.92565857263254,6,12,3.0,3.5,1.5
51,41.17647058823529,10.616529643914065,1.3564989801514609,13.42565857263256,6,12,3.0,3.5,2.0
30,53.333333333333336,8.666757979040199,1.606245471778415,7.314087630600857,6,12,3.0,4.0,1.5
30,43.333333333333336,7.1667579790402085,1.4127940677949766,10.3423637999111,6,12,3.0,4.0,2.0
171,46.783625730994146,24.05000747550518,1.2621915602841467,9.15849763599346,6,12,3.5,2.0,1.5
160,42.5,33.889282961726394,1.3655627646765411,11.951170680216144,6,12,3.5,2.0,2.0
117,44.44444444444444,8.911039184060684,1.1364851216652778,10.567423895447797,6,12,3.5,2.5,1.5
114,40.35087719298245,17.460654256082375,1.2554398547094723,11.838810613010226,6,12,3.5,2.5,2.0
80,46.25,8.904893022020074,1.2070136123304736,10.106797882140905,6,12,3.5,3.0,1.5
80,42.5,15.909609477118327,1.3452473615933187,13.606797882140897,6,12,3.5,3.0,2.0
51,47.05882352941176,8.116529643914077,1.3038285126460358,8.92565857263254,6,12,3.5,3.5,1.5
51,41.17647058823529,10.616529643914065,1.3564989801514609,13.42565857263256,6,12,3.5,3.5,2.0
30,53.333333333333336,8.666757979040199,1.606245471778415,7.314087630600857,6,12,3.5,4.0,1.5
30,43.333333333333336,7.1667579790402085,1.4127940677949766,10.3423637999111,6,12,3.5,4.0,2.0
