trade_id,phase,symbol,period,signal_time,entry_time,trigger_type,signal_close,entry,stop,target,exit_time,exit_reason,r_after_cost,bb_pos,bb_width_atr,macd_hist_slope3,signal_recovery_bars,v_move_atr,v_drop_speed_atr_per_bar,max_recovery_to_drop,candidate,tv_signal_time,tv_entry_time,tv_match,tv_notes
7,B_LIVE,GBPJPY,Research_2015_2024,2016-05-25 04:00:00,2016-05-25 08:00:00,stagnation+rebreak,161.24,161.25,157.8422962444742,168.03540751105163,2016-06-01 08:00:00,SL,-1.0058690547755362,0.8685966440256565,6.286900254571557,0.0670296080822834,9,5.336791637098479,0.3557861091398985,1.2,Strict_075_100_width7,,,,
8,B_LIVE,GBPJPY,Research_2015_2024,2016-08-23 20:00:00,2016-08-24 00:00:00,stagnation+rebreak,132.33,132.33,130.20645592542664,136.57708814914676,2016-09-01 08:00:00,TP,1.9905817824836056,0.9388213277666424,3.4997096776302112,0.0129242970789549,15,3.963218703317223,0.566174100473889,1.2,Strict_075_100_width7,,,,
13,B_LIVE,GBPJPY,Research_2015_2024,2017-08-15 00:00:00,2017-08-15 04:00:00,rebreak,142.82,142.83,141.12422108733622,146.21155782532753,2017-08-17 16:00:00,SL,-1.011724848895423,0.8871082947142952,4.746902245317641,0.0381711534571685,11,5.403068228772605,0.6753835285965756,1.2,Strict_075_100_width7,,,,
19,B_LIVE,GBPJPY,Research_2015_2024,2020-02-05 08:00:00,2020-02-05 12:00:00,rebreak,143.11,143.1,140.78619649735558,147.7576070052889,2020-02-28 00:00:00,SL,-1.0086437763522806,0.7872789508827015,5.925579719775763,0.0590387519466228,7,4.7252297996789645,0.3937691499732471,1.2,Strict_075_100_width7,,,,
20,B_LIVE,GBPJPY,Research_2015_2024,2020-07-16 12:00:00,2020-07-16 16:00:00,rebreak,135.07,135.06,133.86628363203158,137.47743273593682,2020-07-31 08:00:00,TP,2.0083771993652144,0.9023559555544804,2.8442739120734375,0.0403118901991127,12,3.948083008558404,0.658013834759734,1.2,Strict_075_100_width7,,,,
23,B_LIVE,GBPJPY,Research_2015_2024,2021-10-05 04:00:00,2021-10-05 08:00:00,stagnation,151.42,151.43,149.11487862278616,156.03024275442763,2021-10-15 00:00:00,TP,1.978402860216248,0.9271855465403416,4.6107839100296735,0.0003268901089477,12,3.626607065554219,0.7253214131108437,1.2,Strict_075_100_width7,,,,
24,B_LIVE,GBPJPY,Research_2015_2024,2022-05-23 16:00:00,2022-05-23 20:00:00,stagnation,160.96,160.97,157.653838749436,167.572322501128,2022-06-08 04:00:00,TP,1.984922325477553,0.9190827972654194,4.04375608209509,0.0338628667779235,14,4.802066330561746,0.4001721942134789,1.2,Strict_075_100_width7,,,,
25,B_LIVE,GBPJPY,Research_2015_2024,2022-07-10 20:00:00,2022-07-11 00:00:00,rebreak,164.23,164.27,160.1459602360265,172.39807952794698,2022-08-01 20:00:00,SL,-1.0048496137633531,0.929355369684752,4.367560770080201,0.0694270290196281,15,5.699875468704433,0.7124844335880541,1.2,Strict_075_100_width7,,,,
32,B_LIVE,GBPJPY,Research_2015_2024,2024-05-17 12:00:00,2024-05-17 16:00:00,stagnation,197.76,197.77,194.9231211810245,203.43375763795095,2024-06-27 20:00:00,TP,1.9824369061068663,0.9358308355632182,5.35930999828394,0.0489067372388288,10,4.299324757083199,0.8598649514166399,1.2,Strict_075_100_width7,,,,
