symbol,timeframe,filter,filter_description,box_bars,box_atr,signal_i,signal_time,direction,close,p0,p1,p2,wave1_atr,retrace,recovery,wave1_bars,adjust_bars,adjust_ratio,setup_age,box_high,box_low,box_width_atr,chase_atr,signal_body_ratio,ema_ok,upper_align,upper_oppose,upper_context,stop,pivots,entry_i,entry_time,entry,target_model,target,planned_rr,exit_i,exit_time,exit,exit_reason,bars_held,risk,r_clean,r_after_cost,sample,year,month,hour
USDJPY,H1,base,50%-88.6%戻し + 圧縮ボックス再ブレイク。上位足は問わない。,8,2.0,1156,2014-03-11 01:00:00,long,103.341,102.934,103.405,103.154,4.446559607499087,0.5329087048832332,0.7450199203187015,4,3,0.75,8,103.334,103.164,1.6049153572714363,0.0660847500052068,0.8265306122447929,True,1,0,H4順,103.13281508215,1138-1142-1145,1157,2014-03-11 02:00:00,103.344,fixed_1_5R,103.660777376775,1.5,1171,2014-03-11 16:00:00,103.13281508215,SL,14,0.2111849178500051,-1.0,-1.04735186632548,IS_2014_2024,2014,3,2
USDJPY,H1,base,50%-88.6%戻し + 圧縮ボックス再ブレイク。上位足は問わない。,8,2.0,1430,2014-03-26 11:00:00,long,102.379,102.198,102.401,102.26,2.819387685844033,0.6945812807881235,0.8439716312057253,9,4,0.4444444444444444,4,102.355,102.26,1.319417882537813,0.3333266229569377,0.590909090909179,True,1,0,H4順,102.2455997101059,1410-1419-1423,1431,2014-03-26 12:00:00,102.379,fixed_1_5R,102.57910043484117,1.5,1436,2014-03-26 17:00:00,102.2455997101059,SL,5,0.133400289894098,-1.0,-1.0749623558384287,IS_2014_2024,2014,3,12
USDJPY,H1,base,50%-88.6%戻し + 圧縮ボックス再ブレイク。上位足は問わない。,8,2.0,2522,2014-05-28 23:00:00,short,101.721,101.975,101.638,101.886,4.3604808299558755,0.7359050445103813,0.6653225806451548,1,7,7.0,1,101.886,101.744,1.8373539402188024,0.2975995818663843,0.7027027027026197,True,0,0,H4中立,101.90145701096468,2510-2511-2518,2523,2014-05-29 00:00:00,101.721,fixed_1_5R,101.45031448355296,1.5,2538,2014-05-29 15:00:00,101.45031448355296,TP,15,0.1804570109646874,1.5,1.44458513999244,IS_2014_2024,2014,5,0
USDJPY,H1,base,50%-88.6%戻し + 圧縮ボックス再ブレイク。上位足は問わない。,8,2.0,6483,2015-01-19 11:00:00,long,117.403,116.311,117.762,116.921,5.45063579625905,0.5796002756719488,0.5731272294887072,3,11,3.6666666666666665,5,117.386,116.921,1.7467578533841563,0.0638599645323634,0.6648044692737342,True,0,1,H4逆,116.86775850472358,6461-6464-6475,6484,2015-01-19 12:00:00,117.403,fixed_1_5R,118.20586224291463,1.499999999999987,6497,2015-01-20 01:00:00,118.20586224291463,TP,13,0.5352414952764235,1.499999999999987,1.481316844661243,IS_2014_2024,2015,1,12
USDJPY,H1,base,50%-88.6%戻し + 圧縮ボックス再ブレイク。上位足は問わない。,8,2.0,7055,2015-02-20 07:00:00,short,118.825,119.178,118.796,119.091,3.185129455017982,0.7722513089005094,0.9016949152542456,3,8,2.6666666666666665,4,119.091,118.856,1.9594382773016803,0.258479091899302,0.895833333333284,True,0,1,H4逆,119.11498646619516,7037-7040-7048,7056,2015-02-20 08:00:00,118.825,fixed_1_5R,118.39002030070728,1.5000000000000244,7062,2015-02-20 14:00:00,118.39002030070728,TP,6,0.2899864661951454,1.5000000000000244,1.465515632052793,IS_2014_2024,2015,2,8
USDJPY,H1,base,50%-88.6%戻し + 圧縮ボックス再ブレイク。上位足は問わない。,8,2.0,7289,2015-03-06 01:00:00,short,120.01,120.394,119.961,120.268,3.5221442694649268,0.7090069284064602,0.840390879478807,1,3,3.0,5,120.268,120.037,1.8790192292063876,0.2196256241929679,0.3040935672514319,True,0,1,H4逆,120.29258729494724,7277-7278-7281,7290,2015-03-06 02:00:00,120.009,fixed_1_5R,119.58361905757916,1.499999999999975,7301,2015-03-06 13:00:00,120.29258729494724,SL,11,0.2835872949472247,-1.0,-1.0352625106207662,IS_2014_2024,2015,3,2
USDJPY,H1,base,50%-88.6%戻し + 圧縮ボックス再ブレイク。上位足は問わない。,8,2.0,7970,2015-04-15 09:00:00,short,119.4,120.176,119.071,119.744,6.97997146528771,0.6090497737556556,0.5111441307577907,17,13,0.7647058823529411,2,119.744,119.463,1.7749972685483084,0.397953124265196,0.7700534759357334,True,1,0,H4順,119.77566202055397,7935-7952-7965,7971,2015-04-15 10:00:00,119.399,fixed_1_5R,118.83400696916904,1.5,7978,2015-04-15 17:00:00,118.83400696916904,TP,7,0.3766620205539652,1.5,1.4734509999567154,IS_2014_2024,2015,4,10
USDJPY,H1,base,50%-88.6%戻し + 圧縮ボックス再ブレイク。上位足は問わない。,8,2.0,10055,2015-08-14 06:00:00,short,124.312,124.625,124.257,124.532,3.301424713276104,0.7472826086956391,0.8000000000000207,3,10,3.3333333333333335,2,124.532,124.364,1.507172151712954,0.4665056660064725,0.6249999999999861,True,0,1,H4逆,124.55429340554215,10037-10040-10050,10056,2015-08-14 07:00:00,124.311,fixed_1_5R,123.94605989168676,1.5000000000000293,10080,2015-08-17 07:00:00,124.55429340554215,SL,24,0.2432934055421611,-1.0,-1.041102634811275,IS_2014_2024,2015,8,7
USDJPY,H1,base,50%-88.6%戻し + 圧縮ボックス再ブレイク。上位足は問わない。,8,2.0,10536,2015-09-11 07:00:00,short,120.561,121.325,120.461,120.965,4.12048634564347,0.583333333333336,0.8015873015872866,6,9,1.5,4,120.965,120.58,1.8360963461490152,0.0906125469527655,0.4085714285713965,True,1,0,H4順,121.00693679714112,10514-10520-10529,10537,2015-09-11 08:00:00,120.561,fixed_1_5R,119.89209480428832,1.5,10568,2015-09-14 15:00:00,119.89209480428832,TP,31,0.4459367971411154,1.5,1.477575297521755,IS_2014_2024,2015,9,8
USDJPY,H1,base,50%-88.6%戻し + 圧縮ボックス再ブレイク。上位足は問わない。,8,2.0,11356,2015-10-29 11:00:00,long,120.934,120.291,121.256,120.588,5.632085265892693,0.6922279792746155,0.5179640718562879,7,5,0.7142857142857143,8,120.906,120.629,1.616671107411685,0.1634180180776657,0.625730994152019,True,1,0,H4順,120.55373205289187,11333-11340-11345,11357,2015-10-29 12:00:00,120.935,fixed_1_5R,121.5069019206622,1.4999999999999811,11372,2015-10-30 03:00:00,120.55373205289187,SL,15,0.3812679471081281,-1.0,-1.0262282735169317,IS_2014_2024,2015,10,12
USDJPY,H1,base,50%-88.6%戻し + 圧縮ボックス再ブレイク。上位足は問わない。,8,2.0,12794,2016-01-25 20:00:00,short,118.298,118.855,118.172,118.654,3.5712266582164767,0.7057101024890109,0.738589211618247,7,6,0.8571428571428571,2,118.654,118.33,1.6941104498713322,0.1673195506045585,0.8220338983051306,True,0,1,H4逆,118.69225016249968,12776-12783-12789,12795,2016-01-25 21:00:00,118.302,fixed_1_5R,117.71662475625048,1.5,12805,2016-01-26 07:00:00,117.71662475625048,TP,10,0.390250162499683,1.5,1.4743754110544438,IS_2014_2024,2016,1,21
USDJPY,H1,base,50%-88.6%戻し + 圧縮ボックス再ブレイク。上位足は問わない。,8,2.0,12919,2016-02-02 01:00:00,short,120.783,121.409,120.677,121.165,3.6286735053148,0.6666666666666666,0.7827868852459127,4,3,0.75,4,121.165,120.824,1.6904066466016088,0.203245373931551,0.6086956521738929,True,0,1,H4逆,121.2053453217231,12905-12909-12912,12920,2016-02-02 02:00:00,120.783,fixed_1_5R,120.14948201741537,1.5,12935,2016-02-02 17:00:00,120.14948201741537,TP,15,0.4223453217230997,1.5,1.4763226926269897,IS_2014_2024,2016,2,2
USDJPY,H1,base,50%-88.6%戻し + 圧縮ボックス再ブレイク。上位足は問わない。,8,2.0,13015,2016-02-08 01:00:00,long,117.209,116.292,117.428,116.801,4.774813745926466,0.5519366197183079,0.6507177033492891,1,8,8.0,0,117.121,116.801,1.345017956598981,0.3698799380647616,0.6976744186046512,True,0,1,H4逆,116.75341699214052,13003-13004-13012,13016,2016-02-08 02:00:00,117.209,fixed_1_5R,117.89237451178924,1.4999999999999845,13023,2016-02-08 09:00:00,116.75341699214052,SL,7,0.455583007859488,-1.0,-1.0219498967860432,IS_2014_2024,2016,2,2
USDJPY,H1,base,50%-88.6%戻し + 圧縮ボックス再ブレイク。上位足は問わない。,8,2.0,14392,2016-04-27 09:00:00,long,111.31,110.67,111.474,111.027,5.3276585512768655,0.5559701492537333,0.6331096196867998,12,8,0.6666666666666666,3,111.266,111.027,1.583719395217899,0.2915634033036879,0.6440677966102212,True,1,0,H4順,110.99681788557724,14366-14378-14386,14393,2016-04-27 10:00:00,111.31,fixed_1_5R,111.77977317163412,1.4999999999999774,14408,2016-04-28 01:00:00,111.77977317163412,TP,15,0.3131821144227587,1.4999999999999774,1.4680696963859845,IS_2014_2024,2016,4,10
USDJPY,H1,base,50%-88.6%戻し + 圧縮ボックス再ブレイク。上位足は問わない。,8,2.0,15035,2016-06-03 04:00:00,short,108.612,109.313,108.523,109.135,4.013120482910931,0.7746835443038027,0.8545751633986972,7,12,1.7142857142857142,0,109.135,108.745,1.981160744728168,0.6756266129458086,0.5456790123456865,True,1,0,H4順,109.17437085882987,15013-15020-15032,15036,2016-06-03 05:00:00,108.612,fixed_1_5R,107.76844371175515,1.5,15043,2016-06-03 12:00:00,107.76844371175515,TP,7,0.5623708588298939,1.5,1.4822181397862657,IS_2014_2024,2016,6,5
USDJPY,H1,base,50%-88.6%戻し + 圧縮ボックス再ブレイク。上位足は問わない。,8,2.0,15224,2016-06-15 01:00:00,long,106.212,105.732,106.577,105.936,4.50492892126563,0.7585798816567952,0.4305772230889236,8,11,1.375,21,106.196,105.911,1.5194138965215278,0.085300429278431,0.5544041450777228,True,0,1,H4逆,105.87348553463248,15181-15189-15200,15225,2016-06-15 02:00:00,106.213,fixed_1_5R,106.72227169805126,1.4999999999999791,15237,2016-06-15 14:00:00,105.87348553463248,SL,12,0.3395144653675146,-1.0,-1.0294538260370325,IS_2014_2024,2016,6,2
USDJPY,H1,base,50%-88.6%戻し + 圧縮ボックス再ブレイク。上位足は問わない。,8,2.0,15412,2016-06-26 21:00:00,short,101.872,106.809,98.955,103.253,11.776191740651084,0.5472370766488417,0.3213122382503489,5,5,1.0,11,102.561,102.007,0.8306608383397919,0.2024173523030248,0.968137254901948,True,1,0,H4順,103.38638777378918,15388-15393-15398,15413,2016-06-26 22:00:00,101.872,fixed_1_5R,99.60041833931624,1.4999999999999951,15485,2016-06-29 22:00:00,102.885,time_exit,72,1.514387773789181,-0.6689171806144187,-0.6755205091495994,IS_2014_2024,2016,6,22
USDJPY,H1,base,50%-88.6%戻し + 圧縮ボックス再ブレイク。上位足は問わない。,8,2.0,17201,2016-10-07 11:00:00,short,103.62,104.161,103.536,103.987,4.1057453073221515,0.7215999999999895,0.8137472283813649,11,4,0.3636363636363636,2,103.987,103.687,1.970757747514614,0.4401358969448891,0.5714285714285544,True,0,1,H4逆,104.01744514226858,17181-17192-17196,17202,2016-10-07 12:00:00,103.62,fixed_1_5R,103.02383228659713,1.500000000000018,17203,2016-10-07 13:00:00,103.02383228659713,TP,1,0.3974451422685803,1.500000000000018,1.474839294945449,IS_2014_2024,2016,10,12
USDJPY,H1,base,50%-88.6%戻し + 圧縮ボックス再ブレイク。上位足は問わない。,8,2.0,17987,2016-11-23 06:00:00,short,110.912,111.356,110.825,111.172,2.7379436138398527,0.6534839924670426,0.7492795389048854,2,8,4.0,2,111.172,110.946,1.1653018017472954,0.1753108905283126,0.5833333333332544,True,0,1,H4逆,111.21078823488664,17972-17974-17982,17988,2016-11-23 07:00:00,110.914,fixed_1_5R,110.46881764767004,1.5,17993,2016-11-23 12:00:00,111.21078823488664,SL,5,0.296788234886634,-1.0,-1.0336940580000102,IS_2014_2024,2016,11,7
USDJPY,H1,base,50%-88.6%戻し + 圧縮ボックス再ブレイク。上位足は問わない。,8,2.0,18052,2016-11-27 23:00:00,short,112.642,113.898,112.555,113.303,4.603716942582548,0.556962025316453,0.8836898395722056,7,9,1.2857142857142858,3,113.303,112.767,1.8373732548207533,0.4284918971130477,0.5916230366492046,True,0,1,H4逆,113.36134416045772,18030-18037-18046,18053,2016-11-28 00:00:00,112.654,fixed_1_5R,111.5929837593134,1.5,18055,2016-11-28 02:00:00,111.5929837593134,TP,2,0.7073441604577226,1.5,1.4858626103684522,IS_2014_2024,2016,11,0
USDJPY,H1,base,50%-88.6%戻し + 圧縮ボックス再ブレイク。上位足は問わない。,8,2.0,20271,2017-04-05 09:00:00,long,110.877,110.27,110.911,110.538,4.111840682078695,0.5819032761310476,0.90884718498658,12,5,0.4166666666666667,2,110.817,110.538,1.789709126832966,0.3848836831899048,0.4300518134714992,True,0,1,H4逆,110.50682174920864,20249-20261-20266,20272,2017-04-05 10:00:00,110.875,fixed_1_5R,111.42726737618706,1.5,20275,2017-04-05 13:00:00,111.42726737618706,TP,3,0.3681782507913738,1.5,1.4728392430066235,IS_2014_2024,2017,4,10
USDJPY,H1,base,50%-88.6%戻し + 圧縮ボックス再ブレイク。上位足は問わない。,8,2.0,21194,2017-05-29 20:00:00,short,111.246,111.469,111.227,111.399,2.9406702957137068,0.7107438016529091,0.8895348837209792,5,2,0.4,9,111.359,111.264,1.1543953640198763,0.2187275426564085,0.4867256637168765,True,1,0,H4順,111.41545883255615,21175-21180-21182,21195,2017-05-29 21:00:00,111.246,fixed_1_5R,110.99181175116576,1.5,21198,2017-05-30 00:00:00,110.99181175116576,TP,3,0.1694588325561596,1.5,1.44098861741729,IS_2014_2024,2017,5,21
USDJPY,H1,base,50%-88.6%戻し + 圧縮ボックス再ブレイク。上位足は問わない。,8,2.0,21818,2017-07-04 20:00:00,long,113.277,112.058,113.471,112.74,13.325682034185055,0.5173389950460088,0.7346101231190146,23,10,0.4347826086956521,11,113.264,113.116,1.3957543814998878,0.1226000470236913,0.3499999999999644,True,1,0,H4順,112.71879283032004,21771-21794-21804,21819,2017-07-04 21:00:00,113.274,fixed_1_5R,114.10681075451994,1.5,21885,2017-07-07 15:00:00,114.10681075451994,TP,66,0.5552071696799601,1.5,1.4819887052147485,IS_2014_2024,2017,7,21
USDJPY,H1,base,50%-88.6%戻し + 圧縮ボックス再ブレイク。上位足は問わない。,8,2.0,22493,2017-08-13 23:00:00,long,109.257,108.729,109.401,108.918,4.2358841640704625,0.7187499999999881,0.701863354037279,1,4,4.0,3,109.218,108.918,1.8910197161028757,0.2458325630933854,0.8027210884354063,True,0,1,H4逆,108.8862710870283,22482-22483-22487,22494,2017-08-14 00:00:00,109.258,fixed_1_5R,109.81559336945752,1.5,22517,2017-08-14 23:00:00,109.81559336945752,TP,23,0.3717289129716903,1.5,1.4730986758063866,IS_2014_2024,2017,8,0
USDJPY,H1,base,50%-88.6%戻し + 圧縮ボックス再ブレイク。上位足は問わない。,8,2.0,23580,2017-10-16 06:00:00,short,111.81,112.262,111.686,112.078,4.698563503755177,0.6805555555555562,0.683673469387764,1,12,12.0,2,112.078,111.838,1.95773479323142,0.2284023925435884,0.4676616915422745,True,1,0,H4順,112.1025181319584,23562-23563-23575,23581,2017-10-16 07:00:00,111.81,fixed_1_5R,111.3712228020624,1.5000000000000242,23592,2017-10-16 18:00:00,112.1025181319584,SL,11,0.2925181319584027,-1.0,-1.0341859150167585,IS_2014_2024,2017,10,7
USDJPY,H1,base,50%-88.6%戻し + 圧縮ボックス再ブレイク。上位足は問わない。,8,2.0,24563,2017-12-12 06:00:00,short,113.409,113.688,113.242,113.577,5.561032321018689,0.7511210762331733,0.5014925373134188,11,12,1.0909090909090908,3,113.577,113.437,1.745615526777182,0.3491231053553301,0.8035714285712428,True,0,1,H4逆,113.59304018729812,24534-24545-24557,24564,2017-12-12 07:00:00,113.409,fixed_1_5R,113.13293971905284,1.5,24571,2017-12-12 14:00:00,113.59304018729812,SL,7,0.184040187298109,-1.0,-1.0543359586120875,IS_2014_2024,2017,12,7
USDJPY,H1,base,50%-88.6%戻し + 圧縮ボックス再ブレイク。上位足は問わない。,8,2.0,25193,2018-01-19 03:00:00,short,110.834,111.355,110.691,111.203,3.6810486722889553,0.7710843373493965,0.7207031249999989,6,4,0.6666666666666666,4,111.203,110.847,1.9735742881549656,0.0720687240056073,0.6532258064516056,True,1,0,H4順,111.23907667592113,25176-25182-25186,25194,2018-01-19 04:00:00,110.834,fixed_1_5R,110.22638498611836,1.4999999999999825,25261,2018-01-23 23:00:00,110.22638498611836,TP,67,0.4050766759211086,1.4999999999999825,1.4753133157389058,IS_2014_2024,2018,1,4
USDJPY,H1,base,50%-88.6%戻し + 圧縮ボックス再ブレイク。上位足は問わない。,8,2.0,25562,2018-02-09 12:00:00,short,108.8,109.765,108.492,109.309,5.433762795736393,0.6417910447761159,0.6230110159118785,11,9,0.8181818181818182,1,109.309,108.851,1.9549594347582615,0.21769198945999,0.7209302325581357,True,1,0,H4順,109.35585519216993,25538-25549-25558,25563,2018-02-09 13:00:00,108.8,fixed_1_5R,107.96621721174512,1.5000000000000129,25605,2018-02-13 07:00:00,107.96621721174512,TP,42,0.5558551921699149,1.5000000000000129,1.4820097029930648,IS_2014_2024,2018,2,13
USDJPY,H1,base,50%-88.6%戻し + 圧縮ボックス再ブレイク。上位足は問わない。,8,2.0,26069,2018-03-12 14:00:00,short,106.426,106.972,106.354,106.731,4.26437727190665,0.6100323624595443,0.8090185676392477,3,2,0.6666666666666666,5,106.731,106.459,1.8768780225867012,0.2277094659756083,0.6125000000000067,True,1,0,H4順,106.759984302307,26056-26059-26061,26070,2018-03-12 15:00:00,106.423,fixed_1_5R,105.91752354653951,1.500000000000021,26083,2018-03-13 04:00:00,106.759984302307,SL,13,0.3369843023069876,-1.0,-1.0296749727851746,IS_2014_2024,2018,3,15
USDJPY,H1,base,50%-88.6%戻し + 圧縮ボックス再ブレイク。上位足は問わない。,8,2.0,26878,2018-04-27 07:00:00,long,109.393,109.066,109.419,109.144,2.9880763982029364,0.7790368271954555,0.9054545454545562,6,7,1.1666666666666667,2,109.347,109.144,1.718355549108136,0.3893810603891122,0.3930131004366974,True,1,0,H4順,109.12037275939716,26860-26866-26873,26879,2018-04-27 08:00:00,109.392,fixed_1_5R,109.79944086090424,1.5000000000000262,26885,2018-04-27 14:00:00,109.12037275939716,SL,6,0.2716272406028253,-1.0,-1.0368151588102792,IS_2014_2024,2018,4,8
USDJPY,H1,base,50%-88.6%戻し + 圧縮ボックス再ブレイク。上位足は問わない。,8,2.0,27301,2018-05-22 22:00:00,short,110.824,111.185,110.796,111.078,3.4203728164341816,0.7249357326478136,0.9007092198581846,5,3,0.6,4,111.078,110.856,1.9519865430550776,0.2813674296295191,0.5684931506849175,True,0,1,H4逆,111.100746058449,27286-27291-27294,27302,2018-05-22 23:00:00,110.823,fixed_1_5R,110.40638091232648,1.4999999999999745,27306,2018-05-23 03:00:00,110.40638091232648,TP,4,0.2777460584490114,1.4999999999999745,1.463995888705532,IS_2014_2024,2018,5,23
USDJPY,H1,base,50%-88.6%戻し + 圧縮ボックス再ブレイク。上位足は問わない。,8,2.0,27754,2018-06-18 19:00:00,long,110.571,110.3,110.615,110.377,3.1688372611526576,0.7555555555555595,0.8151260504201806,6,7,1.1666666666666667,2,110.524,110.377,1.478790721871307,0.4728106389656083,0.6451612903225806,True,1,0,H4順,110.35711889068196,27736-27742-27749,27755,2018-06-18 20:00:00,110.571,fixed_1_5R,110.89182166397704,1.4999999999999667,27758,2018-06-18 23:00:00,110.35711889068196,SL,3,0.2138811093180237,-1.0,-1.046754947325066,IS_2014_2024,2018,6,20
USDJPY,H1,base,50%-88.6%戻し + 圧縮ボックス再ブレイク。上位足は問わない。,8,2.0,27794,2018-06-20 11:00:00,short,110.025,110.593,109.55,110.25,8.634751314485323,0.671140939597314,0.321428571428562,11,23,2.090909090909091,3,110.25,110.064,1.5398501864758591,0.3228718132932076,0.7816091954022444,True,0,1,H4逆,110.27415819430144,27754-27765-27788,27795,2018-06-20 12:00:00,110.025,fixed_1_5R,109.65126270854785,1.4999999999999716,27801,2018-06-20 18:00:00,110.27415819430144,SL,6,0.2491581943014438,-1.0,-1.0401351439715942,IS_2014_2024,2018,6,12
USDJPY,H1,base,50%-88.6%戻し + 圧縮ボックス再ブレイク。上位足は問わない。,8,2.0,30474,2018-11-23 04:00:00,short,112.902,113.077,112.884,113.009,3.023076862293923,0.6476683937823907,0.8559999999999945,3,15,5.0,0,113.009,112.919,1.4097249616915355,0.2662813816527714,0.3770491803277619,True,1,0,H4順,113.02176844809388,30453-30456-30471,30475,2018-11-23 05:00:00,112.903,fixed_1_5R,112.7248473278592,1.5,30483,2018-11-23 13:00:00,112.7248473278592,TP,8,0.1187684480938742,1.5,1.415802553957033,IS_2014_2024,2018,11,5
USDJPY,H1,base,50%-88.6%戻し + 圧縮ボックス再ブレイク。上位足は問わない。,8,2.0,30599,2018-11-30 09:00:00,long,113.492,113.191,113.555,113.317,3.894356206655987,0.6538461538461838,0.7352941176470641,6,3,0.5,8,113.485,113.342,1.5299256526148413,0.0748914655126677,0.872093023255862,True,1,0,H4順,113.29830628115744,30579-30585-30588,30600,2018-11-30 10:00:00,113.492,fixed_1_5R,113.78254057826383,1.4999999999999634,30613,2018-12-02 23:00:00,113.78254057826383,TP,13,0.1936937188425673,1.4999999999999634,1.4483720997265486,IS_2014_2024,2018,11,10
USDJPY,H1,base,50%-88.6%戻し + 圧縮ボックス再ブレイク。上位足は問わない。,8,2.0,32668,2019-04-03 23:00:00,short,111.395,111.578,111.327,111.513,3.0985197110396987,0.7410358565737192,0.634408602150563,7,6,0.8571428571428571,0,111.513,111.409,1.2838488045741834,0.1728258006158803,0.8395061728394477,True,0,1,H4逆,111.52920128470416,32652-32659-32665,32669,2019-04-04 00:00:00,111.395,fixed_1_5R,111.19369807294376,1.4999999999999472,32682,2019-04-04 13:00:00,111.52920128470416,SL,13,0.1342012847041616,-1.0,-1.0745149349504015,IS_2014_2024,2019,4,0
USDJPY,H1,base,50%-88.6%戻し + 圧縮ボックス再ブレイク。上位足は問わない。,8,2.0,33397,2019-05-16 08:00:00,long,109.552,109.153,109.692,109.336,4.854781835453478,0.6604823747680946,0.6067415730337402,1,11,11.0,4,109.534,109.336,1.7833892456768974,0.1621262950615361,0.5988023952096262,True,0,1,H4逆,109.31379508870764,33378-33379-33390,33398,2019-05-16 09:00:00,109.553,fixed_1_5R,109.91180736693856,1.5000000000000298,33403,2019-05-16 14:00:00,109.91180736693856,TP,5,0.2392049112923615,1.5000000000000298,1.4581948382833931,IS_2014_2024,2019,5,9
USDJPY,H1,base,50%-88.6%戻し + 圧縮ボックス再ブレイク。上位足は問わない。,8,2.0,34171,2019-07-01 16:00:00,long,108.476,108.102,108.533,108.219,3.4935097081424864,0.7285382830626661,0.8184713375796151,6,2,0.3333333333333333,4,108.455,108.219,1.9129194689597369,0.1702174103735393,0.5841584158415647,True,1,0,H4順,108.1943256732623,34156-34162-34164,34172,2019-07-01 17:00:00,108.477,fixed_1_5R,108.90101149010655,1.499999999999975,34191,2019-07-02 12:00:00,108.1943256732623,SL,19,0.2826743267377054,-1.0,-1.0353763998145822,IS_2014_2024,2019,7,17
USDJPY,H1,base,50%-88.6%戻し + 圧縮ボックス再ブレイク。上位足は問わない。,8,2.0,35813,2019-10-04 02:00:00,short,106.76,107.297,106.483,106.926,6.441936490581661,0.5442260442260463,0.3747178329571052,7,8,1.1428571428571428,1,106.926,106.797,1.0208965691462812,0.2928152950263777,0.5256410256409649,True,1,0,H4順,106.95127190391244,35794-35801-35809,35814,2019-10-04 03:00:00,106.761,fixed_1_5R,106.47559214413133,1.5,35823,2019-10-04 12:00:00,106.95127190391244,SL,9,0.1902719039124463,-1.0,-1.0525563669378766,IS_2014_2024,2019,10,3
USDJPY,H1,base,50%-88.6%戻し + 圧縮ボックス再ブレイク。上位足は問わない。,8,2.0,35919,2019-10-10 12:00:00,long,107.622,107.034,107.774,107.354,5.246058038913922,0.5675675675675738,0.6380952380952372,3,8,2.6666666666666665,0,107.55,107.354,1.3894964535501693,0.5104272686511072,0.6035714285714151,True,1,0,H4順,107.32578834109304,35905-35908-35916,35920,2019-10-10 13:00:00,107.622,fixed_1_5R,108.06631748836044,1.5,35931,2019-10-11 00:00:00,108.06631748836044,TP,11,0.2962116589069694,1.5,1.4662403565177304,IS_2014_2024,2019,10,13
USDJPY,H1,base,50%-88.6%戻し + 圧縮ボックス再ブレイク。上位足は問わない。,8,2.0,38515,2020-03-13 04:00:00,long,105.588,103.08,106.099,104.502,6.0008507922673155,0.528983106989071,0.6800250469630512,15,6,0.4,2,105.371,104.502,1.7273068361975112,0.4313297853335534,0.8731443994601776,True,0,1,H4逆,104.4013809343205,38489-38504-38510,38516,2020-03-13 05:00:00,105.588,fixed_1_5R,107.36792859851924,1.499999999999994,38523,2020-03-13 12:00:00,107.36792859851924,TP,7,1.1866190656794942,1.499999999999994,1.4915726956617947,IS_2014_2024,2020,3,5
USDJPY,H1,base,50%-88.6%戻し + 圧縮ボックス再ブレイク。上位足は問わない。,8,2.0,39302,2020-04-28 23:00:00,short,106.756,107.338,106.559,106.971,7.254305887899804,0.5288831835686881,0.5218446601941753,10,3,0.3,6,106.963,106.807,1.4527236437898774,0.4749288835467339,0.7706422018348289,True,1,0,H4順,106.99247689970724,39280-39290-39293,39303,2020-04-29 00:00:00,106.758,fixed_1_5R,106.40628465043916,1.5,39310,2020-04-29 07:00:00,106.40628465043916,TP,7,0.2344768997072321,1.5,1.4573518755473271,IS_2014_2024,2020,4,0
USDJPY,H1,base,50%-88.6%戻し + 圧縮ボックス再ブレイク。上位足は問わない。,8,2.0,39623,2020-05-18 08:00:00,long,107.288,106.855,107.372,107.015,4.840740867036229,0.6905222437137373,0.7647058823529318,5,3,0.6,9,107.273,107.068,1.919442703563688,0.1404470270900324,0.7094594594594088,True,1,0,H4順,106.99363963330404,39603-39608-39611,39624,2020-05-18 09:00:00,107.292,fixed_1_5R,107.73954055004394,1.5,39650,2020-05-19 11:00:00,107.73954055004394,TP,26,0.2983603666959595,1.5,1.466483484013876,IS_2014_2024,2020,5,9
USDJPY,H1,base,50%-88.6%戻し + 圧縮ボックス再ブレイク。上位足は問わない。,8,2.0,39881,2020-06-02 02:00:00,long,107.69,107.376,107.763,107.512,3.931111718507615,0.6485788113695207,0.7091633466135214,3,12,4.0,0,107.667,107.512,1.5744762696865222,0.2336319625986042,0.3999999999999563,True,1,0,H4順,107.49231091316088,39863-39866-39878,39882,2020-06-02 03:00:00,107.69,fixed_1_5R,107.98653363025868,1.5,39891,2020-06-02 12:00:00,107.98653363025868,TP,9,0.1976890868391194,1.5,1.449415518277299,IS_2014_2024,2020,6,3
USDJPY,H1,base,50%-88.6%戻し + 圧縮ボックス再ブレイク。上位足は問わない。,8,2.0,40629,2020-07-15 06:00:00,short,107.171,107.434,107.158,107.309,3.741160298197014,0.5471014492753562,0.9139072847681752,6,7,1.1666666666666667,2,107.309,107.188,1.6401463626153137,0.230433786483097,0.6846153846153981,True,1,0,H4順,107.32375478076322,40611-40617-40624,40630,2020-07-15 07:00:00,107.17,fixed_1_5R,106.93936782885515,1.5,40630,2020-07-15 07:00:00,106.93936782885515,TP,0,0.1537547807632222,1.5,1.434961371930343,IS_2014_2024,2020,7,7
USDJPY,H1,base,50%-88.6%戻し + 圧縮ボックス再ブレイク。上位足は問わない。,8,2.0,40960,2020-08-04 01:00:00,long,106.16,105.58,106.471,105.906,5.810987359150556,0.6341189674522945,0.4495575221238791,5,7,1.4,2,106.146,105.906,1.5652491203098713,0.091306198684717,0.3428571428571428,True,0,1,H4逆,105.87533395497422,40943-40948-40955,40961,2020-08-04 02:00:00,106.159,fixed_1_5R,106.58449906753869,1.499999999999975,40966,2020-08-04 07:00:00,105.87533395497422,SL,5,0.2836660450257824,-1.0,-1.0352527212027862,IS_2014_2024,2020,8,2
USDJPY,H1,base,50%-88.6%戻し + 圧縮ボックス再ブレイク。上位足は問わない。,8,2.0,41062,2020-08-10 07:00:00,long,105.99,105.479,106.055,105.711,5.456368841040059,0.5972222222222288,0.8110465116278769,8,7,0.875,7,105.925,105.723,1.9135182393924783,0.615736067131227,0.4999999999999052,True,0,0,H4中立,105.68988705779316,41037-41045-41052,41063,2020-08-10 08:00:00,105.988,fixed_1_5R,106.43516941331023,1.4999999999999762,41093,2020-08-11 14:00:00,106.43516941331023,TP,30,0.2981129422068278,1.4999999999999762,1.4664556663458774,IS_2014_2024,2020,8,8
USDJPY,H1,base,50%-88.6%戻し + 圧縮ボックス再ブレイク。上位足は問わない。,8,2.0,41993,2020-10-02 02:00:00,long,105.627,105.442,105.727,105.506,3.8475732083051186,0.7754385964912115,0.5475113122171634,2,8,4.0,2,105.609,105.506,1.3905264577382133,0.2430046236824285,0.7450980392155934,True,1,0,H4順,105.4911854670687,41978-41980-41988,41994,2020-10-02 03:00:00,105.626,fixed_1_5R,105.82822179939696,1.5,41996,2020-10-02 05:00:00,105.4911854670687,SL,2,0.1348145329313013,-1.0,-1.074175979269881,IS_2014_2024,2020,10,3
USDJPY,H1,base,50%-88.6%戻し + 圧縮ボックス再ブレイク。上位足は問わない。,8,2.0,43858,2021-01-22 06:00:00,long,103.622,103.327,103.662,103.477,4.775545179432289,0.552238805970143,0.7837837837837527,2,6,3.0,7,103.611,103.483,1.82468591930543,0.1568089461902486,0.5066666666666035,True,0,1,H4逆,103.462970188223,43840-43842-43848,43859,2021-01-22 07:00:00,103.621,fixed_1_5R,103.85804471766548,1.5,43866,2021-01-22 14:00:00,103.85804471766548,TP,7,0.1580298117769984,1.5,1.4367208004138974,IS_2014_2024,2021,1,7
USDJPY,H1,base,50%-88.6%戻し + 圧縮ボックス再ブレイク。上位足は問わない。,8,2.0,45314,2021-04-18 21:00:00,short,108.726,108.964,108.702,108.896,3.109830367664505,0.7404580152671842,0.8762886597938114,3,3,1.0,5,108.896,108.744,1.804176396507661,0.2136524680074928,0.5675675675674949,True,1,0,H4順,108.9128497936559,45300-45303-45306,45315,2021-04-18 22:00:00,108.79,fixed_1_5R,108.60572530951616,1.5,45318,2021-04-19 01:00:00,108.60572530951616,TP,3,0.1228497936558881,1.5,1.4185997818767064,IS_2014_2024,2021,4,22
USDJPY,H1,base,50%-88.6%戻し + 圧縮ボックス再ブレイク。上位足は問わない。,8,2.0,45387,2021-04-21 22:00:00,short,108.031,108.28,107.975,108.196,3.2322950676856745,0.724590163934422,0.7466063348415807,5,2,0.4,5,108.196,108.045,1.600251000722996,0.1483676424510978,0.657894736841938,True,1,0,H4順,108.21487203944028,45372-45377-45379,45388,2021-04-21 23:00:00,108.03,fixed_1_5R,107.75269194083958,1.5,45405,2021-04-22 16:00:00,108.21487203944028,SL,17,0.1848720394402789,-1.0,-1.0540914679703164,IS_2014_2024,2021,4,23
USDJPY,H1,base,50%-88.6%戻し + 圧縮ボックス再ブレイク。上位足は問わない。,8,2.0,45971,2021-05-26 06:00:00,long,108.87,108.559,109.07,108.699,6.276128170282305,0.7260273972602705,0.460916442048541,6,6,1.0,8,108.827,108.723,1.2773333262414093,0.5281282021960496,0.7156862745098503,True,0,1,H4逆,108.68271607506615,45948-45954-45960,45972,2021-05-26 07:00:00,108.871,fixed_1_5R,109.15342588740074,1.5000000000000375,45982,2021-05-26 17:00:00,109.15342588740074,TP,10,0.1882839249338275,1.5000000000000375,1.4468887213632375,IS_2014_2024,2021,5,7
USDJPY,H1,base,50%-88.6%戻し + 圧縮ボックス再ブレイク。上位足は問わない。,8,2.0,46241,2021-06-10 12:00:00,long,109.647,109.224,109.678,109.45,5.059384423489117,0.5022026431718011,0.8640350877193314,11,6,0.5454545454545454,3,109.579,109.45,1.4375783934582782,0.7577932616681187,0.5123966942149056,True,1,0,H4順,109.43205315263684,46218-46229-46235,46242,2021-06-10 13:00:00,109.646,fixed_1_5R,109.96692027104476,1.4999999999999667,46243,2021-06-10 14:00:00,109.43205315263684,SL,1,0.2139468473631751,-1.0,-1.0467405812389274,IS_2014_2024,2021,6,13
USDJPY,H1,base,50%-88.6%戻し + 圧縮ボックス再ブレイク。上位足は問わない。,8,2.0,47862,2021-09-14 01:00:00,long,110.079,109.8,110.158,109.898,6.051288306742612,0.7262569832402295,0.6961538461538224,10,7,0.7,8,110.05,109.962,1.48746751674108,0.4901881589260104,0.8461538461539092,True,1,0,H4順,109.8861678088416,47834-47844-47851,47863,2021-09-14 02:00:00,110.078,fixed_1_5R,110.3657482867376,1.499999999999963,47873,2021-09-14 12:00:00,109.8861678088416,SL,10,0.1918321911584115,-1.0,-1.0521288942153253,IS_2014_2024,2021,9,2
USDJPY,H1,base,50%-88.6%戻し + 圧縮ボックス再ブレイク。上位足は問わない。,8,2.0,48377,2021-10-13 12:00:00,long,113.66,113.0,113.786,113.347,6.485948499932676,0.558524173027998,0.7129840546696977,6,14,2.3333333333333335,7,113.611,113.4,1.741138846674024,0.4043403008863246,0.4034482758620265,True,1,0,H4順,113.3227629897922,48347-48353-48367,48378,2021-10-13 13:00:00,113.661,fixed_1_5R,114.16835551531167,1.5,48379,2021-10-13 14:00:00,113.3227629897922,SL,1,0.3382370102077914,-1.0,-1.0295650673882422,IS_2014_2024,2021,10,13
USDJPY,H1,base,50%-88.6%戻し + 圧縮ボックス再ブレイク。上位足は問わない。,8,2.0,48631,2021-10-28 02:00:00,short,113.605,114.312,113.387,113.869,7.280107373472393,0.521081081081082,0.5477178423236435,23,7,0.3043478260869565,3,113.869,113.67,1.5662068835902665,0.5115751127304761,0.5530303030302908,True,0,1,H4逆,113.8944117131121,48595-48618-48625,48632,2021-10-28 03:00:00,113.606,fixed_1_5R,113.17338243033184,1.5,48665,2021-10-29 12:00:00,113.8944117131121,SL,33,0.2884117131121115,-1.0,-1.034672655600862,IS_2014_2024,2021,10,3
USDJPY,H1,base,50%-88.6%戻し + 圧縮ボックス再ブレイク。上位足は問わない。,8,2.0,48805,2021-11-08 09:00:00,short,113.39,114.029,113.299,113.665,6.357590799723634,0.5013698630137052,0.7513661202185955,5,9,1.8,3,113.665,113.444,1.9246952969026931,0.4702875386097179,0.6000000000000392,True,1,0,H4順,113.68796467397782,48785-48790-48799,48806,2021-11-08 10:00:00,113.39,fixed_1_5R,112.94305298903328,1.5,48822,2021-11-09 02:00:00,112.94305298903328,TP,16,0.2979646739778161,1.5,1.4664389745720816,IS_2014_2024,2021,11,10
USDJPY,H1,base,50%-88.6%戻し + 圧縮ボックス再ブレイク。上位足は問わない。,8,2.0,50150,2022-01-26 06:00:00,long,113.966,113.667,114.155,113.776,4.972695108734888,0.7766393442623059,0.5013192612137078,7,14,2.0,2,113.929,113.776,1.5590621959763675,0.3770281127523583,0.7272727272726881,True,0,1,H4逆,113.75637281637708,50124-50131-50145,50151,2022-01-26 07:00:00,113.967,fixed_1_5R,114.2829407754344,1.5,50157,2022-01-26 13:00:00,114.2829407754344,TP,6,0.2106271836229325,1.5,1.45252274740618,IS_2014_2024,2022,1,7
USDJPY,H1,base,50%-88.6%戻し + 圧縮ボックス再ブレイク。上位足は問わない。,8,2.0,52690,2022-06-23 01:00:00,short,135.823,136.625,135.68,136.303,3.686410921903856,0.6592592592592539,0.7704654895666085,7,5,0.7142857142857143,4,136.303,135.866,1.7047212411343236,0.1677414493564978,0.8798586572437513,True,0,1,H4逆,136.35426937935134,52671-52678-52683,52691,2022-06-23 02:00:00,135.825,fixed_1_5R,135.03109593097298,1.4999999999999731,52701,2022-06-23 12:00:00,135.03109593097298,TP,10,0.5292693793513479,1.4999999999999731,1.4811060295755996,IS_2014_2024,2022,6,2
USDJPY,H1,base,50%-88.6%戻し + 圧縮ボックス再ブレイク。上位足は問わない。,8,2.0,53749,2022-08-24 04:00:00,short,136.484,137.641,135.804,137.038,6.906170516245554,0.6717474142623931,0.4489465153970811,2,11,5.5,0,137.038,136.608,1.6165777474064524,0.4661759085543934,0.6813417190775388,True,0,1,H4逆,137.09119880230816,53733-53735-53746,53750,2022-08-24 05:00:00,136.484,fixed_1_5R,135.57320179653777,1.500000000000023,53758,2022-08-24 13:00:00,137.09119880230816,SL,8,0.6071988023081474,-1.0,-1.0164690706931203,IS_2014_2024,2022,8,5
USDJPY,H1,base,50%-88.6%戻し + 圧縮ボックス再ブレイク。上位足は問わない。,8,2.0,58736,2023-06-12 01:00:00,long,139.544,138.757,139.723,139.028,5.829540555619471,0.7194616977225835,0.7424460431654727,9,4,0.4444444444444444,10,139.484,139.241,1.46643722051293,0.3620832643242014,0.6714975845411317,True,1,0,H4順,138.99485845168127,58710-58719-58723,58737,2023-06-12 02:00:00,139.545,fixed_1_5R,140.37021232247807,1.5,58807,2023-06-15 00:00:00,140.37021232247807,TP,70,0.5501415483187202,1.5,1.4818228598975087,IS_2014_2024,2023,6,2
USDJPY,H1,base,50%-88.6%戻し + 圧縮ボックス再ブレイク。上位足は問わない。,8,2.0,59030,2023-06-28 07:00:00,long,144.074,143.298,144.174,143.728,4.951034916880303,0.5091324200913191,0.7757847533632404,2,9,4.5,4,144.048,143.728,1.8085972299105648,0.1469485249302956,0.3493975903615228,True,1,0,H4順,143.6926134590159,59012-59014-59023,59031,2023-06-28 08:00:00,144.073,fixed_1_5R,144.64357981147617,1.4999999999999627,59053,2023-06-29 06:00:00,144.64357981147617,TP,22,0.3803865409841194,1.4999999999999627,1.4737109520906455,IS_2014_2024,2023,6,8
USDJPY,H1,base,50%-88.6%戻し + 圧縮ボックス再ブレイク。上位足は問わない。,8,2.0,60128,2023-08-31 01:00:00,short,145.855,146.535,145.558,146.291,4.983100672530652,0.7502558853633584,0.5948158253751769,5,6,1.2,3,146.291,145.949,1.7443402558908896,0.4794385498648839,0.7335640138408512,True,0,1,H4逆,146.33021253308752,60111-60116-60122,60129,2023-08-31 02:00:00,145.855,fixed_1_5R,145.1421812003687,1.5,60163,2023-09-01 12:00:00,145.1421812003687,TP,34,0.4752125330875287,1.5,1.4789567839572342,IS_2014_2024,2023,8,2
USDJPY,H1,base,50%-88.6%戻し + 圧縮ボックス再ブレイク。上位足は問わない。,8,2.0,61113,2023-10-27 02:00:00,short,150.171,150.776,150.082,150.438,5.190675074486718,0.5129682997117953,0.75,7,7,1.0,3,150.438,150.252,1.3911607548334226,0.6058280706534636,0.7397260273972123,True,0,1,H4逆,150.46474025979438,61093-61100-61107,61114,2023-10-27 03:00:00,150.169,fixed_1_5R,149.72538961030847,1.499999999999952,61123,2023-10-27 12:00:00,149.72538961030847,TP,9,0.2957402597943712,1.499999999999952,1.4661865448858464,IS_2014_2024,2023,10,3
USDJPY,H1,base,50%-88.6%戻し + 圧縮ボックス再ブレイク。上位足は問わない。,8,2.0,64951,2024-06-10 18:00:00,long,157.079,156.564,157.193,156.743,3.642800240635053,0.7154213036566032,0.7466666666666667,6,7,1.1666666666666667,5,157.062,156.743,1.847461489288725,0.0984540605576774,0.7383177570094227,True,1,0,H4順,156.70846612724006,64930-64936-64943,64952,2024-06-10 19:00:00,157.077,fixed_1_5R,157.6298008091399,1.5,64993,2024-06-12 12:00:00,156.70846612724006,SL,41,0.3685338727599401,-1.0,-1.0271345478370852,IS_2014_2024,2024,6,19
USDJPY,H1,base,50%-88.6%戻し + 圧縮ボックス再ブレイク。上位足は問わない。,8,2.0,65436,2024-07-08 23:00:00,long,160.859,160.26,161.117,160.474,5.711932586486365,0.7502917152858823,0.5987558320373545,6,6,1.0,6,160.835,160.592,1.6196028220725311,0.1599607725503828,0.5069444444444774,True,1,0,H4順,160.44399264304948,65415-65421-65427,65437,2024-07-09 00:00:00,160.859,fixed_1_5R,161.4815110354258,1.5,65452,2024-07-09 15:00:00,161.4815110354258,TP,15,0.4150073569505252,1.5,1.4759040416211633,IS_2014_2024,2024,7,0
USDJPY,H1,base,50%-88.6%戻し + 圧縮ボックス再ブレイク。上位足は問わない。,8,2.0,66828,2024-09-26 23:00:00,long,145.082,144.109,145.212,144.508,3.831731617279358,0.638259292837708,0.8153409090909102,2,5,2.5,1,144.97,144.508,1.6049501425050348,0.389078822425454,0.7638376383763981,True,1,0,H4順,144.4504281181372,66817-66819-66824,66829,2024-09-27 00:00:00,145.081,fixed_1_5R,146.02685782279417,1.5000000000000224,66834,2024-09-27 05:00:00,146.02685782279417,TP,5,0.6305718818627781,1.5000000000000224,1.4841413797734913,IS_2014_2024,2024,9,0
USDJPY,H1,base,50%-88.6%戻し + 圧縮ボックス再ブレイク。上位足は問わない。,8,2.0,67702,2024-11-18 10:00:00,long,154.999,153.838,155.138,154.296,3.3328625084355723,0.647692307692312,0.8349168646080667,1,5,5.0,1,154.97,154.296,1.7279610236042908,0.0743484713420143,0.811594202898482,True,1,0,H4順,154.217988981141,67692-67693-67698,67703,2024-11-18 11:00:00,154.999,fixed_1_5R,156.1705165282885,1.4999999999999818,67717,2024-11-19 01:00:00,154.217988981141,SL,14,0.7810110188590045,-1.0,-1.0128039166650942,IS_2014_2024,2024,11,11
USDJPY,H1,base,50%-88.6%戻し + 圧縮ボックス再ブレイク。上位足は問わない。,8,2.0,67967,2024-12-03 11:00:00,short,149.73,150.747,149.077,150.234,5.5604734130759,0.6928143712574848,0.4356093344857514,11,13,1.181818181818182,3,150.234,149.765,1.5615940303788605,0.1165368679387039,0.7370892018780056,True,1,0,H4順,150.2940668279817,67937-67948-67961,67968,2024-12-03 12:00:00,149.731,fixed_1_5R,148.88639975802744,1.499999999999975,67969,2024-12-03 13:00:00,148.88639975802744,TP,1,0.5630668279817144,1.499999999999975,1.4822401187513574,IS_2014_2024,2024,12,12
USDJPY,H1,base,50%-88.6%戻し + 圧縮ボックス再ブレイク。上位足は問わない。,8,2.0,70266,2025-04-18 15:00:00,short,142.242,143.087,141.899,142.715,8.814681944306127,0.6868686868686958,0.5796568627451124,6,4,0.6666666666666666,18,142.396,142.252,1.0684462962793708,0.0741976594640004,0.6666666666666666,True,1,0,H4順,142.74195502815658,70235-70241-70245,70267,2025-04-18 16:00:00,142.237,fixed_1_5R,141.4795674577651,1.5,70275,2025-04-21 00:00:00,141.4795674577651,TP,8,0.5049550281565871,1.5,1.480196256216128,OOS_2025_2026,2025,4,16
USDJPY,H1,base,50%-88.6%戻し + 圧縮ボックス再ブレイク。上位足は問わない。,8,2.0,71093,2025-06-06 02:00:00,long,143.839,142.772,143.975,143.308,4.141245675171275,0.5544472152950956,0.7961019490254942,4,5,1.25,2,143.79,143.308,1.6592522156546523,0.1686791671516369,0.6705882352940993,True,0,1,H4逆,143.2499015390846,71079-71083-71088,71094,2025-06-06 03:00:00,143.839,fixed_1_5R,144.7226476913731,1.5,71103,2025-06-06 12:00:00,144.7226476913731,TP,9,0.5890984609154089,1.5,1.4830249089694585,OOS_2025_2026,2025,6,3
USDJPY,H1,base,50%-88.6%戻し + 圧縮ボックス再ブレイク。上位足は問わない。,8,2.0,71494,2025-06-30 19:00:00,short,144.035,144.762,143.779,144.509,4.226368889194026,0.7426246185147373,0.6493150684931455,7,6,0.8571428571428571,3,144.509,144.131,1.6251957681742375,0.4127481315998373,0.6666666666666666,True,1,0,H4順,144.55551747283647,71475-71482-71488,71495,2025-06-30 20:00:00,144.032,fixed_1_5R,143.2467237907453,1.500000000000027,71506,2025-07-01 07:00:00,143.2467237907453,TP,11,0.5235174728364598,1.500000000000027,1.4808984407993186,OOS_2025_2026,2025,6,20
USDJPY,H1,base,50%-88.6%戻し + 圧縮ボックス再ブレイク。上位足は問わない。,8,2.0,71585,2025-07-04 14:00:00,long,144.521,143.67,145.212,144.181,8.838491827114712,0.6686121919584802,0.3297769156158898,9,14,1.5555555555555556,5,144.507,144.181,1.868578687185042,0.0802457104925052,0.3860759493669155,True,0,0,H4中立,144.14610716918313,71554-71563-71577,71586,2025-07-04 15:00:00,144.522,fixed_1_5R,145.0858392462253,1.5000000000000375,71601,2025-07-07 06:00:00,145.0858392462253,TP,15,0.3758928308168663,1.5000000000000375,1.4733966727211971,OOS_2025_2026,2025,7,15
USDJPY,H1,base,50%-88.6%戻し + 圧縮ボックス再ブレイク。上位足は問わない。,8,2.0,73361,2025-10-16 14:00:00,short,150.774,151.737,150.512,151.397,4.898954584176708,0.7224489795918326,0.7039548022598835,11,9,0.8181818181818182,2,151.397,150.94,1.827609995892845,0.6638583354884259,0.885869565217317,True,0,1,H4逆,151.4470106697848,73336-73347-73356,73362,2025-10-16 15:00:00,150.776,fixed_1_5R,149.76948399532284,1.5,73376,2025-10-17 05:00:00,149.76948399532284,TP,14,0.6710106697847777,1.5,1.48509710731843,OOS_2025_2026,2025,10,15
USDJPY,H1,base,50%-88.6%戻し + 圧縮ボックス再ブレイク。上位足は問わない。,8,2.0,76813,2026-05-10 22:00:00,long,156.893,156.168,156.99,156.432,5.035670939401423,0.6788321167883447,0.8261648745519629,10,13,1.3,6,156.773,156.485,1.7643226648996555,0.7351344437082623,0.7198275862069056,True,0,1,H4逆,156.39935291047044,76781-76791-76804,76814,2026-05-10 23:00:00,156.893,fixed_1_5R,157.63347063429433,1.4999999999999711,76841,2026-05-12 02:00:00,157.63347063429433,TP,27,0.4936470895295599,1.4999999999999711,1.479742613271487,OOS_2025_2026,2026,5,23
